sku,cost
COVE1ELGBRZ,124.0
85979N,50.15
200671,41.65
200672,75.65
200673,101.15
200674,126.65
20748/05,191.94
20749/05,212.69
NORDIC1,96.33
NORDIC2,96.33
NORDIC3,144.55
NORDIC4,144.55
NORDIC5,192.76
NORDIC6,192.76
MG4231S,160.98
MG4061,90.56
MG4131S,69.11
MW5611BLK,41.08
MW5611BRZ,41.08
A13011BLK,17.63
A13011WHT,17.63
BOTANY-92-LED-D45,716.05
PLYM1EBRZ,74.0
PLYM1EBLK,74.0
HV1087GU10T,45.08
MX4011BLK,22.79
MX4011BGE,22.79
MX4011WHT,22.79
MX4011-BLK-SEN,45.22
MX4011-WHT-SEN,45.22
MX4011-BGE-SEN,45.22
HV1007GU10T,90.79
HV1207GU10T,75.32
HV1287GU10T,39.06
HV1107GU10T,76.23
HV1137GU10T,32.06
HV1387GU10T,71.89
HV1451T,68.11
LOI1000464,47.7
LOI1000027,283.5
LOI1000575,192.6
LOI1000030,409.5
LOI1000033,100.8
LOI1000031,179.1
LOI1000578,319.5
LOI1000586,72.0
LOI1000584,118.8
LOI1000582,146.7
LOI1000565,381.6
LOI1000573,118.8
LOI1000571,148.5
LOI1000569,201.6
LOI1000599,84.6
LOI1000494,288.0
LOI1000493,107.1
LOI1000499,78.3
LOI1000497,113.4
LOI1000496,112.5
LOI1000491,161.1
93994,4.25
LOI1000443,63.0
LOI1000399,75.6
LOI1000400,75.6
LOI1000529,71.1
LOI1000514,61.2
BENS1WW,44.0
BENS1WSC,44.0
LLG95B22-12W-WW,6.5
LLG95B22-12W-DL,6.5
LLA55B22-7W-WW,3.0
LLA55B22-7W-DL,3.0
FRM87,34.41
6N78283011,114.0
6N78283001,114.0
6N78283003,114.0
FD360900WH,30.01
FD360900BC,32.39
LLA65B22-12W-WW,4.5
LLA65B22-12W-DL,4.5
LLA65E27-12W-WW,4.5
LLA65E27-12W-DL,4.5
LLA72B22-15W-DL,6.0
LLA72E27-15W-DL,6.0
HV2826CCT,148.68
AERO1PBLK,72.0
AERO1PWH,72.0
AERO1PSC,92.0
HV3270T-WHT-12V,42.07
HV3270T-BLK-12V,42.07
HV3270T-SLV-12V,42.07
HV9651,14.28
HV9652,21.77
HV9653,33.46
Bonito1,270.75
Bonito2,609.3
Bonito3,1149.55
BE340ESPWH,53.28
BE320ESPWH,53.28
BE330ESPWH,64.41
MXD6711BLK,33.84
MXD6711SIL,33.84
MXD6712BLK,53.88
MXD6712SIL,53.88
LOI1000146,71.1
LOI1000149,63.9
LOI1000397,63.9
LOI1000596,58.5
LOI1000317,152.1
LOI1000315,324.0
LOI1000314,182.7
ANGL1EBLK,71.5
85977,50.15
LOI1000296,449.1
LOI1000297,585.0
LOI1000294,1169.1
LOI1000261,104.4
LOI1000262,130.5
LOI1000249,112.32
LOI1000250,140.4
LOI1000256,309.6
LOI1000258,93.6
LOI1000247A,173.7
LOI1000248A,173.7
LOI1000251A,279.0
LOI1000252A,279.0
LOI1000264,47.7
LOI1000263,38.16
LOI1000606,139.5
LOI1000607,195.3
LOI1000608,320.4
LOI1000609,836.1
LOI1000610,65.7
SL98787CO,179.0
49495,101.15
49496,327.25
LLA60B22-8W-12V-WW,6.0
LLA60E27-8W-12V-DL,6.0
LLA60E27-8W-12V-WW,6.0
OL99441AB,126.0
OL99441BP,126.0
OL99458AB,139.0
OL99458CH,139.0
MA1806SN,7.41
MA1808SN,7.42
MA1806WHITE,7.41
MA1808WHITE,11.67
18562/09,29.05
18562/06,29.05
FC360143BB,199.69
FC368143BB,170.59
8R136001000,400.0
A13041WHT,17.63
A13041BLK,17.63
A13041BC,20.22
A13011BC,19.56
V31RFR,65.17
VERCELLI-3L Black,480.55
VERCELLI-12+8+4L Black,4737.45
FATINA-1L White,134.0
DEVON-5 Chrome,392.55
DEVON-5 Black,299.99
AUSTRA-5L Black,175.8
KLESH-5L Black,229.95
KLESH-21L Black,1177.0
FORME-1L PDT WHITE,182.7
CLAHACAN28WSESFR,2.83
ML7224WHT,199.75
MD510B-SW,13.9
MD510W-SW,13.9
MD510S-SW,14.86
BS122ESWWH,59.5
BS124ESWWH,76.5
MX88011S,67.25
MW1811RWHT,17.64
MW1811RBLK,17.64
MW1811SWHT,17.64
MW1811SBLK,17.64
LOI1000583,195.12
LOI1000585,234.0
LOI1000329,202.5
LOI1000330,202.5
LOI1000327,179.1
LOI1000328,179.1
LOI1000335,270.0
LOI1000336,270.0
LOI1000333,269.1
LOI1000334,269.1
LOI1000123,216.0
LOI1000122,405.0
LOI1000121,269.1
LOI1000140,43.2
LOI1000141,54.0
LOI1000134,108.0
LOI1000135,135.0
LOI1000131,112.5
LOI1000138,160.56
LOI1000139,200.7
LOI1000803,671.04
LOI1000804,1115.28
LOI1000800,162.0
SG71201BK,85.0
SG71202BK,135.0
LOI1000136,333.9
LOI1000137,407.7
LOI1000809,605.7
LOI1000808,539.1
LOI1000807,928.8
LOI1000811,342.9
LOI1000810,359.1
HV3281T-SS316-12V,58.73
HV3281T-AB-12V,58.73
LOI1000814,122.4
LOI1000813,180.0
LOI1000815,210.6
LOI1000819,353.7
LOI1000817,225.0
204581,82.875
FD360900BK,27.53
SPY1253NBL,138.635
HAR1204TI,126.98
LUX01-W-LUX03BL-SH,189.0
LUX01-W-LUX03W-SH,189.0
LUX01-W-LUX03B-SH,189.0
LUX03-P-LUX03W-SH,351.0
LUX03-P-LUX03BL-SH,351.0
LUX03-P-LUX03G-SH,351.0
LUX03-P-LUX03B-SH,351.0
LUX05-P-PNTUBE,423.0
HAR1204WH,120.855
WAL75-DC,212.205
MAD1ELGBLK,120.0
MAD1ELGBRZ,120.0
24039,765.0
FD250900BK,34.0
FD250900WH,34.0
FD250900BS,34.0
MX1210O-CCT,14.01
XSEN003MW-BLK,21.5
MW2902BLK-CCT,45.94
MW2902WHT-CCT,45.94
MP3531S,38.5
XSEN005PIR,17.12
XSEN002PIR,16.81
22001,32.37
5520005,25.4915
BICH1EBLK,76.5
CALG2EBLK,59.0
CALG2ESLV,59.0
MX5911CCT,38.34
A49731BLK,83.56
A49721BLK,88.19
A89391BLK-3,60.06
A86321BLK,80.7
A86321WHT,83.81
MXD5612R-BLK,39.42
A13041YEL,9.28
MP3731S,94.47
MP3731L,155.85
ML10028CCT,21.93
ML10040CCT,34.9
MX1210R-CCT,16.08
MX1210R-CCT-SEN,31.75
MP6937,42.67
LOI1001099,238.5
LOI1001097,378.9
LOI1001100,409.5
LOI1001098,168.3
HV5530T-WHT,26.11
METI01,1335.19
METI02,821.64
METI03W,383.38
AMELIA OY28-3C,44.5825
AMELIA OY40-3C,62.7725
BE3400SPWH,39.06
BE3500SPWH,43.8
OBE07-W,94.0
HV1097GU10T,140.14
HV1297GU10T,96.95
HV1197GU10T,91.84
HV1397GU10T,183.33
ST02B-W-ST01BL-SH,135.0
ST01B-W-ST01BL-SH,99.0
ST01B-W-ST01N-SH,99.0
ST01B-W-BRTUBE,81.0
PVPXHF250RDR,105.63
PVPXHF200RDR,79.135
PVPXHF250SQR,105.63
PVPXHF200SQR,79.135
94831,80.75
SAH31WH,318.675
SAH31BL,318.675
32917,84.15
16324,62.135
16318,62.135
16320,68.34
25709,92.99
FC990186GRKIT,331.05
FC990216GRKIT,361.9
FD476240GR,76.25
FD476090GR,34.08
FD476180GR,53.14
FC990216BCKIT,372.96
FC990186BCKIT,342.13
FLF4781BC,59.99
FD476090BC,31.77
FD476180WH,50.83
HV9658-24V300W,125.09
203369,297.39
203371,297.39
202969,332.1
202971,332.1
203372,327.57
203373,327.57
202972,362.29
202979,42.0
203375,78.6
203376,42.0
6N43293003,150.0
6N43293001,150.0
6N43293010,150.0
RYE EX20-BRS,153.7225
RYE EX27-BRS,271.9575
LOI1001373,101.7
LOI1001376,101.7
LOI1001372,53.1
LOI1001375,53.1
LOI1001167,44.1
LOI1001168,44.1
LOI1001169,155.7
LOI1001171,206.1
LOI1001170,155.7
LOI1001172,206.1
LOI1000442,98.1
LOI1000148,63.9
LOI1000463,86.4
LOI1001221,63.9
LOI1001149,101.7
LOI1000147,90.0
LOI1001395,95.4
LOI1001394,128.7
LOI1001393,139.5
LOI1001392,128.7
LOI1001113,89.1
LOI1001101,84.6
LCG45B15-4W-DL,3.5
LCG45B15-4W-WW,3.5
LCG45B22-4W-DL,3.5
LCG45B22-4W-WW,3.5
LCG45E14-4W-DL,3.5
LCG45E14-4W-WW,3.5
LCG45E27-4W-DL,3.5
LCG45E27-4W-WW,3.5
KOBE16WLED3000K,34.9
KOBE27WLED3000K,39.9
LOI1001096,206.1
LOI1001112,122.4
LOI1001110,97.92
LOI1001111,106.56
200693,21.25
200694,29.75
200695,38.25
49991N,293.25
97366,97.75
FC368163WH,159.35
FC368163BB,164.35
97368,327.25
FC360163BB,305.62
202938,94.35
202939,113.05
206109,73.95
206111,94.35
206112,113.05
83433,33.15
49772,177.65
49771,157.25
abbey1,232.76
abbey2,260.14
HV9506D,9.59
96477,92.65
49468,61.625
94187,58.65
96566,78.625
202779,78.625
203622,158.33
202622,4.25
202624,4.25
202628,2.55
202626,6.1625
203905N,19.975
32918N,84.15
97296,118.15
HV1117GU10T,96.95
HV1217GU10T,102.2
HV1317GU10T,192.08
HV1491T,94.92
HV1494T,200.69
SUNB1000BL,110.74
SUNB2000BL,126.665
HV1494RGB,200.69
VSH2400,373.8
VSH1800-R,297.885
PVP31HLXWH,385.77
11323,112.67
11344,160.08
12309,163.81
12310,178.18
12215,13.27
12282,15.92
VEDLKWH,109.34
VATK150,112.245
VMFIL100,71.47
VMFIL200,172.795
VMFIL150,113.26
HV2826-D-12W,28.63
20682/05,38.48
20684/05,43.68
20686/05,54.08
20688/05,59.28
A29111,61.74
AIP2661,344.96
GRA06-W,99.0
GRA10-P,612.0
GRA01-T,126.0
203621,126.13
203619,126.13
203625,132.22
203624,132.22
203627,161.98
203626,161.98
P3B2571,186.34
P3B2575,200.97
203628,30.0
203631,30.0
205127,46.0
DC2460,33.11
DC2461,33.11
TBF0861,1154.23
TBF0862,1154.23
DC2470,81.62
DC2471,81.62
TBF1061,1385.23
TBF1062,1385.23
A2002,56.21
A2003,64.68
A3520,68.53
HV3684T-BLK,122.43
HV3684T-WHT,122.43
HV3683T-WHT,111.58
HV3683T-BLK,111.58
HV3681T-BLK,78.54
HV3681T-WHT,78.54
SPY1253BL-L,188.335
SPY1253WH-L,188.335
SPY1423BL-L,218.155
SPY1423BAM-L,268.8
SPY903WH-L,178.99
20684716,342.17
20684707,342.17
20684816,376.82
20684807,376.82
20684916,368.16
20684907,368.16
20685116,402.81
20715/05,68.64
NIGHT01,10.37
FC360143RB,216.81
31350,74.885
31351,74.885
31352,74.885
31395,56.015
31396,56.015
31367,124.015
31366,124.015
HV5530T-BLK,26.11
HV1187GU10T,34.72
WBF110,3.16
WBF145,3.6
HV9911,40.11
HV9913,33.04
HV9912,52.64
HV1071T,41.58
HV1171T,33.81
HV1271T,35.63
HV1072T,41.58
HV1172T,33.81
HV1272T,35.63
HV1372T,78.82
8R152003019,445.0
8R152003001,445.0
8R152003000,445.0
8R152003059,445.0
8R152003067,445.0
8R152003053,445.0
8R152003065,445.0
LFGU10D-12W-DL,11.0
LFGU10D-12W-WW,11.0
20368,87.21
20367,87.21
20366,76.245
HV9693-1806-3M,40.67
HV1401T,79.87
HV1402T,50.47
HV1409T,39.55
HV1412T,88.13
Hv9507,9.59
LOI1000292,2160.0
HV1413T,113.4
HV1423T,60.55
HV1425T,80.57
HV1421T,33.67
HV1427T,33.67
HV1428T,21.14
20114,68.765
20794,26.98
HV1458T,63.0
HV1462T-BLK,50.47
HV1487T,37.87
HV1489T-TTM,54.39
HV1489T-BLK,54.39
HV1607,16.38
WAL01-W,90.0
CLA05-W,99.0
AMA02-W,99.0
ALB03-W,72.0
MAN08-W,98.0
UA4240/3000WH,45.0
UA4240/4000WH,45.0
43194,341.275
49473N,58.65
49549N,279.65
49074N,47.175
49071N,47.175
33345N,64.175
97845N,121.125
97841N,169.15
HV1602T-BLK,69.72
HV1601T-BLK,69.72
HV1603-SS316,74.97
HV1603-BLK,40.04
HV1603-AB,84.0
HV1601T-TTM,74.83
HV1602T-TTM,74.83
HV1601T-AB,151.13
HV1602T-AB,151.13
HV1601T-SS316,124.74
HV1602T-SS316,124.74
113046,17.425
110063,15.5125
OL93721BK,119.8
OL93721WH,119.8
OL92631BK,111.8
OL92631WH,111.8
98653,233.75
98654,534.65
HV9511W,9.31
HV9511C,9.31
202973,362.29
204353,372.0
204351,356.0
"SYCAMORE 54"" White",417.0
"SYCAMORE 54"" Black",417.0
"SYCAMORE 54"" Brushed Chrome",417.0
204156,198.45
204154,152.25
204158,260.77
204159,260.77
204152,86.1
204153,103.95
94832,92.65
HV5812T-BLK,43.26
HV5812T-WHT,43.26
HV5823T-WHT,94.01
HV5825T-BLK,173.95
HV5825T-WHT,173.95
BH152ESWBK,213.9
BH152ESWWH,213.9
HV5813T-BLK,57.12
HV5813T-WHT,57.12
HV5702T-BLK,24.29
HV5702T-WHT,24.29
HV5823T-BLK,94.01
HV5815T-BLK,77.49
HV5815T-WHT,77.49
94788,84.15
97261,97.75
HV1605T-BLK-12V,67.76
HV1605T-BLK-240V,67.76
HV1605T-SS316-12V,67.76
HV1605T-SS316-240V,67.76
MWL002BLK,16.21
MWL002WHT,15.55
HV1608T-BLK-12V,161.35
HV1608T-BLK-240V,161.35
HV1608T-SS316-12V,161.35
HV1608T-SS316-240V,161.35
HV1615T-BLK-12V,67.76
HV1615T-BLK-240V,67.76
HV1615T-SS316-12V,67.76
HV1615T-SS316-240V,67.76
HV1616T-BLK-240V,130.41
HV1616T-SS316-240V,130.41
HV1618T-BLK-12V,161.35
HV1618T-BLK-240V,161.35
HV1618T-SS316-12V,161.35
HV1618T-SS316-240V,161.35
HV1825T-SQ,57.96
HV1701T,57.96
HV1706T,57.96
HV1801T,57.96
HV1806T,57.96
HV1825T,57.96
HV1827T,73.99
HV1829T,180.53
HV1828T,84.84
HV1842T,92.4
HV1841T,68.11
HV1843T,122.64
HV1845T,155.33
HV1847T,158.69
HV19012T-SS316,95.34
HV19032T-SS316,95.34
HV19012T-CP,110.04
HV19012T-BLK,95.34
HV19022T-SS316,95.34
HV19042T-SS316,95.34
HV19022T-CP,110.04
HV19022T-BLK,95.34
HV19062T,100.31
HV19072T,100.31
HV19082T,100.31
HV19092T,100.31
HV19102T,100.31
6N47303001,205.0
6N47313001,205.0
AIPL2668,394.24
AIP2664,439.67
AIP2665,439.67
SKY1203WH,170.625
SKYAPPCM,28.315
SKY1203BL,170.625
SKY1303WH,190.085
SKY1503WH,219.415
SKY1203WH-L,209.615
SKY1303WH-L,229.18
SKY1503WH-L,258.37
HV2904T,58.73
HV2903T,58.73
HV2904T-AB,66.85
HV2903T-AB,66.85
HV2924T,24.5
HV2923T,24.5
19985,52.105
19986,52.105
19989,52.105
19990,52.105
19987,52.105
19988,52.105
19991,52.105
19992,52.105
19890,126.565
19891,126.565
19884,169.745
19885,169.745
19882,169.745
19883,169.745
15147,463.845
15146,463.845
15151,463.845
15148,463.845
15170,979.625
15171,979.625
15173,979.625
15175,979.625
15172,979.625
15164,865.215
15165,865.215
15167,865.215
15169,865.215
15166,865.215
15122,148.665
15123,148.665
15125,148.665
15127,148.665
15124,148.665
15176,140.93
15177,140.93
15179,140.93
15181,140.93
15178,140.93
15182,114.75
15183,114.75
15185,114.75
15187,114.75
15184,114.75
15153,662.49
15152,662.49
15155,662.49
15157,662.49
15154,662.49
15140,572.39
15141,572.39
15143,572.39
15145,572.39
15142,572.39
15135,373.575
15134,373.575
15137,373.575
15139,373.575
15136,373.575
15128,148.665
15129,148.665
15130,148.665
15131,148.665
15133,148.665
15116,148.665
15117,148.665
15119,148.665
15121,148.665
15118,148.665
15110,124.27
15111,124.27
15113,124.27
15115,124.27
15112,124.27
39463,883.15
39462,730.15
39458,806.65
39457,509.15
39461,2064.65
39494,730.15
39495,883.15
39493,2064.65
39489,509.15
39492,1376.15
39401,211.65
39402,296.65
39547,1571.65
MC1015,25.0
LCG9-2.5W-WW,5.5
LCG9-2.5W-DL,5.5
FRM86,43.48
MWL001BRS,30.31
MPLS512L,101.83
Pors8p,869.0
9E27LEDST64DC,6.48
VEC1SBLK,19.5
VEC1SWHT,19.5
URB1SBLK,46.0
URB1SWHT,46.0
HV3626T-BLK,131.88
HV3626T-WHT,131.88
HV3625T-BLK,113.4
HV3625T-WHT,113.4
HV1027MR11NW,35.63
HV1007MR11NW,77.84
F1642-SB,41.31
DUH377-BR,108.35
DUP377-BR,139.74
DUW577-BL,158.27
DUP7030-BL,79.13
FB1490,25.18
HV1227MR11NW,31.29
HV1207MR11NW,64.96
HV1327MR11NW,52.01
HV1128T,76.23
HV1108T,136.71
HV1459T-SS316,75.6
HV1127GU10T,32.06
HV1107MR11NW,63.35
HV1459T-AB,84.84
HV1459T-BLK,46.27
HV5892T-BLK-PDT,115.78
HV5892T-WHT-PDT,115.78
HV5893T-BLK-PDT,151.69
HV5893T-WHT-PDT,151.69
HV3003T-BLK-240V,58.94
HV3003T-BLK-12V,58.94
HV3003T-SS316-240V,58.94
HV3003T-SS316-12V,58.94
HV3004T-BLK-240V,58.94
HV3004T-BLK-12V,58.94
HV3004T-SS316-240V,58.94
HV3004T-SS316-12V,58.94
HV5802T-BLK-P,49.0
HV5802T-WHT-P,49.0
HV5803T-BLK-P,67.76
HV5803T-WHT-P,67.76
HV5805T-BLK-P,96.95
HV5805T-WHT-P,96.95
MPLS515BLK,60.0
MTBL019GRY,76.67
A29121WHT,90.09
A29111WHT,61.74
MWL005BLK-3,52.74
MWL005BLK-4,32.18
MWL005WHT-3,32.18
MWL005WHT-4,32.18
MXW1020,28.22
MXW1060,27.08
MTBL023BLK,11.48
BH161ESWBK,210.69
BH161ESWWH,210.69
MXD6512BLK,47.63
MXD6512WHT,47.63
MWL004BLK,30.86
MXD6612BLK,15.82
MXD6624BLK,25.37
MXD6612BLK-SEN,22.78
MXD6624BLK-SEN,32.34
9E27LEDP38WW,8.7
204577,42.5
204579,85.0
MTL011,31.5
MTFL011,54.09
MXW1010,29.53
MXD1020,31.93
MXD1021,40.05
MD8209CCT,10.0
MD8213CCT,23.57
MD8215CCT,27.03
MD8220CCT,32.84
MXD1010,32.78
MXD1011,55.31
MPLS511BLK-S,49.27
MPLS511WHT-S,49.27
MTL002,39.69
A20031AB,12.89
MXD1040,19.85
MXD1041,25.76
MXD1042,19.85
MXD1043,25.76
BE380ESPWH,76.61
BE390ESPWH,90.53
MDIY001BLK,19.9
MDIY001WHT,19.9
MDIY002BLK,13.92
MXB1010CCT,47.1
ML5018Y,21.3
ML5036Y,34.23
MDIY004,30.22
MNL001,16.01
MNL002,16.01
9E27LED19DC,10.74
9E27LEDSP95DC,6.48
9B22LEDSP95DC,6.48
9E27LEDA60DC,6.53
9B22LEDA60DC,5.72
MGL285,2.88
MGL284,2.88
MGL280-D,4.97
MGL282-D,6.48
MGL288B,2.88
MGL289B,2.88
MGL288R,2.88
MGL289R,2.88
MGL288G,2.88
MGL289G,2.88
MGL288Y,2.88
MGL289Y,2.88
MGL288O,2.88
MGL289O,2.88
MGL070WSE,3.33
MGL070DSE,3.33
MGL071WSE,5.51
MGL071DSE,3.88
MGL072WE,4.95
MGL072DE,4.95
MGL075WE,5.77
MGL075DE,5.77
MGL080GW,4.13
MGL082GW,4.13
MGL080GD,4.13
MGL082GD,4.13
MGL090GW,4.33
MGL092GW,4.33
MGL090GD,4.33
MGL092GD,4.33
MLVA001WH,30.86
MD4209WP10,54.77
20264,110.84
20265,110.84
20266,110.84
20267,110.84
20268,110.84
20269,110.84
MX9506BLK-CCT,36.6
MX9512BLK-CCT,46.48
MX9506WHT-CCT,36.6
MX9512WHT-CCT,46.48
BS132ESWWH,82.48
BS134ESWWH,103.76
BE370ESPWH,75.21
BE340ESPBK,47.25
BE350ESPBK,56.18
BE320ESPBK,47.25
BE330ESPBK,56.18
K-2013-18-3L-GD,212.5
5510162-GD,93.4915
203937,163.2
203939,163.2
203424,94.35
203425,113.05
203938,163.2
97793,203.15
39604,155.125
39602,480.25
39605,653.65
12007,96.985
12001,96.985
12003,112.625
12005,112.625
12017,110.585
12011,110.585
12013,131.24
12015,131.24
12027,133.535
12021,133.535
12023,159.545
12025,159.545
31451,70.38
31450,70.38
31452,78.03
31453,78.03
31455,78.03
31456,78.03
31454,78.03
31465,88.57
31464,88.57
31466,94.18
31467,94.18
31469,94.18
31470,94.18
31468,94.18
31479,111.01
31478,111.01
31481,121.125
31482,121.125
31480,121.125
31484,121.125
31483,121.125
19741,73.95
19742,73.95
19735,73.95
19736,73.95
19739,73.95
19740,73.95
19737,73.95
19738,73.95
19733,73.95
19776,67.66
19734,73.95
19777,67.66
19727,73.95
19770,67.66
19728,73.95
19771,67.66
19731,73.95
19774,67.66
19732,73.95
19775,67.66
19729,73.95
19772,67.66
19730,73.95
19773,67.66
19778,67.66
19779,67.66
19782,67.66
19783,67.66
19784,67.66
19785,67.66
19780,67.66
19781,67.66
19766,85.255
19792,78.03
19767,85.255
19793,78.03
19760,85.255
19786,78.03
19761,85.255
19787,78.03
19764,85.255
19790,78.03
19765,85.255
19791,78.03
19762,85.255
19788,78.03
19763,85.255
19789,78.03
31323,251.175
ROKA16WLEDBLK,135.0
ROKA23WLEDBLK,189.0
ROKA16WLEDCH,145.0
ROKA23WLEDCH,199.0
CLOV1PBLK,80.0
CLOV3PBLK,189.0
CLOV1PCH,95.0
CLOV3PCH,215.0
CLOV6PCH,345.0
ARCA1PBLK,114.0
ARCA3PBLK,199.0
ARCA6PBLK,329.0
HELE1PSCL,114.0
OL65963BZ,230.0
OL65933BZ,170.0
OL65705BZ,558.0
OL65901BK,71.0
MD4309WL-CCT,14.35
OL56096BK,378.0
OL56093BK,258.0
SL64415/6BK,380.0
SL64412/4BK,298.0
MD4309WLG-CCT,15.72
43001N,41.65
MARTE1,93.99
MARTE2,93.99
MARTE3,93.99
TUILE1,68.55
TUILE4,114.3
TUILE2,68.55
TUILE5,114.3
TUILE3,68.55
TUILE6,114.3
JEREZ2,74.75
JEREZ2X3R,213.68
JEREZ2X3S,213.68
JEREZ1,74.75
JEREZ1X3R,213.68
JEREZ1X3S,213.68
BROTE1,77.96
BROTE2,77.96
ESPEJO1,56.58
ESPEJO1X3R,160.25
ESPEJO2,56.58
ESPEJO2X3R,160.25
ESPEJO2X3S,160.25
204516,21.25
PASTILLE1,45.69
PASTILLE2,45.69
OL60914/40BK,105.0
HV3645T-BLK-240V,29.4
HV3645T-BLK-12V,29.4
HV3645T-WHT-240V,29.4
HV3645T-WHT-12V,29.4
HV3646T-BLK-240V,38.43
HV3646T-BLK-12V,38.43
HV3646T-WHT-240V,38.43
HV3646T-WHT-12V,38.43
HV3647T-WHT-240V,38.43
HV3647T-WHT-12V,38.43
HV3647T-BLK-240V,38.43
HV3647T-BLK-12V,38.43
HV3648T-BLK-240V,49.0
HV3648T-BLK-12V,49.0
HV3648T-WHT-240V,49.0
HV3648T-WHT-12V,49.0
LOI1001573,554.4
LOI1001177,369.0
LOI1001179,538.2
LOI1001178,517.5
LOI1001180,202.5
LOI1000427,233.1
LOI1000426,349.2
LOI1001106,44.1
LOI1001109,65.52
LOI1001107,44.1
LOI1001108,65.52
LOI1001428,76.5
LOI1001481,74.7
LOI1001480,53.1
HV9658-24V200W,99.61
HV9658-12V200W,99.61
LOI1001292,116.1
LOI1001294,293.04
LOI1001295,863.1
LOI1001530,69.12
LOI1001529,71.1
LOI1001528,129.6
LOI1001526,125.28
LOI1001525,129.6
LOI1001527,138.96
LOI1001434,90.9
LOI1001433,116.1
LOI1001432,151.2
LOI1001431,162.0
LOI1001430,151.2
LOI1001201,118.8
LOI1001204,118.8
LOI1001203,127.8
LOI1001202,136.8
LOI1001205,118.8
LOI1000110,155.7
LOI1000341,198.9
LOI1000032,69.3
LOI1000029,178.2
LOI1000028,269.1
OL99441BK,126.0
OL99458BK,139.0
LOI1000492,115.2
LOI1000577,149.4
LOI1000576,176.4
LOI1000564,178.2
LOI1000563,232.2
LOI1001410,96.3
LOI1001414,77.04
LOI1001412,115.2
LOI1001416,115.2
LOI1001411,104.4
LOI1001413,130.5
LOI1001417,104.4
HV5803T-WHT,53.06
HV5822T-WHT,65.66
HV5822T-BLK,65.66
HV5824T-WHT,130.48
HV5824T-BLK,130.48
HV1017GU10T,140.14
ORIGAMI1,81.17
ORIGAMI2,81.17
ORIGAMI3,81.17
ORIGAMI4,125.58
ORIGAMI5,125.58
ORIGAMI6,125.58
VINUM1,63.0
VINUM2,63.0
TRATTINO2,74.75
TRATTINO2X3R,220.1
TRATTINO2X3S,220.1
TRATTINO1,74.75
TRATTINO1X3R,220.1
TRATTINO1X3S,220.1
VINUM1W,60.86
VINUM2W,60.86
TULIP2,90.79
TULIP2X3R,267.12
TULIP2X3S,267.12
TULIP1,90.79
TULIP1X3R,267.12
TULIP1X3S,267.12
PATERA1,125.58
PATERA2,125.58
PATERA3,125.58
VAD150,13.965
HV3668T-WHT,66.85
HV3668T-BLK,66.85
HV3669T-WHT,66.85
HV3669T-BLK,66.85
HV3637T-WHT,69.79
HV3637T-BLK,69.79
HV3639T-WHT,52.92
HV3639T-BLK,52.92
HV3633T-BLK,52.92
HV3633T-SS316,52.92
HV3633T-WHT,52.92
SAH21BL,269.5
SAH21WH,269.5
HV3629T-WHT,155.33
HV3629T-BLK,155.33
HV3628T-WHT,103.32
HV3628T-BLK,103.32
HV3629T-WHT-SQ,164.57
HV3629T-BLK-SQ,164.57
HV3628T-WHT-SQ,111.72
HV3628T-BLK-SQ,111.72
HV4001T-4-WHT,130.41
HV4001T-4-BLK,130.41
HV4001T-4-TTM,135.38
HV4001T-3-BLK,95.34
HV4001T-3-WHT,95.34
HV4001T-3-TTM,101.92
HV4001T-2-WHT,66.85
HV4001T-2-BLK,66.85
HV4001T-2-TTM,73.36
HV5892T-WHT,96.95
HV5893T-WHT,136.99
HV5892T-BLK,96.95
HV5893T-BLK,136.99
HV3658T-BLK-SQ,53.83
HV3658T-WHT-SQ,53.83
HV3658T-WHT-RND,53.83
HV3658T-BLK-RND,53.83
HV2925T-12V,26.11
HV2905T-12V,72.59
HV3272T-BLK-12V,68.88
HV3272T-WHT-12V,68.88
HV3272T-SLV-12V,68.88
HV3642T-BLK-240V,38.43
HV3642T-BLK-12V,38.43
HV3642T-WHT-240V,38.43
HV3642T-WHT-12V,38.43
HV3641T-BLK-240V,29.4
HV3641T-BLK-12V,29.4
HV3641T-WHT-240V,29.4
HV3641T-WHT-12V,29.4
HV3644T-BLK-240V,49.0
HV3644T-BLK-12V,49.0
HV3644T-WHT-240V,49.0
HV3644T-WHT-12V,49.0
HV3643T-BLK-240V,38.43
HV3643T-BLK-12V,38.43
HV3643T-WHT-240V,38.43
HV3643T-WHT-12V,38.43
HV3278T-BLK-240V,65.52
HV3278T-BLK-12V,65.52
HV3278T-WHT-240V,65.52
HV3278T-WHT-12V,65.52
HV3279T-BLK-240V,73.08
HV3279T-BLK-12V,73.08
HV3279T-WHT-240V,73.08
HV3279T-WHT-12V,73.08
HV1089T-BLK-240V,70.56
HV1089T-TTM-240V,70.56
HV2861B,22.61
HV3225T-BLK,41.3
HV3225T-WHT,41.3
HV3221T-BLK,28.0
HV3221T-WHT,28.0
HV3222T-BLK,28.0
HV3222T-WHT,28.0
HV3223T-BLK,28.0
HV3223T-WHT,28.0
HV3276T-BLK-240V,68.88
HV3276T-BLK-12V,68.88
HV3276T-WHT-240V,68.88
HV3276T-WHT-12V,68.88
HV3275T-BLK-240v,68.88
HV3275T-BLK-12V,68.88
HV3275T-WHT-240V,68.88
HV3275T-WHT-12V,68.88
HV3277T-BLK-240V,68.88
HV3277T-BLK-12V,68.88
HV3277T-WHT-240V,68.88
HV3277T-WHT-12V,68.88
HV3271T-BLK-12V,50.47
HV3271T-WHT-12V,50.47
HV3271T-SLV-12V,50.47
HV3283T-BRZ,106.4
HV3283T-SS316,106.4
HV3283T-BLK,106.4
HV3283T-WHT,106.4
HV3665T-BLK,95.34
HV3665T-WHT,95.34
HV3661T-BLK,95.34
HV3661T-WHT,95.34
HV3264W,79.87
HV9693-1707,10.29
HV9693-1707-BLK-3M,21.32
HV9693-1707-WHT-3M,21.32
HV9693-1612,14.0
HV9693-1612-3M,36.96
HV9693-1815,10.29
HV9693-1815-BLK-3M,21.32
HV9693-1815-WHT-3M,21.32
HV9693-1815-3M,19.11
HV9693-1506-3M,34.65
HV9693-0607-3M,22.19
HV9693-0915-3M,25.2
HV9693-1007-3M,22.19
HV9693-1707-3M,19.11
HV9693-2310-3M,42.14
HV9693-2320-3M,51.8
HV9693-2114-3M,36.96
HV9693-3537-3M,58.38
HV9693-3537-BLK-3M,66.64
HV9693-3537-WHT-3M,66.64
HV9705-9953,8.75
HV9693-3537-BLKSD,7.77
HV9693-4511-3M,64.4
HV9692-1930-3M,63.84
HV9692-1930-CR,3.92
99464N,84.15
43468N,322.15
205026,449.65
205027,1078.65
43163N,254.15
43162N,109.65
43168N,254.15
205122,16.15
204955,8.5
205008,58.65
205009,89.25
205011,106.25
205012,58.65
205013,89.25
205014,106.25
205159N,58.65
900136N,79.475
900137N,92.65
HV9693-3890-3M,81.62
HV9693-3890-WHT-3M,86.87
HV9693-3890-BLK-3M,86.87
HV9691-1010-3M,22.19
HV9691-1616-3M,19.11
HV9691-1616-WHT-3M,21.32
HV9691-1616-BLK-3M,21.32
HV9691-3030-3M,47.32
HV9695-2507-3M,19.11
HV9695-2507-WHT-3M,21.32
HV9695-2507-BLK-3M,21.32
HV9695-2515-3M,19.11
HV9695-2515-BLK-3M,21.32
HV9695-2515-WHT-3M,21.32
HV9695-2520-3M,42.14
HV9695-2810-3M,42.14
HV9695-4435-3M,53.27
HV9695-4540-3M,65.94
HV9695-9835-3M,101.08
HV9693-1808-3M,36.96
HV9693-1812-3M,36.96
HV9698-1908-3M,41.51
HV9698-2626-3M,65.94
HV9665-12V4W,12.46
HV9665-24V4W,12.46
HV9666-12V20W,14.7
HV9666-24V20W,14.7
HV9666-12V30W,20.93
HV9666-24V30W,20.93
HV9667-12V60W,31.99
HV9667-24V60W,31.99
HV9667-12V75W,46.2
HV9667-24V75W,46.2
GRAZ2ECHA,97.5
HV9650S,13.09
HV9652-24V,21.77
HV9653-24V,33.46
HV9654,54.6
HV9654-24V,54.6
HV9658-12V150W,78.68
HV9658-24V150W,78.68
HV9658-12V275W,125.09
HV9658-12V60WS,39.48
HV9658-24V60WS,39.48
HV9658-12V95WS,53.27
HV9658-24V95WS,53.27
HV9660-12V30W,38.57
HV9660-24V30W,38.57
HV9660-12V60W,62.79
HV9660-24V60W,62.79
HV9660-12V100W,104.16
HV9660-24V100W,104.16
HV9660-12V150W,132.3
HV9660-24V150W,132.3
HV9660-12V200W,152.25
HV9660-24V200W,152.25
HV9660-12V300W,176.89
HV9660-24V300W,176.89
ORPH1PSGLD,118.5
RAMO1WWHT,102.0
RAMO1WCH,115.0
YORK1EBLK,86.0
YORK1EBRZ,86.0
YORK1EWHT,86.0
MAD1ELGWHT,120.0
MAD1ESMWHT,86.0
COVE1ELGWHT,124.0
CORD1W,99.5
BERN1PSBLK,39.0
BERN1PMBLK,59.0
HV3659W-SS316,50.61
HV3659W-BLK,50.61
HV3659W-WHT,50.61
204794,271.34
204795,271.34
204751,20.0
204752,28.0
5516007-BLK,50.9915
5510130-BLK-3K,118.9915
5510130-BLK-5K,118.9915
5510130-GD-3K,118.9915
204801,306.06
204802,306.06
204782,245.92
204787,280.69
204788,280.69
204807,239.2
204808,279.2
HV3591T-BLK,62.51
HV3591T-WHT,62.51
HV3592T-WHT,75.18
HV3592T-BLK,75.18
HV3593T-WHT,87.85
HV3593T-BLK,87.85
HV3594T-WHT,107.59
HV3594T-BLK,107.59
HV36051T-BLK,55.79
HV36051T-WHT,55.79
HV36052T-BLK,80.71
HV36052T-WHT,80.71
HV36053T-WHT,104.23
HV36053T-BLK,104.23
HV36012T-BLK,47.32
HV1028T,109.06
HV1008T,172.2
HV1228T,84.84
HV1208T,142.8
HV5528T-BLK,22.19
HV5522T-WHT,13.51
HV5528T-WHT,22.19
HV5522T-BLK,13.51
5516010-BLK,84.9915
DC - 3 Matt Black,314.0
DC - 3 Matt Black with Light,383.0
DC - 3 Matt Nickel,314.0
DC - 3 Matt Nickel with Light,383.0
DC - 3 Matt White,314.0
DC - 3 Matt White with Light,383.0
"ARTEMIS 58"" Distressed Koa",543.0
"ARTEMIS 58"" White",543.0
"ARTEMIS 58"" Maple",543.0
"ARTEMIS 58"" Brushed Nickel",543.0
Downrod Koa,42.0
Downrod Maple,42.0
Downrod White,42.0
XO300,150.92
XO304,159.39
XOL302,175.56
XOL310,179.41
XOL306,184.03
PVPXHF300RDR,112.245
PVPXHF300SQR,112.245
VTMSENSOR,40.32
SKY1303TK,199.01
SKY1503TK,237.195
SKY1303TK-L,237.195
204405,26.35
HV1606T-BLK-240V,130.41
HV1606T-BLK-12V,130.41
HV1606T-SS316-240V,130.41
HV1606T-SS316-12V,130.41
6N47313047,205.0
6N48973047,250.0
20522501,79.2
20522502,79.2
20522512,79.2
20523212,42.0
20522701,95.2
20522702,95.2
20522712,95.2
20522901,103.2
20522902,103.2
20523101,119.2
20523102,119.2
205222,46.0
20518209,30.0
SLICKTRI1R,29.21
SLICKTRI2R,34.48
SLICKTRI3R,42.56
39545,849.15
204576,82.875
44085,126.65
44086,347.65
205036,517.65
99457N,101.15
31511,399.99
204735,364.65
205307,63.75
205311,420.75
43424N,211.65
98661N,38.675
98663N,97.75
205161N,148.75
98752N,80.75
98754N,194.65
205156N,296.65
98592,347.65
205157,364.65
98687N,84.15
204331,43.775
204332,79.475
204333,106.25
204334,133.025
204326,43.775
204327,79.475
204328,106.25
204329,133.025
202111,41.65
202112,58.65
205209N,29.325
205211N,29.325
MXW1040BLK,32.63
MXW1050BLK,37.92
MXW1040WHT,32.63
MXW1050WHT,37.92
GOLPE1,114.09
GOLPE3,165.96
Golpe2,134.83
Golpe4,176.34
Botanica01,181.69
Botanica02,181.69
MARRAKESH03A,188.05
18599,32.385
18600,32.385
18601,44.115
18602,44.115
18603,72.505
18604,72.505
18605,140.335
18606,140.335
15044,148.665
15045,148.665
15049,148.665
15047,148.665
15046,148.665
15043,148.665
15039,148.665
15038,148.665
15041,148.665
15040,148.665
MPLS001BLK-S,105.83
MPLS001BLK-L,185.2
MPLS516,75.49
MPLS533S,79.28
MWL009BLK,31.49
MWL009BRS,31.49
MTBL031WHT,63.76
MTBL031GRY,64.02
A34121,111.1
6N45053003,91.0
6N48973001,250.0
6N2112703001,40.0
6N2112723001,56.0
6N2112733001,86.0
6N2112703047,40.0
6N2112723047,56.0
6N2112733047,86.0
99624,262.65
99413,225.25
99408,148.75
99353,123.25
204812,12.1125
20523402,95.2
20523405,95.2
20523406,95.2
20523501,100.0
20523502,100.0
20523505,100.0
20523506,100.0
20523602,106.4
20523606,106.4
20523701,111.2
20523702,111.2
20523705,111.2
20523706,111.2
204763,58.225
204765,73.525
204762,34.425
204764,41.65
110089,3.3575
110091,3.3575
110092,3.3575
110093,3.3575
110094,3.3575
110079,15.5125
110081,19.3375
110082,22.1
110083,13.6
110086,19.3375
110087,22.1
110088,13.6
110057,18.275
12553,12.75
12554,12.75
12588,12.75
LOI1001244,63.9
LOI1001243,86.4
LOI1001239,94.5
LOI1001238,116.1
LOI1001242,101.7
LOI1001241,120.6
LOI1001235,259.2
LOI1000188,161.28
LOI1000187,161.28
LOI1000567,155.7
LOI1000566,184.5
LOI1000158,547.2
LOI1000580,107.1
LOI1000579,155.7
LOI1000155,581.4
LOI1000490,149.4
LOI1000157,526.5
LOI1000316,187.2
LOI1000313,198.0
LOI1000312,149.76
LOI1000044,75.6
LOI1000043,89.28
LOI1000052,96.48
LOI1000363,83.7
LOI1000527,105.3
LOI1000526,116.1
LOI1000528,105.3
LOI1000513,96.3
LOI1000512,107.1
LOI1000510,96.3
LOI1001400,89.28
LOI1000144,71.1
LOI1000143,89.1
LOI1000145,71.1
LOI1001215,40.5
LOI1001214,49.5
LOI1001213,63.0
LOI1000293,137.7
LOI1000338,152.1
LOI1000340,189.0
9E27LED30,14.39
9B22LED30,14.39
9B22LED29,11.76
9E27LED25,15.56
9B22LED25,15.56
9B22LED26,14.31
9E27LED31,17.69
9E27LED32,15.76
9E27LED28,13.28
9B22LED28,13.28
9E27LED27,14.31
9B22LED27,14.31
9E27LED20,8.38
9E27LED21,8.16
9B22LED21,8.16
9E27LED22,9.2
9B22LED22,9.2
9E27LED23,9.7
9B22LED23,9.7
9E27LED24,10.69
9B22LED24,10.69
20491401,87.2
20491402,87.2
20522302,20.0
20491501,95.2
20491502,95.2
20491702,127.2
20685107,402.81
LOI1001246,148.5
LOI1001245,270.0
110071,10.625
110017,9.35
HV1077GU10T,140.14
HV1277GU10T,96.95
HV3268T-BLK-12V-RND,31.15
HV3268T-WHT-12V-RND,31.15
HV3268T-WHT-12V-SQ,31.15
HV3268T-BLK-12V-SQ,31.15
HV3269T-BLK-12V-RND,43.75
HV3269T-WHT-12V-RND,43.75
HV3269T-BLK-12V-SQ,43.75
HV3269T-WHT-12V-SQ,43.75
20518411,51.2
20518211,30.0
98719N,89.25
205214N,67.15
205215N,67.15
A13021WHT,40.12
A13021BLK,40.12
A13021YEL,37.52
A13022BLK,71.37
A13022WHT,71.37
A13011YEL,16.49
12274,9.35
12275,9.35
12276,9.35
12277,9.35
12555,5.1
12557,5.1
110067,13.6
110065,22.1
110064,19.3375
205203N,23.8
205204N,23.8
205205N,12.75
205206N,12.75
205207N,61.625
205208N,61.625
43166N,143.65
ART1SBLK,24.0
CASS1TLBLK,116.0
HART1EBLK,106.0
DEVO1EBRZ,77.0
CAMB1EBLK,78.0
CAMB1EBRZ,78.0
OXFO1EBRZ,128.0
OXFO1EBLK,128.0
TEMM1EBLK,76.5
RAMA2ECHA,62.0
RAMA2ESLV,62.0
BOWE2EWHT,99.5
BICH1EWHT,76.5
BOWE2EBLK,99.5
SARI2EWHT,102.5
SARI2EBLK,102.5
LYON1ECHA,66.0
LYON1EWHT,66.0
LYON1ESLV,66.0
OTAR2EBLK,64.0
OTAR2EWHT,64.0
REGI1EBLK,35.0
TACO1EBLK,66.0
TACO1ESLV,66.0
MODE1ECHA,29.0
MODE1EWHT,29.0
UMIN2ECHA,62.5
UMIN2EBLK,62.5
UMIN2EWHT,62.5
CHES1EBLK,119.0
CHES1EWHT,119.0
HOLL1SWS,45.5
HOLL1LWS,59.5
LARZ6WLEDWHT,79.5
LARZ12WLEDWHT,129.5
LARZ6WLEDBLK,79.5
LARZ12WLEDBLK,129.5
KIRST1WWHT,49.0
KIRST1WCH,49.0
FIES6WLEDWHT,89.0
FIES12WLEDWHT,139.0
FIES6WLEDBLK,89.0
FIES12WLEDBLK,139.0
DEX12WLEDBLK,179.0
DEX18WLEDBLK,214.0
DEX12WLEDWHT,179.0
DEX18WLEDWHT,214.0
SL66906BK,358.0
SL66906BC,438.0
SL66904BK,298.0
SL66904BC,358.0
SL66901BK,167.0
SL66901BC,199.0
205024,136.2125
205023,97.75
96038,68.425
96037,68.425
FC580133WH,139.28
FC580133BK,139.28
FC587133BK,173.74
EXT12WLEDBLK,169.0
CUB3LT15WLED,185.0
CUB4LT20WLED,214.0
98713N,12.75
205389,12.75
33776N,19.125
205466N,19.125
205467N,38.25
33777N,38.25
205468N,89.25
10741,80.665
RYE EX20-BK,153.7225
RYE EX27-BK,271.9575
SEBRING PE4-BKO,177.6075
SEBRING PE8-BKO,418.5825
SEBRING WB2-BKO,70.5075
EAMON PE8-BKOM,445.3575
EAMON PE8-BRSOM,463.2075
EAMON PE6-BKOM,327.4625
EAMON PE6-BRSOM,334.6875
EAMON WB2-BKOM,97.2825
EAMON WB2-BRSOM,106.2075
HV3689T-WHT,72.59
HV3689T-BLK,72.59
HV3689T-AB,72.59
HV3689T-BLKBR,72.59
HV1631T-BLK-240V-SQ,183.4
HV1631T-BLK-24V-SQ,208.6
HV1630T-BLK-240V-SQ,136.99
HV1630T-BLK-24V-SQ,162.19
HV1631T-BLK-240V-RND,183.4
HV1631T-BLK-24V-RND,208.6
HV1630T-BLK-240V-RND,136.99
HV1630T-BLK-24V-RND,162.19
PEROVA EX40-BK,189.465
PEROVA EX40-BRS,189.465
PEROVA EX50-BK,242.76
PEROVA EX50-BRS,242.76
Vintaj1,72.09
Vintaj2,72.09
Vintaj3,72.09
Vintaj4,72.09
Vintaj5,72.09
Vintaj6,72.09
Vintaj7,69.12
Vintaj10,69.12
Vintaj11,69.12
Vintaj12,69.12
Vintaj8,69.12
Vintaj9,69.12
Vintaj13,75.06
Vintaj14,75.06
Vintaj15,75.06
Vintaj16,75.06
Vintaj17,75.06
Vintaj18,75.06
5510162-BLK,93.4915
RDC8,32.76
EA731,28.6
RDF8,32.76
RDT8,32.76
XDT10,55.02
XDTL10,55.02
XDR10,55.02
XDI10,55.02
XDH10,55.02
MDF6,60.63
MDG6,60.63
XDK10,55.02
PTBX200,25.305
PTBX250,29.645
WRSAX200,45.535
WRSAX250,48.195
25706,46.325
31444,108.97
31443,108.97
31420,85.51
31421,85.51
31416,62.135
31415,62.135
22510,50.575
22509,46.495
22508,40.12
22514,73.78
22513,62.9
22512,58.65
22517,108.545
22523,77.86
22522,48.195
22542,81.6
22543,81.6
22519,38.335
22520,91.375
21577,27.88
21578,27.88
21575,23.205
21576,23.205
21581,34.85
21582,34.85
LWOL-10WW,16.5
LWOL-10WDL,16.5
LWOL-20WW,22.5
LWOL-20WDL,22.5
LWCL-10WW,16.5
LWCL-10WDL,16.5
LWCL-20WW,22.5
MXW1021,27.85
21065,66.13
21066,66.13
21067,66.13
21068,66.13
21069,66.13
21070,66.13
21051,58.565
21052,58.565
21053,58.565
21054,58.565
21055,58.565
21056,58.565
21058,69.445
21059,69.445
21060,69.445
21061,69.445
21062,69.445
21063,69.445
MARACA1,114.09
MARACA2,114.09
MARACA3,114.09
MARACA4,114.09
MARACA5,114.09
CLA1615LBL,65.66
CLA1615SBL,54.72
CLA1615S,60.18
CLA1615L,72.24
GIROTRI2,61.68
MRPQWH,371.42
MRPQBL,379.365
MPLS503,56.36
MPL505BRS,63.94
MPL505BLK,63.94
MD666B-TRI,44.35
MD666W-TRI,44.35
MA1071BLK,23.3
MA1071PWT,15.0
MFL013BLK,88.19
MFL013NAT,88.19
DCWC2409,41.58
97718,7.65
22722,78.54
22723,78.54
22754,74.12
22755,74.12
22753,74.12
22726,123.93
22727,136.765
22728,123.93
22695,144.67
22696,144.67
21767,58.565
21763,58.565
19724,93.755
19725,93.755
19650,163.795
19654,163.795
19655,163.795
19652,163.795
19653,163.795
19651,163.795
19648,129.965
19649,129.965
19646,129.965
19647,129.965
19644,129.965
19645,129.965
22655,64.345
22657,64.345
22656,64.345
22718,122.74
22719,122.74
19692,52.105
19693,52.105
19696,52.105
19697,52.105
19694,52.105
19695,52.105
HV4002T-1-BLK,62.51
HV4002T-1-WHT,62.51
HV4002T-2-BLK,119.84
HV4002T-2-WHT,119.84
HV4002T-3-BLK,197.75
HV4002T-3-WHT,197.75
HV4002T-4-BLK,256.55
HV4002T-4-WHT,256.55
OLYM5PLEDBLK,359.0
OLYM3PLEDBLK,269.0
HV5881T,18.9
HV5882T,25.76
Ciotola1,68.55
Ciotola3,81.14
Ciotola5,105.15
Ciotola2,98.29
Ciotola4,114.3
Ciotola6,120.01
20538201,215.2
20538202,215.2
20538215,92.0
20538401,231.2
20538402,231.2
20538415,95.2
20538301,263.2
20538302,263.2
20538315,111.2
20538501,279.2
20538502,279.2
20538515,116.0
203357,38.675
203358,38.25
203313,46.325
203312,27.625
203316,58.65
203317,4.25
203319,55.25
HV3626T-AB,141.96
HV3581T-BLK,60.62
HV3581T-WHT,60.62
HV3582T-BLK,91.98
HV3582T-WHT,91.98
HV3584T-BLK,149.73
HV3584T-WHT,149.73
HV3586T-BLK,221.06
HV3586T-WHT,221.06
HV3005T-BLK-12V,48.79
HV3005T-SS316-12V,48.79
HV3006T-BLK-12V,48.79
HV3006T-SS316-12V,48.79
HV3007T-BLK-12V,38.71
HV3007T-SS316-12V,38.71
HV3008T-BLK-12V,38.71
HV3008T-SS316-12V,38.71
HV3602T-BLK,40.32
HV3602T-WHT,40.32
HV3602T-CP,57.96
HV3602T-SS316,40.32
HV3605T-WHT,40.32
HV3605T-BLK,40.32
HV3605T-SS316,40.32
HV3605T-CP,57.96
HV3608C-BLK,38.71
HV3608W-WHT,38.71
HV3608C-WHT,38.71
HV3608W-CP,49.63
HV3608C-CP,49.63
HV3608W-SS316,38.71
HV3608C-SS316,38.71
HV5802T-BLK,37.52
HV5802T-WHT,37.52
HV5803T-BLK,53.06
HV5805T-BLK,72.59
HV5805T-WHT,72.59
HV3653T-BLK-240v,70.98
HV3653T-BLK-12V,70.98
HV3653T-WHT-240V,70.98
HV3653T-WHT-12V,70.98
HV3652T-BLK-12V,64.4
HV3652T-BLK-240V,64.4
HV3652T-WHT-240V,64.4
HV3652T-WHT-12V,64.4
HV1427T-SSBLK,79.87
HV1401T-BLK,79.87
A36011,79.54
A45611,40.15
MTBL001-S,21.87
MTBL001-L,44.1
5510180-GD-3K,93.4915
5510180-BK-3K,93.4915
5510180-BK-5K,93.4915
5510183-GD-3K,280.4915
5510195-GD-3K,1444.9915
5510184-GD-3K,339.9915
5516020-BK-3K,97.7415
5516020-BK-5K,97.7415
5510167-BLK,169.9915
5510169-BLK,161.4915
5510167-GD,178.4915
5510169-GD,169.9915
5514018-BLK,169.9915
5514017-BLK,76.4915
22739,87.125
22738,87.125
22737,87.125
22743,87.125
22744,87.125
22745,87.125
22742,87.125
22741,87.125
22740,87.125
HV3630T-BLK,29.4
HV3630T-WHT,29.4
SUN1800WHS,434.56
SUNFMH,169.295
SL93311BK,139.0
SL93313BK,238.0
19942,103.53
19943,103.53
19944,103.53
19945,103.53
19946,103.53
19947,103.53
19900,90.27
19901,90.27
19902,90.27
19903,90.27
19904,90.27
19905,90.27
23560,161.5
23562,161.5
23564,161.5
23570,161.5
23572,161.5
23574,161.5
23550,132.175
23552,132.175
23554,132.175
10701,31.025
10704,31.025
10702,31.025
10703,31.025
10700,31.025
96104,262.65
39314,509.15
39313,194.65
39286,177.65
39287,262.65
204406,41.65
204408,8.5
204409,8.5
204411,4.25
204412,6.8
204407,58.65
204413,11.05
204414,11.05
204415,4.25
204416,9.35
32919N,140.25
205402N,12.75
205399N,12.75
205401N,12.75
205396N,12.75
205403N,12.75
5516020-GD-3K,97.7415
5510099W,212.4915
5510099D,212.4915
5516014-BLK,84.9915
5510097W,212.4915
5510097D,212.4915
5510123-BK-3K,535.4915
5510123-BK-5K,535.4915
5510128-BK-3K,1189.9915
5510128-BK-5K,1189.9915
OL60851/60BK,358.0
OL60851/60WH,358.0
OL67394WH,127.0
OL67393WH,79.0
ZARA1A,105.38
ZARA2A,105.38
ZARA3A,105.38
ZARA5A,105.38
ZARA4A,105.38
ETERNA WB2-AGCL,73.185
ETERNA WB2-AGOP,73.185
ETERNA WB2-BKCL,70.5075
ETERNA WB1-AGCL,43.7325
ETERNA WB1-AGOP,43.7325
ETERNA WB1-BKCL,43.7325
ETERNA WB1-BKOP,43.7325
ETERNA FL2-AGOM,177.65
ETERNA TL2-AGOM,97.75
WESTIN EX-BK,101.15
GAROT WB-AGCL,52.6575
GAROT WB-AGOP,52.6575
GAROT WB-BKCL,49.0875
GAROT WB-BKOP,49.0875
NORI PE6-BKOM,162.69
NORI FL-BKOM,109.65
MPLS016WHT,50.0
MPLS016BLK,50.0
MPLS016GRY,52.79
MPLS021BLK,100.0
MPLS021WHT,100.0
MPLS023BLK,58.87
MPLS023NAT,39.69
MPLS024BLK,36.61
MPLS024NAT,52.91
MPLS030S-SMK,57.32
MPLS031,204.91
MTBL037,54.23
MTBL036,34.81
MTFL036,74.25
MPLS017,68.76
MTBL034NAT,46.61
MTBL033,36.51
MG1631M-BLK,65.01
MWL017,45.0
MWL026,22.7
MPLS026,21.5
MA6815WHT-CCT,32.83
MXD6921BLK,27.34
MXD6923BLK,43.77
MXD6921BLK-SEN,32.86
MXD6922BLK-SEN,46.92
MXD6923BLK-SEN,49.29
MA1018CCT,13.9
MA1024CCT,16.29
MA1036CCT,30.67
MPLS029S-BRS,40.0
MPLS029L-BRS,45.0
MPLS029S-BLK,40.0
MPLS029L-BLK,45.0
MD380W-TRI,12.5
MD385W-TRI,14.5
MI8520TRI,17.6
MI8540TRI,27.29
MXC1010BLK,19.8
MXC1010BGE,19.8
Pelota1,92.1
Pelota2,92.1
Pelota3,92.1
Pelota4,92.1
Pelota5,92.1
Pelota6,92.1
Marbre1,68.88
Marbre2,68.88
Marbre3,68.88
Mikro1,46.4
Mikro2,46.4
FC770134WH,129.38
FC777134WH,171.66
FC777134BK,165.46
FC660134WH,106.55
FC660134BK,106.55
FC662134BK,130.23
FC662134WH,130.23
HV5877T-WHT,43.96
HV5878T-WHT,55.86
HV5879T-WHT,76.86
VPR9752IP54-72-5M,58.1
MXD6711WHT,33.84
MXD6712WHT,53.88
22776,104.38
22777,104.38
22772,102.425
22773,102.425
22778,107.355
22779,107.355
22774,98.515
22775,98.515
22812,89.25
22813,89.25
22816,91.205
22817,91.205
22818,94.18
22819,94.18
22814,85.34
22815,85.34
22820,93.075
22821,93.075
22824,95.03
22825,95.03
22826,98.005
22827,98.005
22822,89.165
22823,89.165
LOFTUS FL-AGIV,157.25
LOFTUS FL-RST,157.25
VEANA TL-AGCLBK,84.7875
VEANA TL-CHCLIV,84.7875
BASILO TL-AGOP,110.5
AKRON TLL-BKAG,135.15
AKRON TLL-WHAG,135.15
LOFTUS TL-RST,63.75
COLAIR PE4-BK,250.75
COLAIR PE4-BRS,250.75
SERENE PE16-BK,735.25
SERENE PE09-BK,505.75
SERENE PE06-BK,390.15
SERENE PE08-BK,531.25
POLK PE45-ALB,165.1125
POLK PE30-WHB,75.8625
POLK PE30-BKB,75.8625
POLK PE30-BZB,75.8625
POLK PE30-GDB,75.8625
POLK PE30-ALB,75.8625
POLK PE20-BKB,52.6575
POLK PE20-WHB,52.6575
POLK PE20-BZB,52.6575
POLK PE20-ALB,52.6575
POLK PE20-GDB,52.6575
TULS1EBLK,62.5
SOLA2EWHT,49.5
BANQUET1,506.83
Barrique1,773.99
Barrique2,693.48
Votif1,579.11
S9E27LED9W-RGB-Z,17.93
S9B22LED9W-RGB-Z,17.93
S9GU10LED5,11.54
S9GU10LED5-RGB-Z,14.11
S9GU10LED5-ZB,15.27
CERONE TL-AGCLR,92.65
JAMIE TL-BLWH,169.15
OTTA2EWHT,59.0
CANTENA WB25-BK,191.25
CANTENA WB25-AB,191.25
CANTENA WB15-BK,113.305
CANTENA WB15-AB,113.305
LILAC OY28-3C,41.4375
LILAC OY40-3C,58.8625
TEREZA OY28-WH3C,29.0275
TEREZA OY40-WH3C,42.415
LANDY PE30-BKSM,80.9625
LANDY PE30-NKSM,80.9625
ODESSA CTC60-WH,225.25
ELANZA CTC40-WH,132.9825
SMD4106W,18.07
SMD4109W,19.3
S9E14LED12,10.75
S9B15LED12,10.75
9E14LED13,3.19
S9B15LED13,10.75
S9E27LEDP38,19.33
MD780B-CCT,11.7
MD780W-CCT,11.82
21298,65.62
21294,65.62
21297,92.225
20893,87.89
20892,87.89
20891,54.74
20890,54.74
20895,124.61
20894,124.61
20915,41.65
20916,41.65
HV9507B,7.56
HV9507G,7.56
HV9507R,7.56
HV9523-1.5W,5.04
HV9529-1.5W,5.04
HV9523-3.2W,6.72
HV9529-3.2W,6.72
HV9523-5W,7.56
HV9529-5W,7.56
HV9506B,7.56
HV9506R,7.56
HV9506G,7.56
ROKA16WLEDGLD,155.0
ROKA23WLEDGLD,209.0
ROKA16WLEDWHT,135.0
HARV1EBLK,89.0
HARV1EWHT,89.0
BRUG2ECHA,35.0
BRYA1EBLK,129.0
LIAM1EBLK,99.0
LIAM1EWHT,99.0
HERR2EBLK,75.5
HERR2EWHT,75.5
VIST1PLEDBLK,329.0
VIST1PLEDWHT,329.0
ODES1EPBLK,55.0
ODES1EPWHT,55.0
410417,14.025
410416,14.025
411227,9.35
411228,9.35
411253,18.275
411232,12.75
411252,18.275
411482,9.35
411177,8.5
411077,5.1
411075,2.55
411076,4.25
410587,6.8
410592,6.8
MADE2EBLK,48.0
MADE2EWHT,48.0
NAPA2EBLK,43.5
NAPA2EWHT,43.5
NUVO24WLEDBLK,169.0
NUVO24WLEDCH,179.0
LUX09-P-LUX03W-SH,1035.0
LUX09-P-LUX03BL-SH,1035.0
LUX09-P-LUX03B-SH,1035.0
HV1057GU10T,140.14
HV1357GU10T,183.33
HV1257GU10T,96.95
HV1157GU10T,91.84
HV1639T-BLK-240V,183.4
HV1639T-BLK-24V,208.6
HV1638T-BLK-240V,136.99
HV1638T-BLK-24V,162.19
HV3792T-BLK,41.51
HV3792T-WHT,41.51
HV3794T-BLK,49.0
HV3794T-WHT,49.0
HV1335T-PIR,86.59
HV1305T-PIR,155.68
205503,23.2
20549601,185.41
20549602,185.41
20549616,236.95
20549617,236.95
20549701,228.05
20549702,228.05
20549716,279.3
20549717,279.3
20549801,206.73
20549802,206.73
20549816,258.49
20549817,258.49
20549901,249.26
20549902,249.26
20549916,301.37
20549917,301.37
20550101,238.6
20550102,238.6
20550116,287.79
20550117,287.79
20550201,281.13
20550202,281.13
20550216,321.74
20550217,321.74
MTBL026,36.72
TACHE1,128.04
TACHE2,160.98
TACHE3,214.06
TACHE4,128.04
TACHE5,160.98
TACHE6,214.06
SKYWCM-2,37.555
SKYWCM,37.555
205721N,24.65
205717N,24.65
205718N,24.65
HV1428RGBCW-KIT,127.19
HV1428RGBCW,28.14
HV5831T-BLK,28.56
HV5831T-WHT,28.56
OL68831BK,75.0
OL68832BK,149.0
OL64355/3NAT,598.0
OL64353/1NAT,290.0
INGRID TL-GDBK,59.1175
INGRID TL-GDWH,59.1175
INGRID FL-GDBK,95.4975
INGRID FL-GDWH,95.4975
VALE TL-AGIV,84.15
VALE FL-BK,131.75
OHH TL-BKOM,41.65
OHH TL-AGOM,41.65
OHH FL-BKOM,63.75
OHH FL-AGOM,58.65
OL98874,138.0
20537801,111.2
20537815,111.2
20537902,95.2
20537915,95.2
20538101,116.0
20538102,116.0
20538115,116.0
AMBIA TL-BK,41.65
AMBIA TL-WH,41.65
AMBIA TL-PK,41.65
TLED36-BL,56.14
TLED36-WH,56.14
OL93911BK,59.0
A19421BLK,61.68
A19421WHT,61.68
A19421BC,68.82
A19421AB,68.82
SL98786CO,125.0
SL98786BC,125.0
39725N,75.65
39727N,364.65
39726N,271.15
205663N,1036.15
205647N,1036.15
390262,849.15
390263,679.15
390264,551.65
390265,288.15
39612,509.15
39613,381.65
39614,551.65
43643N,41.65
43692N,92.65
43695N,92.65
205649N,760.75
99616N,80.75
99614N,80.75
98056N,48.875
39649N,220.15
39648N,140.25
39647N,55.25
99345N,140.25
99346N,75.65
49762N,262.65
49761N,160.65
43463N,157.25
43461N,55.25
89832,73.525
89833,233.75
390236N,254.15
43869N,140.25
43868N,131.75
OL65272/8,900.0
OL65272/6,700.0
OL65273/2,195.0
205404,5.3125
205405,5.3125
205406,5.3125
205407,5.3125
205408,5.3125
205409,5.3125
MORAN WB04-AGOP,115.1325
MORAN WB04-BKOP,115.1325
110157,9.775
110156,9.775
205671,84.15
205669,58.65
205668,50.15
204399,31.875
204401,38.675
205667,67.15
205666,53.975
39764N,84.15
39765N,41.65
205321,52.275
205319,52.275
200692,12.75
98408N,67.15
98399N,50.15
98398N,33.15
98397N,16.15
205318,67.15
205317,50.15
205316,33.15
205315,16.15
HV5841S-BLK,37.31
HV5841S-WHT,37.31
HV5841-BR,3.99
HV5841-CR,3.99
HV5841-GR,3.99
HV5841S-BLK-EXT,49.14
HV5841S-WHT-EXT,49.14
HV5842S-BLK,52.78
HV5842S-WHT,52.78
HV5842S-BLK-EXT,63.35
HV5842S-WHT-EXT,63.35
HV5842-BR,4.76
HV5842-GR,4.76
HV5842-CR,4.76
HV5843S-BLK,71.47
HV5843S-WHT,71.47
HV5843-CR,5.53
HV5843-GR,5.53
HV5843-BR,5.53
HV5844S-BLK,102.48
HV5844S-WHT,102.48
HV3697T-BLK-240V,47.81
HV3697T-BLK-12V,47.81
HV3697T-WHT-240V,47.81
HV3697T-WHT-12v,47.81
HV1462T-SS316,75.6
HV1497T,79.87
HV1477T,79.87
HV3696T-BLK-240V,38.22
HV3696T-BLK-12V,38.22
HV3696T-WHT-240V,38.22
HV3696T-WHT-12V,38.22
HV3695T-BLK-240V,30.87
HV3695T-BLK-12V,30.87
HV3695T-WHT-240V,30.87
HV3695T-WHT-12V,30.87
HV3281T-WHT-12V,58.73
HV5530S-SS316,59.36
6N2018135003,132.0
6N2018165003,227.0
6N2018154003,241.0
6N2018145003,132.0
6N2118011061,105.0
6N2118011250,114.0
6N2118006250,109.0
6N2118028261,227.0
6N2118028250,227.0
6N2118038250,318.0
6N2120023035,450.0
6N46573001,182.0
6N46583001,250.0
6N2213203001,182.0
6N2213213001,273.0
900166N,79.475
900167N,203.15
99665N,89.25
99666N,131.75
M801,407.33
M800,407.33
110209,3.4
110208,3.4
110207,3.4
110206,3.4
110205,3.4
110204,3.4
AIP2666,439.67
AIP2663,344.96
AIPL2672,484.33
AIPL2669,394.24
DLW-12-GD,69.22
DLW-8-WH,55.7
DLW-8-GD,55.7
900436N,4.25
900437N,12.75
390082N,24.65
390083N,41.65
390085N,75.65
390071N,169.15
390069N,92.65
900178N,12.75
HV1327GU10T,57.12
HV1325T,74.48
HV1337GU10T,57.12
HV1335T,74.48
HV1347GU10T,57.12
HV1325T-PIR,86.59
203337,16.575
203336,31.875
203339,16.575
203338,31.875
39916N,148.75
39917N,148.75
43569N,63.75
900494N,106.25
205648N,726.75
43646N,12.75
205258N,17.425
205261N,17.425
205262N,17.425
205256N,6.8
205257N,6.8
205253N,19.3375
205254N,17.425
205255N,17.425
205259N,6.8
205263N,6.8
205269N,21.675
205272N,21.675
205273N,21.675
205267N,21.675
205268N,21.675
205271N,21.675
205274N,21.675
205264N,24.4375
205265N,21.675
205266N,21.675
205275N,14.025
205276N,12.75
205277N,12.75
HV9668-12V25W,25.69
HV9668-12V50W,38.78
HV9668-12V100W,77.77
HV9668-24V25W,25.69
HV9668-24V50W,38.78
HV9668-24V100W,77.77
205576N,24.65
205579N,24.65
205577N,24.65
205583N,24.65
205578N,48.875
205581N,48.875
205582N,48.875
205278N,53.3375
205279N,48.875
205281N,48.875
11669,5.525
110235,9.35
110236,9.35
110237,9.35
110238,9.35
HV8025W,75.6
HV8025C,75.6
HV8026W,88.13
HV8026C,88.13
HV8027W,75.6
HV8027C,75.6
HV8030W,109.2
HV8030C,109.2
HV8069W,65.52
HV8069C,65.52
HV8070W,75.6
HV8070C,75.6
39654N,93.925
205687N,93.925
SSRFR36,38.85
SSWF01G,39.92
SSWF01G-WIFI,38.3
SSWD01G,48.51
SSWD01GMBK,56.52
SSWD01G-WIFI,42.3
SSW04GMBK,53.94
SSW04G,50.26
SSW04G-WIFI,36.08
SSW01GMBK,37.43
SSW01G-WIFI,29.27
SSW02G,38.36
SSW02GMBK,41.17
SSW02G-WIFI,32.59
SSW03GMBK,50.6
SSW03G-WIFI,33.34
SPP01G,34.91
SPP02G,39.41
SPP04G-WIFI,68.26
SPP04G,73.22
SPP02GIP,46.27
SPP02GIP-WIFI,44.43
SXSEN002PIR,27.44
SXSEN003PIR,26.14
SMA02P,16.43
SGW002,27.24
SDC8G,99.98
SSC336,27.25
SPB04U,32.16
SPLUG03,22.75
SPLUG02,13.15
SBIR01,31.81
SSWM-DIMZ,49.98
SSWM-DIM,44.18
SSWM-WIFI,27.39
SPBS01G,21.39
SPBS01G-WIFI,16.1
SMD4106W-ZB,20.27
SMD4109W-RGB,21.79
SMD4106W-RGB-ZB,21.64
SMD4109W-RGB-ZB,23.96
SMLD233-ZB,20.2
SMLD533,27.55
SMLD533-ZB,30.5
204771N,8.5
HV19012T-AB,110.04
HV19012T-BR,110.04
HV19012T-GPH,110.04
HV19062T-AB,120.26
HV19062T-BR,120.26
HV19062T-GPH,120.26
HV19072T-AB,120.26
HV19072T-BR,120.26
HV19072T-GPH,120.26
HV19082T-AB,120.26
HV19082T-BR,120.26
HV19082T-GPH,120.26
HV19092T-AB,120.26
HV19092T-BR,120.26
HV19092T-GPH,120.26
HV19022T-AB,110.04
HV19022T-BR,110.04
HV19022T-GPH,110.04
XBH1514,16.47
HV9691-2020-3M,42.07
FC1140BKWIFI,206.17
FC1140WHWIFI,206.17
FC1148BKWIFI,234.94
FC1148WHWIFI,234.94
FC620133GBK,188.8
FC628133GBK,220.4
SMFL20W,24.3
SMI7040-WIFI,51.97
VSLF100,42.77
VSLF125,49.77
VSLF150,56.7
VUF150WH,70.28
V150DKIT,22.68
V100DKIT,11.375
V150PALG,53.97
V100FG,4.48
V125FG,6.86
V150FG,8.365
MPLS005SMK,67.81
MPLS002NAT-S,97.87
MPLS002NAT-L,166.17
MPLS006BLK,158.21
MPLS006BRS,167.99
MPLS004BLK,39.51
MPLS004WHT,39.51
MPLS031BLK,162.43
MPLS003,25.77
MTBL008BLK,40.7
MTBL008WHT,40.7
MTBL008GRN,40.7
MTBL008BRS,48.75
MTBL050,89.16
MFL041,95.86
MTBL041,64.73
MTL025WHT,39.52
A21341BLU,19.96
A21341PNK,19.96
A21311BLU,33.24
A21311GRN,21.5
MTBL028,54.99
MTL013WHT,34.37
MFL001,80.21
MTBL049PNK,25.02
MTBL042BLK,33.3
MTBL042WHT,32.83
MFL002,56.0
MTBL016,42.8
MTBL027,91.41
DC31203WH,134.33
DC31203WH-L,165.865
DC31203WHWC,143.325
DC31203WH-LWC,174.895
V100GS,4.235
V125GS,6.545
V150GS,10.045
VTROTIMER,28.595
OL7010/20OP,49.0
OL7010/25OP,61.0
OL7010/30OP,87.0
OL7010/35OP,131.0
OL7010/40OP,173.0
OL7010/50OP,351.0
OL7025BK,20.0
MORAN PE18-BKOP,427.5075
MORAN PE18-BKSM,427.5075
MORAN PE18-AGOP,486.4125
FINLEY PE60-AB,296.65
FINLEY PE46-BK,191.25
FINLEY PE46-NK,211.65
MORAN PE14-BKOP,343.6125
MORAN PE14-BKSM,343.6125
MORAN PE14-AGOP,388.2375
OL60630/1300,498.0
OL7371BK,179.0
OL7662BK,65.0
OL7662GN,65.0
OL7662PR,65.0
OL7661BK,65.0
OL7661GN,65.0
OL7661PR,65.0
OL7351BK,139.0
OL7351WH,139.0
OL7663BK,79.8
OL7663WH,79.8
OL7844BK,119.0
OL7843BK,91.0
HV9311W,6.72
HV9311N,6.72
HV9311C,6.72
OL7240BK,138.0
OL7240WH,138.0
OL7240SS,198.0
OL2267BK,57.0
OL2267WH,57.0
SL63711CL,118.0
SL63712CL,185.0
SL63731CL,115.0
LF9205AB,55.8
LF9205BCH,55.8
LF9205GM,55.8
LF9201AB,55.8
LF9201BC,55.8
LF9201GM,55.8
LF9207AB,55.8
LF9207GM,55.8
Hathor2,119.03
Hathor3,152.12
Amun2,88.96
Amun3,119.08
Amun4,150.58
SETH2,87.58
SETH3,102.65
SETH4,116.36
SEKER1,109.49
SEKER2,123.2
SEKER3,150.58
HORUS2,76.62
HORUS3,87.58
HORUS4,101.28
GEB2,95.8
GEB3,109.49
SHU2,66.37
5505091-240v-BK-3K,27.1915
5505091-12v-BK-3K,27.1915
5505091-240v-BK-5K,27.1915
5505091-12v-BK-5K,27.1915
5505091-240v-WH-3K,27.1915
5505091-12v-WH-3K,27.1915
5505091-240v-WH-5K,27.1915
5505091-12v-WH-5K,27.1915
5505092-240v-BK-3K,27.1915
5505092-12v-BK-3K,27.1915
5505092-240v-BK-5K,27.1915
5505092-12v-BK-5K,27.1915
5505092-240v-WH-3K,27.1915
5505092-12v-WH-3K,27.1915
5505092-240v-WH-5K,27.1915
5505092-12v-WH-5K,27.1915
6N49701035,159.0
6N49701010,159.0
6N49701001,159.0
6N49701031,159.0
6N49701034,159.0
6N49721001,150.0
6N49721034,150.0
6N49721031,150.0
6N49721035,150.0
6N49711001,159.0
6N49711010,159.0
6N49711031,159.0
6N49711034,159.0
6N49731001,150.0
6N49731031,150.0
6N84081003,91.0
6N84081001,91.0
6N84091003,123.0
BOBO WB1-AGOM,45.475
BOBO WB1-BKSM,45.475
BOBO PE01-AGOM,39.015
BOBO PE01-BKSM,39.015
BOBO PE05-AGOM,199.75
BOBO PE05-BKSM,199.75
BOBO PE10-AGOM,364.65
BOBO PE04-AGOM,169.83
BOBO PE04-BKSM,169.83
BOBO TL2-BKSM,80.75
BOBO TLA-AGOM,58.65
BOBO TLA-BKCL,58.65
SSW05G-WIFI,51.03
SSW05G-ZB,56.54
SSW06G-WIFI,56.54
SSW06G-ZB,62.06
6N2118268003,182.0
6N2118158003,177.0
6N2118178003,177.0
6N2118141003,86.0
6N2118161003,86.0
6N2118231003,68.0
6N2118221003,77.0
BE501ESPWH,87.12
BE500ESPBK,103.91
BE510ESPWH,135.41
BE510ESPBK,135.41
SSWRM-WIFI,46.07
SSWRM-ZB,47.45
10334,47.72
10337,68.18
10336,81.81
10338,102.26
6N49041003,105.0
6N49051503,123.0
6N2019041035,214.0
6N2019041030,214.0
6N2019051003,159.0
6N2019051035,250.0
6N2019051030,250.0
6N49018050,273.0
12301,219.39
10332,36.75
10333,47.25
10330,25.45
10331,28.6
20557501,44.0
20557502,44.0
20557504,44.0
20557512,44.0
VANITAS2S,101.52
VANITAS2M,123.47
VANITAS2L,150.01
Vanitas1S,101.52
Vanitas1M,123.47
Vanitas1L,150.01
VANITAS3S,107.92
VANITAS3M,134.45
VANITAS3L,160.98
LINEAL2S,91.45
LINEAL2M,107.92
LINEAL2L,128.96
LINEAL1S,91.45
LINEAL1M,107.92
LINEAL1L,128.96
LINEAL3S,106.09
LINEAL3M,137.2
LINEAL3L,151.84
KOLEC1,57.81
HV1421T-WHT,33.67
OL99443AB,258.0
HV3003T-WHT-240V,58.94
HV3003T-WHT-12V,58.94
HV3004T-WHT-240V,58.94
HV3004T-WHT-12V,58.94
HV3005T-WHT-12V,48.79
HV3006T-WHT-12V,48.79
HV3007T-WHT-12V,38.71
HV3008T-WHT-12V,38.71
HV1602T-WHT,69.72
HV1601T-WHT,69.72
CORA12WLEDBLK,169.0
CORA16WLEDBLK,194.0
CORA12WLEDCH,195.0
CORA16WLEDCH,229.0
LHP170E40-50WDL,60.0
LHP170E40-50WCW,60.0
LLG70E27-8W-WW,5.5
LLG70B22-8W-WW,5.5
LLG70B22-8W-DL,5.5
LPLG24D-7W-WW,4.0
LPLG24D-7W-DL,4.0
LPLG24D-9W-WW,4.5
LPLG24D-9W-DL,4.5
LPLG24D-12W-WW,9.0
LPLG24D-12W-DL,9.0
LFMR16D-8W-WW,8.5
LFMR16D-8W-DL,8.5
SHO122BLK-WIFI,264.56
205836,72.25
20826,13.9
20827,13.9
20825,13.9
20828,9.265
LFGU10-5W-WW,4.0
LFGU10-5W-DL,4.0
390087N,279.65
390086N,254.15
390088N,92.65
MPLS502BLK,60.0
MPLS502WHT,58.38
MP4931S-BLK,37.04
MP4931L-BLK,67.89
MP4931S-WHT,37.04
A49731WHT,75.45
MG6531S,73.98
VHF2W,160.93
VHF4W,172.795
M2HDLXWH,99.435
M4HDLXWH,115.08
H2W,70.035
H4W,89.81
OL91948,87.0
OLA16/SHADE,3.8
OL91956,75.0
OL91955,75.0
OL91957,75.0
OL91947,87.0
OL91946,87.0
OL91912,118.0
OL91911,118.0
OL91910,118.0
OL91861,120.0
OL91869,79.0
OLA16/314,4.0
OL91758,59.8
OL91906,67.0
OL91907,67.0
OL91812,59.8
OL91931,59.8
OL91748,63.0
OL91933,63.0
OL91877,55.0
OL91882,55.0
LOI1000832,321.84
LOI1000837,457.92
LOI1000840,198.0
LOI1000842,234.0
LOI1000844,245.7
LOI1000821,144.0
LOI1000822,126.9
LOI1000823,105.3
LOI1000825,153.0
LOI1000857,90.0
LOI1000856,86.4
LOI1000853,116.64
LOI1000620,149.04
LOI1000621,177.12
LOI1001080,95.4
LOI1001470,108.9
LOI1001320,95.4
LOI1000627,836.1
LOI1000626,320.4
LOI1000625,450.0
LOI1000624,195.3
LOI1000623,139.5
LOI1000628,65.7
LOI1000651,270.0
LOI1000650,269.1
LOI1001094,251.1
LOI1001091,378.9
LOI1001093,238.5
LOI1001092,168.3
LOI1001090,206.1
LOI1001095,84.6
SSW01GX-WIFI,30.7
SSW01GX-ZB,36.49
SSW02GX-WIFI,35.63
SSW02GX-ZB,41.41
MXS4405,27.78
MXS4410,65.1
OL91735,43.0
OL91881,43.0
OL91896,43.0
OL91950,138.0
OL91917,90.0
OL91789,62.0
OL91788,62.0
OL91945,53.0
OL7702/15,35.0
OL7702/30,69.0
OL7326BK,350.0
OL7366BK,338.0
OL7321BK,190.0
OL7361BK,178.0
OL60954/80BK,358.0
OL60954/80WH,358.0
MD666TB-TRI,87.85
MD666TW-TRI,87.85
HV9110-1,24.99
HV9110-2,30.52
HV9110-3,37.52
HV9110-4,45.29
HV9111,44.59
OL69389/1BR,73.0
OL69389/2BR,139.0
OL69385BK,105.0
OL69385CH,115.0
OL69385AB,115.0
21273,44.285
21272,44.285
XFC3604,7.08
LUX09-P-LUX03G-SH,1035.0
LUX01-W-LUX03G-SH,189.0
OL49861/30BK,95.0
OL49861/30WH,95.0
OL49861/40BK,159.0
OL49861/40WH,159.0
OL49861/50BK,239.0
OL49861/50WH,239.0
HV5528T-BB,23.66
HV5528T-WW,23.66
HV5529T-BB,23.66
HV5529T-WW,23.66
HV5528T-BC,23.66
HV5528T-WC,23.66
HV5529T-BC,23.66
HV5529T-WC,23.66
HV5528T-WB,23.66
HV5529T-WB,23.66
OL7621BK,138.0
OL7621WH,138.0
SG70420BK,175.0
SG70420WH,175.0
OL60778/1200BK,245.0
OL60778/1200WH,245.0
OL60775WH,33.0
OL60778/1500BK,319.0
OL60778/1500WH,319.0
MODRIC FL-BKGD,126.65
MODRIC FL-GY,126.65
MODRIC TL-BKGD,75.65
MODRIC TL-GY,75.65
TOBERA WB-BZ,75.735
TOBERA WB-BK,75.735
OL52103BK,138.0
OL52103WH,138.0
22648,233.75
22649,233.75
22651,307.36
22652,307.36
MXB1BLK,31.58
MXB1GR,31.58
15944,165.495
15945,165.495
15949,165.495
15946,165.495
15947,165.495
10993,126.14
10994,126.14
5510217,212.4915
5510220,42.4915
5510213-BK-3K,1189.9915
5510213-BK-5K,1189.9915
5510213-GD-3K,1274.9915
5510205-BK-3K,399.4915
5510205-BK-5K,399.4915
5510205-GD-3K,424.9915
5510201-BK-3K,114.7415
5510201-BK-5K,114.7415
5510201-GD-3K,118.9915
Manga1,59.2
Manga2,59.2
Manga3,59.2
Manga4,59.2
Manga5,59.2
VIRUN1,173.79
5510231-BK,297.4915
5510232-BK,365.4915
5510230-WH,152.9915
5510231-WH,297.4915
5510232-WH,365.4915
5510230-GD,152.9915
5510231-GD,297.4915
5510232-GD,365.4915
5510241,191.25
5510240,191.25
5510237,17.0
BH212ESWWH,130.17
BH212ESWBK,130.17
5510183-BK-3K,280.4915
5510183-BK-5K,280.4915
5510188-BK-3K,739.4915
5510188-BK-5K,739.4915
5510195-BK-3K,1444.9915
5510195-BK-5K,1444.9915
5510184-BK-3K,339.9915
5510184-BK-5K,339.9915
HV1452T-AB,120.89
HV1452T-BLK,103.32
HV1452T-CP,129.08
HV1452T-SS316,103.32
SSW01GHW-WIFI,37.08
SSW01GHW-ZB,43.25
HV3626S-ALUBLK,75.74
HV3626S-ALUWHT,75.74
HV3625S-ALUBLK,60.13
HV3625S-ALUWHT,60.13
HV9518,6.86
OL60640/1200,390.0
FC250134WH,106.55
FC252134WH,118.39
FRM97,41.78
SIRI16WLEDBLK,139.0
SIRI20WLEDBLK,159.0
SIRI16WLEDBRS,159.0
SIRI20WLEDBRS,179.0
SIRI16WLEDCH,149.0
SIRI20WLEDCH,169.0
SIRI16WLEDWHT,139.0
SIRI20WLEDWHT,159.0
ZODI12WLEDBLK,89.0
ZODI16WLEDBLK,99.0
ZODI20WLEDBLK,109.0
ZODI12WLEDWHT,89.0
ZODI16WLEDWHT,99.0
ZODI20WLEDWHT,109.0
CAPE16WLEDBLK,175.0
CAPE20WLEDBLK,195.0
CAPE16WLEDWHT,175.0
CAPE20WLEDWHT,195.0
SCAN2WLEDBLK,125.0
SCAN2WLEDWHT,145.0
EC7-TRI-B-LT,25.9
EC7-TRI-W-LT,25.9
TELE1,44.65
TELEPLATE1,2.75
E360,223.3
E363,231.77
E366,247.94
E361,223.3
E364,231.77
E367,247.94
E362,223.3
E365,231.77
E368,247.94
WIFIM099,36.96
SSWMPIR-WIFI,44.13
SSWMPIR-ZB,49.64
HV9989,8.4
BERGEN PE150-WL,157.08
TRUSO PE150-BKWL,124.0575
BRACCI PE-BRS,315.0525
ORISTA PE-BRS,351.9
OVERTON PE-BRS,299.88
VALMONT PE-BRS,243.95
PIER1PBLK,108.0
JEAN1PGLD,116.0
JEAN1PBLK,108.0
JORD4P,485.0
JORD1P,69.0
HUTT1PBLK,90.0
HUTT1PGLD,98.0
GARM1PBLK,90.0
GARM1PGLD,98.0
HUTT1BFBLK,68.0
HUTT1BFGLD,76.0
GARM1BFBLK,68.0
GARM1BFGLD,76.0
INKA1PBLK,48.0
INKA1PGLD,50.0
ORPH1WBLK,63.0
ORPH1WGLD,75.0
MORA1EBLK,44.0
MORA1EWHT,44.0
NIME2EBLK,58.0
NIME2EWHT,58.0
YORK1EOBR,94.0
YORK1EGS,94.0
ALST1WLGE,149.0
ALST1WSML,75.0
LUND1WLEDBLK,69.0
LUND1WLEDWHT,69.0
JORN1WLEDBLK,89.5
TREMONT EX-BK,242.25
ZECCA PE6-AGFR,401.2
ZECCA PE6-BKFR,401.2
ZECCA PE6-BKSM,401.2
ZECCA PE3H-AGFR,249.05
ZECCA PE3H-BKFR,249.05
ZECCA PE3H-BKSM,249.05
ZECCA FL6-AGFR,447.1
ZECCA FL6-BKFR,447.1
ZECCA FL6-BKSM,447.1
ZECCA TL3-AGFR,197.2
ZECCA TL3-BKFR,197.2
ZECCA TL3-BKSM,197.2
ZECCA PE3V-BKFR,219.3
ZECCA PE3V-BKSM,219.3
LAINE FL-AGIV,169.15
CRUZ FL-BKIV,163.71
6N2112353001,223.0
6N2112373001,286.0
6N2112353009,223.0
6N2112373009,286.0
6N2318211003,109.0
6N2318231003,150.0
6N2218061003,105.0
6N2218061001,105.0
6N2218061008,105.0
6N2218131047,105.0
411348N,15.3
411349N,15.3
411351N,27.2
411352N,27.2
6N2218088003,250.0
6N2218088001,250.0
6N2218088008,250.0
6N2320283003,318.0
6N2312603003,195.0
6N2312623003,273.0
LFGU10D-8W-WW,7.5
LFGU10D-8W-DL,7.5
LFGU10-8W-WW,6.0
LFGU10-8W-DL,6.0
OL65321/3BK,198.0
OL65321/5BK,298.0
OL65321/3AB,230.0
OL65321/5AB,338.0
SISWD01,41.83
HV36582T-BLK-SQ,75.39
HV36582T-WHT-SQ,75.39
HV3105T-BLK-240V,30.52
HV3105T-BLK-12V,19.6
HV3105T-WHT-240V,30.52
HV3105T-WHT-12V,19.6
HV3106T-BLK-240V,38.36
HV3106T-BLK-12V,27.37
HV3106T-WHT-240V,38.36
HV3106T-WHT-12V,27.37
INKA2WBLK,88.0
INKA2WGLD,98.0
INKA1WBLK,46.0
INKA1WGLD,52.0
17619,41.65
17617,34.85
17621,48.28
17615,28.39
HV1423MR11NW,35.63
HV1425MR11NW,51.17
HV3624T-BLK,45.15
HV3623T-BLK,34.79
HV1427T-WHT,33.67
HV1434T-BLK,10.71
HV1434T-WHT,10.71
S9B22LED9W-ZB,15.98
S9E27LED9W-ZB,15.98
S9B22LED9W,12.6
S9E27LED9W,12.6
DARIEN PE12-ASH,1333.65
DARIEN PE6-ASH,481.1
6N2018103003,132.0
HV1433T-BLK,11.76
HV1433T-WHT,11.76
CLIO TL-BK,26.52
CLIO TL-BRW,26.52
CLIO TL-GN,26.52
CLIO TL-GY,26.52
CLIO TL-WH,26.52
ARCHER PE6-AG3K,609.45
ARCHER PE9-AG3K,1100.75
ARCHER WB3-AG3K,244.8
205926,245.65
205925,245.65
205924,186.15
205923,186.15
205857,84.15
205858,84.15
205861,157.25
205859,157.25
206098,84.15
206106,84.15
43814N,58.65
43815N,75.65
43909N,84.15
900617N,72.25
39911N,80.75
20619421,788.0
20619428,788.0
20619321,620.0
20619328,620.0
20619221,516.0
20619228,516.0
20619501,61.2
20619502,61.2
20618701,351.2
20618702,351.2
20618901,375.2
20618902,375.2
20618801,407.2
20618802,407.2
20619101,431.2
6N2320715003,159.0
6N2320715010,159.0
20619102,431.2
20618601,399.2
20628602,42.0
LYMAN TL-AGGN,73.95
LYMAN TL-GMSM,73.95
FERGUS EX-BK,160.905
WALTON EX-BK,102.6375
BRIANA FL-BK,38.25
BRIANA FL-GN,38.25
BRIANA FL-BRW,38.25
BRIANA FL-WH,38.25
MINDY TL-BK,33.15
MINDY TL-BRW,33.15
MINDY TL-GN,33.15
MINDY FL-BK,45.39
MINDY FL-BRW,45.39
MINDY FL-GN,45.39
MINDY FL-WH,45.39
FARO FL-AG,205.7
FARO FL-CH,205.7
FARO FL-BK,170.85
JULI1PSBLK,72.5
JULI1PLBLK,91.5
JULI1PSWHT,72.5
JULI1PLWHT,91.5
KRISS1PSBLK,55.0
KRISS1PLBLK,68.0
KRISS1PSWHT,55.0
KRISS1PLWHT,68.0
ROLO1PBKG,76.5
ROLO1PCCH,76.5
MONTEAL PE4-AGBK,203.15
MONTEAL PE1-AGBK,140.25
MG9031L,101.41
MG9031S,66.14
110291,12.325
110292,12.325
110228,16.575
900828N,163.625
900829N,163.625
OL65625BK,338.0
205563,71.2
205564,71.2
205565,71.2
20628604,42.0
900288N,80.75
206122N,80.75
900292N,41.65
205879N,41.65
WAL45-DC,161.84
FF93316WH,47.01
ZEP40PC,57.295
ZEP40R,66.71
CADENA TL-BK,85.0
CADENA TL-WH,85.0
CADENA FL-BK,113.9
CADENA FL-WH,113.9
HV3659W-L-BLK,75.39
HV3659W-L-WHT,75.39
HV3659W-L-SS316,75.39
HV3656T-BLK,46.13
HV3656T-WHT,46.13
HV3654T-BLK,38.36
HV3654T-WHT,38.36
HV3657T-WHT,61.67
HV3657T-BLK,61.67
HV3655T-WHT,53.9
HV3655T-BLK,53.9
HV2904T-BR,66.85
HV2903T-BR,66.85
HV2899NW-BR,43.05
HV2899NW-SS316,43.05
HV2899NW-CP,50.82
HV2899NW-BLK,43.05
HV2899NW-AB,43.05
25070,30.43
25071,30.43
25074,42.075
25075,42.075
25072,36.04
25073,36.04
25076,48.195
25077,48.195
25080,39.27
25081,39.27
25082,45.475
25083,45.475
25084,54.06
25085,54.06
25086,59.755
25087,59.755
CLOV1PGLD,105.0
CLOV3PGLD,235.0
CLOV6PGLD,375.0
ARCA1PGLD,139.0
ARCA3PGLD,235.0
ARCA6PGLD,375.0
DEX20WLEDBLK,289.0
DEX20WLEDWHT,289.0
TRIS1ESMOBR,85.0
TRIS1ELGOBR,99.0
SEC03S,29.95
TRIS1ESMGS,85.0
TRIS1ELGGS,99.0
XDC10,55.02
BURS1ESMBLK,87.5
BURS1ESMOBR,94.5
BURS1ELGBLK,139.5
BURS1ELGOBR,149.5
HOTH1EBLK,116.5
HOTH1EOBR,123.5
TOUL1EOBR,215.5
TOUL1EBLK,199.5
MONT1EOBR,146.5
MONT1EBLK,139.5
ORILLA PE-BRW,154.87
ORILLA PE-FR,154.87
ORILLA PE-SM,154.87
FOLEY WB40-AG3C,63.665
FOLEY WB40-BK3C,50.9575
FOLEY WB40-CH3C,63.665
FOLEY WB60-AG3C,75.5225
FOLEY WB60-BK3C,58.225
FOLEY WB60-CH3C,75.5225
FOLEY WB80-AG3C,88.23
FOLEY WB80-BK3C,67.32
FOLEY WB80-CH3C,88.23
6N2418121250,155.0
OSTROM PE50-CG,191.8875
OSTROM PE65-CG,238.2975
OSTROM PE80-CG,277.5675
OSTROM PE3T-CG,640.815
OSTROM PER-CG,303.45
FULCRUM PE40-GY,201.45
FULCRUM PE60-GY,278.8
FULCRUM PE2-GY,450.5
FULCRUM OY60-GY,260.95
FULCRUM OY80-GY,378.25
SEGOVIA PE1-CH,49.3
SEGOVIA PE5-GD,221.85
SEGOVIA PE9-CH,400.35
SEGOVIA PE9-GD,400.35
SEGOVIA PE5B-CH,227.8
SEGOVIA PE5B-GD,227.8
SEGOVIA WB-CH,44.2
LERIDA PE12-GD,221.595
LERIDA PE9-GD,138.38
LERIDA PE8-GD,100.045
LERIDA PE12R-GD,210.375
MILAZO PE60-CH3K,716.55
MILAZO PE60-GD3K,716.55
HV2894T-BLK-12V,28.98
HV2894T-WHT-12V,28.98
WBP110,3.16
WBP145,3.49
HV3571T-BLK,60.62
HV3571T-WHT,60.62
HV3572T-BLK,91.98
HV3572T-WHT,91.98
HV3574T-BLK,149.73
HV3574T-WHT,149.73
HV3576T-BLK,221.06
HV3576T-WHT,221.06
HV2893T-BLK-12V,35.14
HV2893T-WHT-12V,35.14
HV2893T-SS316-12V,35.14
HV1699T-BLK-240V-RND,74.97
HV1699T-BLK-24V-RND,74.97
HV1435T-BLK,53.9
HV1435T-BR,53.9
HV1435T-AB,53.9
HV145-AB-BASE,15.19
HV145-BR-BASE,15.19
HV1435-P-AB,27.37
HV1435-P-BR,27.37
HV1699T-BLK-240V-SQ,74.97
HV1699T-BLK-24V-SQ,74.97
HV2826RGBCW,180.04
DARIEN PE8-ASH,730.15
DARIEN WB2-ASH,142.8
HV3626S-BR,141.96
HV3625S-BR,119.35
HV3205T-BR-12V,77.49
HV3206T-BR-12V,66.85
OL56013/4BK,190.0
OL56013/4SB,220.0
OL56013/6BK,230.0
OL56013/6SB,270.0
VR63LED,11.445
SPYEC1253WH,174.86
SPYEC1253BL,174.86
SPYEC1423WH,206.675
SPYEC1423BL,206.675
SPYEC1253BL-L,214.585
SPYEXTR90WH-EC,22.295
SPYEXTR90BL-EC,22.295
OLYM3PLEDWHT,189.0
OLYM5PLEDWHT,259.0
OLYM3PLEDGLD,299.0
OLYM5PLEDGLD,399.0
PALE1PLEDBLK,359.0
PALE1PLEDWHT,359.0
ZOLA2GLD,365.0
ZOLA3GLD,485.0
VIST1PLEDGLD,379.0
SSC069,62.29
MPP02GWE,28.33
TURA2ESMWHT,76.5
TURA2ELGWHT,88.5
AVERA EX15-BRS,223.72
SALAS PE120-CG,177.65
SALAS PE120-GY,177.65
DOWNEY FL-BK,159.7575
DOWNEY FL-WH,159.7575
MARBELL PE5-ABAM,154.615
MARBELL PE5-BKSM,130.0925
ICONICSLOPE45DKIT-White,84.0
ICONICSLOPE45DKIT-Black,84.0
ICONICSLOPE45DKIT-Brushed Chrome,84.0
MD4209W-CCT,5.72
MD4212W-CCT,9.09
FC360123BB,109.54
FC360123RB,116.2
FC368123BB,129.51
FC368123RB,138.98
MXD6821BLK,18.04
MXD6822BLK,23.77
HV8080T-BLK,74.9
HV8080T-WHT,74.9
HV8080T-BLKBR,74.9
HV8080T-WHTBR,74.9
HV2927T-BLK-240V,21.21
HV2927T-BLK-12V,21.21
HV2927T-WHT-240V,21.21
HV2927T-WHT-12V,21.21
HV2928T-BLK-240V,32.83
HV2928T-BLK-12V,32.83
HV2928T-WHT-240V,32.83
HV2928T-WHT-12V,32.83
HV2929T-BLK-240V,44.59
HV2929T-BLK-12V,44.59
HV2929T-WHT-240V,44.59
HV2929T-WHT-12V,44.59
SDC57,82.18
SMA05,21.8
SMD4309W-WIFI,10.0
HV5902T-BLK-240V,69.93
HV5902T-BLK-12V,69.93
HV5902T-AB-240V,69.93
HV5902T-AB-12V,69.93
15782,471.325
15783,471.325
15784,471.325
15785,471.325
15787,471.325
15788,688.755
15789,688.755
15790,688.755
15791,688.755
15793,688.755
15794,838.865
15795,838.865
15796,838.865
15797,838.865
15799,838.865
15968,917.83
15969,917.83
15970,917.83
15971,917.83
15973,917.83
15974,1091.995
15975,1091.995
15976,1091.995
15977,1091.995
15979,1091.995
15860,838.865
15861,838.865
15862,838.865
15863,838.865
15865,838.865
15866,688.755
15867,688.755
15868,688.755
15869,688.755
15871,688.755
15872,471.325
15873,471.325
15874,471.325
15875,471.325
15877,471.325
15050,863.94
15051,863.94
15052,863.94
15053,863.94
15055,863.94
15056,979.625
15057,979.625
15058,979.625
15059,979.625
15061,979.625
14990,373.575
14991,373.575
14992,373.575
14993,373.575
14995,373.575
14996,572.39
14997,572.39
14998,572.39
14999,572.39
15001,572.39
15002,460.02
15003,460.02
15004,460.02
15005,460.02
15007,460.02
15008,662.49
15009,662.49
15010,662.49
15011,662.49
15013,662.49
15014,625.09
15015,625.09
15016,625.09
15017,625.09
15019,625.09
15020,865.215
15021,865.215
15022,865.215
15023,865.215
15025,865.215
15026,979.625
15027,979.625
15028,979.625
15029,979.625
15031,979.625
15092,748.85
15093,748.85
15094,748.85
15095,748.85
15097,748.85
15158,625.09
15159,625.09
15160,625.09
15161,625.09
15163,625.09
15212,422.365
15213,422.365
15214,422.365
15215,422.365
15217,422.365
15218,656.88
15219,656.88
15220,656.88
15221,656.88
15223,656.88
15224,501.245
15225,501.245
15226,501.245
15227,501.245
15229,501.245
15230,760.07
15231,760.07
15232,760.07
15233,760.07
15235,760.07
15236,660.705
15237,660.705
15238,660.705
15239,660.705
15241,660.705
15242,917.83
15243,917.83
15244,917.83
15245,917.83
15247,917.83
15248,1091.995
15249,1091.995
15250,1091.995
15251,1091.995
15253,1091.995
15434,373.575
15435,373.575
15436,373.575
15437,373.575
15439,373.575
15440,572.39
15441,572.39
15442,572.39
15443,572.39
15445,572.39
15446,463.845
15447,463.845
15448,463.845
15449,463.845
15451,463.845
15452,662.49
15453,662.49
15454,662.49
15455,662.49
15457,662.49
15458,625.09
15459,625.09
15460,625.09
15461,625.09
15463,625.09
15464,865.215
15465,865.215
15466,865.215
15467,865.215
15469,865.215
15470,979.625
15471,979.625
15472,979.625
15473,979.625
15475,979.625
15512,747.15
15513,747.15
15514,747.15
15515,747.15
15517,747.15
15578,347.48
15579,347.48
15580,347.48
15581,347.48
15583,347.48
15584,371.705
15585,371.705
15586,371.705
15587,371.705
15589,371.705
15590,443.19
15591,443.19
15592,443.19
15593,443.19
15595,443.19
15596,467.5
15597,467.5
15598,467.5
15599,467.5
15601,467.5
15602,581.825
15603,581.825
15604,581.825
15605,581.825
15607,581.825
15608,609.79
15609,609.79
15610,609.79
15611,609.79
15613,609.79
15614,820.08
15615,820.08
15616,820.08
15617,820.08
15619,820.08
15620,878.39
15621,878.39
15622,878.39
15623,878.39
15625,878.39
15626,915.79
15627,915.79
15628,915.79
15629,915.79
15631,915.79
15632,990.93
15633,990.93
15634,990.93
15635,990.93
15637,990.93
15638,565.675
15639,565.675
15640,565.675
15641,565.675
15643,565.675
15644,615.655
15645,615.655
15646,615.655
15647,615.655
15649,615.655
15650,653.14
15651,653.14
15652,653.14
15653,653.14
15655,653.14
15656,703.8
15657,703.8
15658,703.8
15659,703.8
15661,703.8
15674,439.28
15675,439.28
15676,439.28
15677,439.28
15679,439.28
15680,463.845
15681,463.845
15682,463.845
15683,463.845
15685,463.845
15686,660.705
15687,660.705
15688,660.705
15689,660.705
15691,660.705
15692,711.365
15693,711.365
15694,711.365
15695,711.365
15697,711.365
15698,525.64
15699,525.64
15700,525.64
15701,525.64
15703,525.64
15704,551.905
15705,551.905
15706,551.905
15707,551.905
15709,551.905
15710,761.94
15711,761.94
15712,761.94
15713,761.94
15715,761.94
15716,814.13
15717,814.13
15718,814.13
15719,814.13
15721,814.13
15722,673.965
15723,673.965
15724,673.965
15725,673.965
15727,673.965
15728,699.975
15729,699.975
15730,699.975
15731,699.975
15733,699.975
15734,925.225
15735,925.225
15736,925.225
15737,925.225
15739,925.225
15740,951.405
15741,951.405
15742,951.405
15743,951.405
15745,951.405
15746,1007.845
15747,1007.845
15748,1007.845
15749,1007.845
15751,1007.845
15752,1082.815
15753,1082.815
15754,1082.815
15755,1082.815
15757,1082.815
15758,1110.865
15759,1110.865
15760,1110.865
15761,1110.865
15763,1110.865
15764,1186.005
15765,1186.005
15766,1186.005
15767,1186.005
15769,1186.005
15770,1193.655
15771,1193.655
15772,1193.655
15773,1193.655
15775,1193.655
15776,1294.72
15777,1294.72
15778,1294.72
15779,1294.72
15781,1294.72
15818,439.28
15819,439.28
15820,439.28
15821,439.28
15823,439.28
15824,660.705
15825,660.705
15826,660.705
15827,660.705
15829,660.705
15830,525.64
15831,525.64
15832,525.64
15833,525.64
15835,525.64
15836,761.94
15837,761.94
15838,761.94
15839,761.94
15841,761.94
15842,673.965
15843,673.965
15844,673.965
15845,673.965
15847,673.965
15848,925.395
15849,925.395
15850,925.395
15851,925.395
15853,925.395
15854,1110.865
15855,1110.865
15856,1110.865
15857,1110.865
15859,1110.865
15902,422.365
15903,422.365
15904,422.365
15905,422.365
15907,422.365
15908,656.88
15909,656.88
15910,656.88
15911,656.88
15913,656.88
15914,501.245
15915,501.245
15916,501.245
15917,501.245
15919,501.245
15920,760.07
15921,760.07
15922,760.07
15923,760.07
15925,760.07
15926,660.705
15927,660.705
15928,660.705
15929,660.705
15931,660.705
15932,917.83
15933,917.83
15934,917.83
15935,917.83
15937,917.83
15938,1091.995
15939,1091.995
15940,1091.995
15941,1091.995
15943,1091.995
18675/06,95.68
49058,69.445
ANTERA PE40-BK,92.65
ANTERA PE60-BK,141.95
ANTERA PE40-NAT,92.65
ANTERA PE60-NAT,141.95
LENORE EX215-BK,109.395
LENORE EX215-WH,109.395
LENORE EX170-BK,71.06
LENORE EX170-WH,71.06
LANG CS-BKBK,16.405
LANG CS-WH,16.405
LANG CS-NKBK,16.405
LANG CS-ABBK,16.405
DAXIA PE60-BKGD,147.9
DAXIA PE60-WHGD,147.9
DAXIA PE80-BKGD,231.2
DAXIA PE80-WHGD,231.2
203653N,31.2375
MAMO EX25-BK,117.81
MAMO EX25-WH,117.81
SETRA TL-AGOM,35.7
SETRA TL-BKOM,33.0225
SETRA TL-NKOM,35.7
NOTAL TL-BKOP,38.25
NOTAL TL-BLOP,38.25
NOTAL TL-GNOP,38.25
NOTAL TL-WHOP,38.25
Bagota,209.89
Nagoya,107.51
Tijuana,161.44
MPH1000,210.77
MPH1500,240.75
MPH2000,264.56
MPH2400,298.95
Surat,129.88
Santiago,113.0
Bristol,123.89
Atlanta,118.4
Dhaka,123.79
Cardiff,127.54
Lima1,107.51
Lima2,107.51
Flatmate,48.41
Penmate,32.25
Buddy,21.51
CLESSIDRA3,355.18
CLESSIDRA4,355.18
CLESSIDRA1X3R,193.24
CLESSIDRA2X3R,193.24
HV96631-12V30W,48.51
HV96631-24V30W,48.51
21837/06,45.13
CLESSIDRA1,75.3
CLESSIDRA2,75.3
MARBELL CTC6ABAM,160.0975
MARBELL CTC6BKSM,136.425
MARBELL CTC8ABAM,184.6625
MARBELL CTC8BKSM,160.99
CRISTAL1,96.8
CRISTAL2,96.8
5516010-COG,93.4915
AUL022BLK,81.7
25702,19.55
20262,94.35
20263,94.35
22701,99.875
22702,99.875
22703,104.72
MARSTEN PE7-AGOM,266.8575
MARSTEN PE7-BKOM,240.0825
MARSTEN PE12-AGO,379.3125
MARSTEN PE12-BKO,365.0325
SSWM10-ZB,35.87
SSWM10-WIFI,30.34
SSW04GN-ZB,40.86
SSW03GN-ZB,37.38
SSW02GN-ZB,34.81
SSW01GN-ZB,32.47
ER7-TRI-B-LT,25.9
ER7-TRI-W-LT,25.9
MARSTEN PE8-AGOM,266.8575
MARSTEN PE8-BKOM,240.0825
MARSTEN PE5-AGOM,209.7375
MARSTEN PE5-BKOM,196.35
MARSTEN WB-AGOM,43.7325
MARSTEN WB-BKOM,41.9475
206222,22.0
MORAN PE09-AGOP,254.15
MORAN PE09-BKSM,208.25
INDIO PE4-BK,200.09
OMAR PE4-BK,195.4575
VARLIN PE18-BKMR,296.31
VARLIN PE12-BKMR,194.565
HV5901T-BR-240V,69.93
HV5901T-BR-12V,69.93
HV5901T-AB-240v,69.93
HV5901T-AB-12V,69.93
HV5901T-BLK-240V,69.93
HV5901T-BLK-12V,69.93
HV1488T-BLK,46.13
CLAHACAN28WSBCFR,2.83
72755,109.08
HV8104T-BLK,136.57
HV8104T-WHT,136.57
HV8103T-BLK,109.27
HV8103T-WHT,109.27
HV8102T-BLK,78.05
HV8102T-WHT,78.05
HV8101T-BLK,58.59
HV8101T-WHT,58.59
6N2412523047,82.0
6N2412523001,82.0
6N2412533047,227.0
6N2412533001,227.0
5510250,569.4915
5510251,569.4915
5516046,67.9915
5516045,76.4915
5510332,424.9915
5510333,1189.9915
5510265-BKCH,552.4915
5510268-BKCH,1019.9915
5510270-BKCH,1699.9915
5510260-BKCH,339.9915
5510265-GD,552.4915
5510268-GD,1019.9915
5510270-GD,1699.9915
5510260-GD,339.9915
5516031-BK,42.4915
5516032-BK,76.4915
5516033-BK,118.9915
5516031-GD,46.7415
5516032-GD,84.9915
5516033-GD,127.4915
5516040,110.4915
5516041,101.9915
5520081-3K,8.9165
5520081-6K,8.9165
5505125,38.2415
5505126,38.2415
5505127,50.9915
5505128,50.9915
ARAGON PE75-WH,300.135
ARAGON PE52-WH,166.43
ARAGON PE35-WH,110.9675
MORENO PE5-AS,322.15
65126,8.5
MORENO PE8-AS,479.4
MORENO WB-BK,63.75
MALVERN TL2-AS,88.4
MALVERN WB2-AS,84.15
VERIK FL-BK,75.8625
VERIK FL-BRSBK,81.2175
VERIK FL-BE,75.8625
VERIK TL-BK,35.7
VERIK TL-BRSBK,39.27
VERIK TL-BE,35.7
206199,339.15
206503,339.15
390178,126.65
390177,58.65
390176,101.15
390362,551.65
390359,466.65
390361,747.15
390348,781.15
390347,488.75
390346,781.15
390345,488.75
390055,684.25
390353,1172.15
390352,1172.15
5509050,110.4915
5509051,169.9915
5509052,212.4915
MALVERN PE03-AS,143.65
MALVERN PE08-AS,407.15
MALVERN PE12-AS,534.65
MALVERN FL3-AS,228.65
DALTON PE3-BK,158.1
DALTON PE4-BK,227.8
DALTON PE6-BK,330.65
HOSLEY PE4-BK,318.75
HOSLEY PE6-BK,403.75
HOSLEY CTC4-BK,277.95
VESTAL PE6-BK,320.45
VESTAL PE4-BK,205.7
CAPTIVA PE16-BK,706.35
CAPTIVA PE24-BK,1117.75
CAPTIVA PE16-AG,733.55
CAPTIVA PE24-AG,1154.3
LUCID PE065-BK,424.15
LUCID PE065-WD,424.15
LUCID PE180-BK,334.9
LUCID PE180-WD,334.9
FONSECA WB-AG,64.6
FONSECA WB-BK,59.5
SMA011-ZB,19.07
CB001,104.97
22771/05,93.38
22772/05,119.31
22773/05,103.75
22774/05,129.69
UA4245/3000WH,65.0
UA4245/4000WH,65.0
22747/06,41.5
22747/05,41.5
22781/06,41.5
22781/05,41.5
PELION PE5-CH,252.5775
PELION PE5-AG,261.5025
PELION PE4-CH,257.04
PELION PE1-CH,94.605
PELION PE1-AG,99.96
CATANIA PE18-AG,788.205
CATANIA PE08-AG,330.055
SMA018-WIFI,46.32
JOSHUA WB-GD,36.55
JOSHUA WB-BK,36.55
TIPICO PE9-GM,389.3
TIPICO PE9-GD,382.5
TIPICO PE6-GM,254.15
CAPSTAN EX35-BK,77.1375
CAPSTAN EX25-BK,56.185
MALIN PE-GN,185.13
MALIN PE-GY,185.13
MALIN PE-BK,185.13
6N2418051001,82.0
6N2418071003,118.0
6N2418098003,150.0
SISW11-WIFI,44.25
SISW11-ZB,49.1
SISWD11-WIFI,47.12
SISWD11-ZB,52.48
S9B15LED13-ZB,14.13
S9E14LED13-ZB,14.13
S9B15LED12-ZB,14.13
S9E14LED12-ZB,14.13
MGM-6L,899.0
MGM-8L,1299.0
11375,20.0
11300,13.65
PINTA PE08-GD,232.05
PINTA PE10-GD,328.44
PINTA PE10-BK,328.44
MALLORY EX40-BK,87.89
MALLORY EX30-BK,59.84
RYE PE20-BRS,140.9725
RYE PE20-BK,140.9725
RYE PE27-BRS,241.0175
RYE PE27-BK,241.0175
HV1027GU10T,41.58
HV1037GU10T,41.58
HV1047GU10T,41.58
206167,73.7375
206168,70.125
206169,122.825
206171,116.875
206172,161.925
206173,154.275
206318,339.15
206331,83.725
206329,41.65
206379,73.95
206382,73.95
206381,93.925
206383,93.925
390397,684.25
390399,1172.15
390398,1172.15
TORSO PE9-BRS,495.55
TORSO PE9-BK,447.1
TORSO PE5-BRS,202.3
TORSO PE5-BK,190.4
TORSO PE3-BRS,161.5
TORSO PE3-BK,153.85
TORSO PE5B-BK,273.7
TORSO FL-BRS,285.6
TORSO FL-BK,267.75
TORSO TL-BRS,166.6
TORSO TL-BK,158.95
TORSO WB-BRS,114.75
TORSO WB-BK,108.8
TARSON PE1T-BKGD,255.595
TARSON PE3T-BKGD,705.7975
HOLLIS EX55-BK,101.915
HOLLIS EX35-BK,88.825
HOLLIS EX35-WH,88.825
HOLLIS EX25-BK,73.865
HOLLIS EX25-WH,73.865
FELTON PE06BKSMT,237.49
FELTON PE06BKSM,237.49
FELTON PE06BKFRT,237.49
FELTON PE06BKCLP,237.49
FELTON PE06BKAMT,237.49
FELTON PE06BKOM,237.49
FELTON PE06AGSMT,237.49
FELTON PE06AGSM,237.49
FELTON PE06AGOM,237.49
FELTON PE06AGFRT,237.49
FELTON PE06AGCLP,237.49
FELTON PE06AGAMT,237.49
FELTON PE09BKSMT,362.78
FELTON PE09BKSM,362.78
FELTON PE09BKFRT,362.78
FELTON PE09BKCLP,362.78
FELTON PE09BKAMT,362.78
FELTON PE09BKOM,362.78
FELTON PE09AGSMT,362.78
FELTON PE09AGSM,362.78
FELTON PE09AGFRT,362.78
FELTON PE09AGCLP,362.78
FELTON PE09AGAMT,362.78
FELTON PE09AGOM,362.78
FELTON PE12BKSMT,498.355
FELTON PE12BKSM,498.355
FELTON PE12BKFRT,498.355
FELTON PE12BKCLP,498.355
FELTON PE12BKAMT,498.355
FELTON PE12BKOM,498.355
FELTON PE12AGSMT,498.355
FELTON PE12AGSM,498.355
FELTON PE12AGFRT,498.355
FELTON PE12AGCLP,498.355
FELTON PE12AGAMT,498.355
FELTON PE12AGOM,498.355
SIEDEL PE03SH-CP,143.735
SIEDEL PE05SH-CP,189.21
SIEDEL PE06SH-CP,224.655
SIEDEL PE08SH-CP,296.5225
SIEDEL PE09SH-CP,293.8025
SIEDEL PE15SH-CP,494.785
SIEDEL WB1SH-CP,38.2075
SIEDEL WB2SH-CP,58.225
SIEDEL WB1-CP,30.94
SIEDEL WB2-CP,43.69
SIEDEL PE03-CP,124.61
SIEDEL PE05-CP,157.3775
SIEDEL PE06-CP,186.4475
SIEDEL PE08-CP,245.565
SIEDEL PE09-CP,215.56
SIEDEL PE15-CP,352.92
VELDEN WB-CP,42.755
VELDEN PE01-CP,105.5275
VELDEN PE04-CP,195.5425
VELDEN PE06-CP,271.9575
VELDEN PE12-CP,532.0575
HV10291T,79.59
HV10292T,149.94
HV10391T,79.59
HV10392T,149.94
HV10591T,170.38
HV10592T,314.23
BOBO BF20-BKCL,38.25
BOBO BF20-BKOM,38.25
BOBO BF20-AGOM,41.65
MASTO WB1-WH83,41.65
ECHO WB-BK,31.025
ECHO WB-WH,31.025
ECHO WB-AG,36.465
OL60660/150SB,458.0
OL60660/150BZ,458.0
OL60670/150SB,598.0
OL60670/150BZ,598.0
DOVER PE56-BK,256.53
DOVER PE56-AS,256.53
DOVER PE45-BK,180.03
DOVER PE45-AS,180.03
DOVER PE33-BK,145.35
DOVER PE33-AS,145.35
VERSO TL-IV,50.15
VERSO TL-GN,50.15
VERSO TL-CF,50.15
VERSO TL-BL,50.15
VERSO TL-BK,50.15
HV3691T-BLK-240V,45.08
HV3691T-WHT-240V,45.08
HV3692W-BLK,36.05
HV3692W-WHT,36.05
8R135001000,895.0
8R135001001,895.0
8R135001059,895.0
8R135001054,895.0
8R135001046,895.0
8R135001070,1395.0
8R135001009,895.0
8R134001000,400.0
8R134001001,400.0
8R134001054,400.0
8R134001046,400.0
8R134001070,695.0
8R134001009,400.0
8R134001059,400.0
8R136001001,400.0
8R136001046,400.0
8R136001009,400.0
8R136001059,400.0
6N2312173001,159.0
6N2312153001,114.0
BH202ESWWH,109.52
FELTON WB1-BKSMT,35.53
FELTON WB1-BKSM,35.53
FELTON WB1-BKOM,35.53
FELTON WB1-BKFRT,35.53
FELTON WB1-BKCLP,35.53
FELTON WB1-BKAMT,35.53
FELTON WB1-AGSMT,35.53
FELTON WB1-AGSM,35.53
FELTON WB1-AGOM,35.53
FELTON WB1-AGFRT,35.53
FELTON WB1-AGCLP,35.53
FELTON WB1-AGAMT,35.53
FELTON WB2-BKSMT,55.165
FELTON WB2-BKSM,55.165
FELTON WB2-BKOM,55.165
FELTON WB2-BKFRT,55.165
FELTON WB2-BKCLP,55.165
FELTON WB2-BKAMT,55.165
FELTON WB2-AGSMT,55.165
FELTON WB2-AGSM,55.165
FELTON WB2-AGOM,55.165
FELTON WB2-AGFRT,55.165
FELTON WB2-AGCLP,55.165
FELTON WB2-AGAMT,55.165
20290,135.065
KATRIN PE-BKNAT,52.785
KATRIN FL-BKNAT,80.07
KATRIN TL-BKNAT,49.13
6N2418291003,82.0
6N2418311003,68.0
6N2418311050,68.0
6N2418311061,68.0
6N2418231003,55.0
6N2318131061,159.0
6N2318051003,127.0
6N2318051009,127.0
6N2412103003,91.0
6N2412103018,91.0
6N2412103009,91.0
6N2412143003,286.0
VAPFV100,45.535
FELTON WBA-BKSMT,49.555
FELTON WBA-BKSM,49.555
FELTON WBA-BKOM,49.555
FELTON WBA-BKFRT,49.555
FELTON WBA-BKCLP,49.555
FELTON WBA-BKAMT,49.555
FELTON WBA-AGSMT,49.555
FELTON WBA-AGSM,49.555
FELTON WBA-AGOM,49.555
FELTON WBA-AGFRT,49.555
FELTON WBA-AGCLP,49.555
FELTON WBA-AGAMT,49.555
AYDIN PE28-AB,114.75
AYDIN PE35-AB,140.25
MASYA PE-AB,143.65
FELTON TL-BKSMT,55.165
FELTON TL-BKSM,55.165
FELTON TL-BKOM,55.165
FELTON TL-BKFRT,55.165
FELTON TL-BKCLP,55.165
FELTON TL-BKAMT,55.165
FELTON TL-BKMSMT,55.165
FELTON TL-BKMSM,55.165
FELTON TL-BKMOM,55.165
FELTON TL-BKMFRT,55.165
FELTON TL-BKMCLP,55.165
FELTON TL-BKMAMT,55.165
FELTON TL-WHMSMT,55.165
FELTON TL-WHMSM,55.165
FELTON TL-WHMOM,55.165
FELTON TL-WHMFRT,55.165
FELTON TL-WHMCLP,55.165
FELTON TL-WHMAMT,55.165
ELSON PE06-BKSMT,195.415
ELSON PE06-BKSM,195.415
ELSON PE06-BKOM,195.415
ELSON PE06-BKFRT,195.415
ELSON PE06-BKCLP,195.415
ELSON PE06-BKAMT,195.415
ELSON PE06-AGSMT,195.415
ELSON PE06-AGSM,195.415
ELSON PE06-AGOM,195.415
ELSON PE06-AGFRT,195.415
ELSON PE06-AGCLP,195.415
ELSON PE06-AGAMT,195.415
JONSEL PE50-BK,101.8725
JONSEL PE50-WH,101.8725
JONSEL PE30-BK,51.85
JONSEL PE30-WH,51.85
JONSEL PE20-BK,36.38
JONSEL PE20-WH,36.38
BIRGET PE30-CF,67.32
HV1458T-BLK,63.0
HV1491T-BR,96.95
XO308,154.77
HV1691T-BLK-240V,80.15
HV1692W-BLK,62.51
HV1457T,77.49
TYSON PE06-AGSMT,217.855
TYSON PE06-AGSM,217.855
TYSON PE06-AGOM,217.855
TYSON PE06-AGFRT,217.855
TYSON PE06-AGCLP,217.855
TYSON PE06-AGAMT,217.855
TYSON PE06-BKSMT,217.855
TYSON PE06-BKSM,217.855
TYSON PE06-BKOM,217.855
TYSON PE06-BKFRT,217.855
TYSON PE06-BKCLP,217.855
TYSON PE06-BKAMT,217.855
SKYLA WB-WHOP,38.2925
SKYLA WB-BKOP,38.2925
SKYLA WB-AGOP,41.9475
CHAD FL-WDBK,135.66
CHAD TL-WDBK,54.4425
PINO3,85.96
PINO7,75.3
PINO1,85.96
PINO5,75.3
PINO2,85.96
PINO6,75.3
PINO4X3R,241.91
PINO8X3R,214.97
MG3981,56.5
FUSELL TL-WHGD,84.7875
HV1441T-BLK,52.36
HV1441-POST,14.14
SENECA TL-WHGD,102.6375
JACONA TL-PN,52.6575
INWOOD TL-PN,47.3025
HV1441-HOOD,7.07
SHELBY TL-CM,37.315
HV1441-L-LENS,3.29
NANCY TL-SLWH,42.415
HOFF TL-BKOM,57.12
RHINO WB-GD,92.65
21959,15.11
FC2110093WH,96.03
FC2118093WH,115.44
FC2110123WH,105.74
FC2118123WH,125.14
FC2110134WH,120.29
FC2118134WH,139.69
FC970123WH,171.75
FC970123BK,171.75
FC978123WH,208.92
FC978123BK,208.92
FC970133WH,188.32
FC970133BK,188.32
FC978133WH,228.27
FC978133BK,228.27
FC700134WHHA,175.49
FC700134BKHA,175.49
FC708134WHHA,208.34
FC708134BKHA,208.34
FC950124WH,82.46
FC958124WH,100.97
BALLE1R,42.92
BALLE2R,42.92
BALLE3R,42.92
BALLE1,41.26
BALLE2,41.26
BALLE3,41.26
TIEMPO1,91.45
TIEMPO2,85.96
TIEMPO3,85.96
TIEMPO4,74.98
TIEMPO5,74.98
VARILLAS1,96.84
VARILLAS2,91.45
VARILLAS3,91.45
VARILLAS5,74.98
RODILLO1,96.84
RODILLO2,91.45
RODILLO3,91.45
RODILLO4,80.7
RODILLO5,80.7
JURA PE2T-GD3C,607.75
JURA PE2T-CH3C,607.75
JURA PE3T-GD3C,1077.8
JURA PE3T-CH3C,1077.8
JURA PE1T-GD3C,329.8
JURA PE1T-CH3C,329.8
JURA PE6T-GD3C,2671.55
JURA PE6T-CH3C,2671.55
JURA CTC40-GD3C,295.8
JURA CTC40-CH3C,295.8
JURA CTC50-GD3C,350.2
JURA CTC50-CH3C,350.2
JURA CTC2-GD3C,810.9
JURA CTC2-CH3C,810.9
JURA CTC3-GD3C,1105.0
JURA CTC3-CH3C,1105.0
LERIDA PE8-CH,100.045
LERIDA PE9-CH,138.38
LERIDA PE12-CH,221.595
CALIZ1,96.84
CALIZ2,75.3
CALIZ3,91.45
CALIZ4,69.9
PAROL1,74.94
PAROL2,74.94
PAROL3,91.45
PAROL4,134.68
PAROL5,134.68
PAYONG1,64.23
PAYONG2,64.23
PAYONG3,74.94
PAYONG4,134.5
PAYONG5,134.5
VILLAKU1,69.72
VILLAKU2,69.72
206345,28.6875
206347,38.4625
206352,48.2375
206354,66.9375
206346,28.6875
206348,38.4625
206353,48.2375
206355,66.9375
5509040,101.9915
5509041,101.9915
THORIN PE120-BK,235.62
THORIN PE120-WH,235.62
THORIN PE180-BK,282.03
THORIN PE180-WH,282.03
HANAMI PE22-OG,33.0225
HANAMI PE22-NK,49.98
HANAMI PE22-GN,33.0225
HANAMI PE22-BRS,49.98
HANAMI PE22-BK,33.0225
HANAMI PE22-BE,33.0225
HANAMI PE44-OG,73.185
HANAMI PE44-NK,105.315
HANAMI PE44-GN,73.185
HANAMI PE44-BRS,105.315
HANAMI PE44-BK,73.185
HANAMI PE44-BE,73.185
KATHAL1,80.7
KATHAL2,80.7
KATHAL3,80.7
KATHAL4,80.7
KATHAL5,80.7
BRINLEY EX28-BK,122.7825
BRINLEY EX35-BK,208.2925
ELDON EX-BK,46.665
ELDON EX-WH,46.665
TRUMAN EX1-BK,49.555
TRUMAN EX1-WH,49.555
TRUMAN EX2-WH,71.06
5510226-GD,722.4915
5510226-BK,722.4915
5510227-GD,1954.9915
5510227-BK,1954.9915
5516050,76.4915
5516051,67.9915
5516056,101.9915
5516055,110.415
5509030,50.9915
5509031,72.2415
5509032,101.9915
5509033,50.9915
5509034,72.2415
5509035,101.9915
206183,239.2
206184,279.2
206185,71.2
RIAS CTC40-GD3C,363.8
RIAS CTC40-CH3C,363.8
RIAS CTC50-GD3C,430.95
RIAS CTC50-CH3C,430.95
TURIN TL-BK,45.9
TURIN TL-KH,45.9
TURIN FL3-BK,72.42
TURIN FL3-KH,72.42
TURIN PE5-BK,89.25
TURIN PE5-KH,89.25
GILSON WB40-AG3C,64.6
GILSON WB40-BK3C,54.57
GILSON WB60-CH3C,74.5875
GILSON WB60-BK3C,63.665
GILSON WB60-AG3C,74.5875
GILSON WB80-BK3C,75.5225
GILSON WB80-AG3C,90.0575
ARZANO WB35-BK,99.96
ARZANO WB35-AB,99.96
ARZANO WB25-BK,84.745
ARZANO WB25-AB,84.745
FUNALE1,481.71
FUNALE2,697.14
FUNALE3,1180.23
FUNALE4,643.16
FUNALE5,912.15
FUNALE6,1610.25
MARRAKESH05,200.6
MARRAKESH01,288.39
MARRAKESH02,188.05
MARRAKESH04,112.81
MARRAKESH10,200.6
MARRAKESH06,288.39
MARRAKESH07,188.05
MARRAKESH09,112.81
MARRAKESH08,188.05
22545/06,71.59
22546/06,113.09
22547/06,164.96
LOGIK TS55.3-BK,66.9375
LOGIK TS55.3-WH,66.9375
LOGIK TS65.3-BK,88.3575
LOGIK TS65.3-WH,88.3575
HV3686T-BLK,65.45
HV3686T-WHT,65.45
HV3687T-BLK,67.62
HV3687T-WHT,67.62
HV2826CCT-BLK,148.68
HV28261CCT-BLK,25.83
HV2826-EXT-CCT-2M,5.74
HV2826-EXT-CCT-4M,8.19
HV2826RGBCW-BLK,180.04
HV28261RGBCW-BLK,26.67
HV2826-EXT-RGBCW-2M,8.96
HV2826-EXT-RGBCW-4M,10.57
PRADA EX-WH,80.75
OL54251BK,58.0
OL54251CH,70.0
OL54251SB,70.0
OL54251WH,58.0
OL54191BK,70.0
OL54191WH,70.0
OL54191SB,85.0
OL54225BK,49.0
OL54225WH,49.0
OL54225SB,59.0
OL69463SB,95.0
PL243WH,511.0
OL60980/120BK,390.0
OL60650/1500,598.0
OL7651BK,110.0
OL7631BK,99.0
OL7631WH,99.0
OL53201/25NAT,143.0
OL53201/20NAT,107.0
OL53201/25BK,131.0
OL53201/20BK,95.0
OL53201/25WH,131.0
OL53201/20WH,95.0
OL65951BZ,125.0
HV36592W-BLK,91.91
HV36592W-WHT,91.91
HV36592W-SS316,91.91
GASTON PE2-BKSMT,64.515
GASTON PE2-BKSM,64.515
GASTON PE2-BKOM,64.515
GASTON PE2-BKFRT,64.515
GASTON PE2-BKCLP,64.515
GASTON PE2-BKAMT,64.515
GASTON PE2-AGSMT,64.515
GASTON PE2-AGSM,64.515
GASTON PE2-AGOM,64.515
GASTON PE2-AGFRT,64.515
GASTON PE2-AGCLP,64.515
GASTON PE2-AGAMT,64.515
BE550ESPWH,79.9
RIAS PE2T-GD3C,640.9
RIAS PE2T-CH3C,640.9
RIAS PE3T-GD3C,1152.6
RIAS PE3T-CH3C,1152.6
RIAS PE6T-GD3C,2901.9
FD360600BK,24.63
21353/05,20.75
18063/05,21.79
MD4106W-CCT,5.18
20051/05,31.13
SSWMODPIR-WIFI,49.65
SSWMODPIR-ZB,55.17
FF103330BK,145.14
FF62330BK,203.7
FF83320BK,109.68
FF62230BK,198.98
MWL007WHT,19.8
MX4971BLK,32.08
MXS0450,36.05
LUCENT OY60-GD,550.715
SSC010,38.54
MSL3050,74.49
MSL30100,101.78
MSL213,85.54
MSL215,103.18
MI57100D,115.06
MI57150D,135.13
MI57200D,167.32
HV3693T-BLK,40.46
HV1693T-BLK-240V,72.8
HV3694W-BLK,46.34
HV5894W-BLK,44.87
HV6006T-BLK,153.65
HV6006T-WHT,153.65
HV6005T-BLK,116.9
HV6005T-WHT,116.9
HV1442T-BLK,52.36
HV3672W-BLK,32.34
MIKA PE14-GY,33.15
MIKA PE18-GY,45.9
MIKA PE03-GY,148.75
MIKA FL3-GY,133.45
MIKA TL-GY,42.5
BURCH EX-BK,51.8075
LERIDA CTC6-GD,98.175
LERIDA CTC6-CH,98.175
LERIDA CTC4-GD,57.97
LERIDA CTC4-CH,57.97
CHERRY-13 Gold / Opal,399.0
CHERRY-13 Black / Opal,349.0
TANGO-1P Wood,119.95
QUINTO-1P Wood,119.95
PALAZZO-A3,249.0
MDA001,1.25
MX1210O-CCT-SEN,30.21
PL250WH,530.6
PL260WH,679.0
PL243BLK,511.0
PL250BLK,530.6
PL260BLK,679.0
390217N,381.65
390216N,254.15
TORQUE5,53.75
TORQUE6,53.75
TORQUE7,53.75
TORQUE8,53.75
TORQUE9,208.62
WIGTRI1,87.58
WIGTRI2,87.58
MIO PE80-BK,580.55
GOVAN PE5B-AG,258.4
LACOTA PE6-BK,200.94
LACOTA PE4-BK,152.49
LACOTA CTC4-BK,113.22
NAVARO PE240-WH,203.15
NAVARO PE240-GDB,203.15
NAVARO PE120-WH,177.65
NAVARO PE120-GDB,177.65
BALLY PE 08-BKOM,54.6975
BALLY PE 08-AGOM,54.6975
BALLY PE 08-AGMB,54.6975
BALLY PE 08-NKOM,54.6975
BALLY PE 10-BKOM,73.865
BALLY PE 10-AGOM,73.865
BALLY PE 10-NKOM,73.865
BALLY PE 10-AGMB,73.865
BALLY PE 12-BKOM,98.175
BALLY PE 12-AGOM,98.175
BALLY PE 12-NKOM,98.175
BALLY PE 12-AGMB,98.175
BALLY PE16-BKOM,158.015
BALLY PE16-AGOM,158.015
BALLY PE16-NKOM,158.015
BALLY PE16-AGMB,158.015
18062/05,29.05
BOTANY-92-LED-D55,892.0
BOTANY-92-LED-D65,986.75
BOTANY-92-LED-D75,1149.2
BOTANY-92-LED-D95,2117.65
IMPERO-40 Bronze,615.9
IMPERO-50 Bronze,845.95
5520016,8.4915
22128/06,107.9
22128/05,107.9
5512014-BLK,24.6415
5512014-WH,24.6415
5512016-BLK,29.7415
5512016-WH,29.7415
MWL004BRS,35.28
AUL1023BLK,25.5
MXD1035,18.56
MXD1035-SEN,31.34
OL7664BK,98.0
OL7664WH,98.0
OL54271SB,79.0
OL54271BK,70.0
OL54271WH,70.0
OL54292SB,110.0
OL54292BK,98.0
OL54292WH,98.0
MX7391P-BLK,165.96
LOVISA FL-WL,180.115
LOVISA FL-OAK,180.115
GASTON WB-BKSMT,24.31
GASTON WB-BKSM,24.31
GASTON WB-BKOM,24.31
GASTON WB-BKFRT,24.31
GASTON WB-BKCLP,24.31
GASTON WB-BKAMT,24.31
GASTON WB-AGSMT,24.31
GASTON WB-AGSM,24.31
GASTON WB-AGOM,24.31
GASTON WB-AGFRT,24.31
GASTON WB-AGCLP,24.31
GASTON WB-AGAMT,24.31
SSW01GBC-ZB,38.64
SSW01GBC-WIFI,33.12
HV9508,9.59
S9E27LEDP38-ZB,22.7
ORTON PE7-BKSMT,232.815
ORTON PE7-BKSM,232.815
ORTON PE7-BKOM,232.815
ORTON PE7-BKFRT,232.815
ORTON PE7-BKCLP,232.815
ORTON PE7-BKAMT,232.815
ORTON PE7-AGSMT,232.815
ORTON PE7-AGSM,232.815
ORTON PE7-AGOM,232.815
ORTON PE7-AGFRT,232.815
ORTON PE7-AGCLP,232.815
ORTON PE7-AGAMT,232.815
OL65010/6BK,310.0
OL65010/6SB,370.0
ATALA WB40-BKGD,75.48
ATALA WB40-WH,75.48
ATALA WB60-BKGD,88.655
ATALA WB60-WH,88.655
SKY OY60.3C3D-BK,111.265
SKY OY60.3C3D-WH,111.265
22779/05,88.19
SKY OY40.3C3D-BK,55.165
SKY OY40.3C3D-WH,55.165
SKY OY30.3C3D-BK,36.465
SKY OY30.3C3D-WH,36.465
SKY OY23.3C3D-BK,27.115
SKY OY23.3C3D-WH,27.115
22780/05,119.31
LERIDA PE24-CH,550.715
LERIDA PE24-GD,550.715
LERIDA PE18R-GD,506.77
LERIDA PE18R-CH,506.77
SOVIN PE25-GY,38.25
SOVIN PE35-GY,58.65
LERIDA PE12V-CH,225.335
LERIDA PE12V-GD,225.335
SUMNER PE-BK,157.9725
SUMNER PE-BRS,157.9725
SUMNER PE-WH,157.9725
20693/05,48.88
BOUR8PBLK,339.0
BOUR5PBLK,239.0
BOUR3PBLK,139.0
BOUR1PBLK,69.0
LINC1EBLK,89.0
LINC1EWHT,89.0
VALORA TL-GMBK,51.85
VALORA TL-BZNAT,51.85
LYNDRA TL-GMBK,67.15
LYNDRA TL-BZNAT,67.15
JIBARA TL-BKBRS,60.35
JIBARA TL-BEBRS,60.35
SORENS TL17-BRW,39.27
SORENS TL17-NAT,39.27
20663101,147.0
20663102,147.0
20663201,152.25
20663202,152.25
20663501,23.1
20663502,23.1
204347,42.0
204346,42.0
HV2881T-SLV-12V,32.06
HV2881T-BLK-12V,32.06
DCFAN3SPWC,17.15
DCFAN3SPWCL,17.15
VOLEN PE1-BKSM,84.7875
VOLEN PE4B-BKSM,284.7075
VOLEN PE5-BKSM,380.205
LYRIC OY30-WD3C,54.57
LYRIC OY40-WD3C,77.3075
LYRIC OY50-WD3C,103.7
THALIA OY30-WD3C,53.55
THALIA OY40-WD3C,75.8625
THALIA OY50-WD3C,101.745
ORLIN OY30-WD3C,43.35
ORLIN OY42-WD3C,70.55
ORLIN OY50-WD3C,102.0
CORSA PE150-BK,345.015
CORSA PE150-WH,345.015
39459,1376.15
5505132,118.9915
5505133,118.9915
5505130,84.9915
5505131,84.9915
5505134,178.4915
5505135,178.4915
VERANO PE-BRS,37.485
VERANO PE-GM,37.485
VERANO PE-CP,37.485
SSC04G-LTE,155.74
206384,34.85
206385,43.775
206386,70.55
KINSO WB35-AGOM,50.15
KINSO WB35-ASOM,50.15
KINSO WB35-CPOM,50.15
KINSO WB50-AGOM,92.65
KINSO WB50-CPOM,92.65
KINSO WB50-ASOM,92.65
MOLENA PE5-GD,176.8
MOLENA PE6-GD,206.55
MOLENA PE6-CH,206.55
MOLENA PE8-GD,275.4
MOLENA PE8-CH,275.4
MOLENA PE10-GD,378.25
MOLENA PE10-CH,378.25
MOLENA PE10RE-GD,371.45
MOLENA PE10RE-CH,371.45
PENSHADE3,88.36
PENSHADE4,88.36
MONTE PE12-BRS,960.5
MONTE PE8-BRS,679.15
MONTE PE16-BRS,918.0
MONTE WB3-BRS,181.05
SHIRON PE4-NKIV,150.8325
SHIRON PE4-BRSIV,150.8325
SHIRON PE6-NKIV,246.33
SHIRON PE6-BRSIV,246.33
66140,28.985
66136,21.42
PL250WTL,573.3
PL260WTL,723.8
PL250BTL,573.3
PL260BTL,723.8
PL250SLV,530.6
PL260SLV,679.0
PL250TDW,573.3
PL260TDW,723.8
GELATINA1,165.57
GELATINA2,165.57
GELATINA3,165.57
LABU1,191.44
AVI-1PN-25-E27-CL-GD,121.1
AVI-1PN-25-E27-AM-GD,121.1
AVI-1PN-25-E27-SM-GD,121.1
LABU2,191.44
WHI-3PN-30-G9-CL-GD,121.8
WHI-3PN-30-G9-AM-GD,121.8
WHI-3PN-30-G9-SM-GD,121.8
BLOC EX5-BK3C,33.66
BLOC EX5-SL3C,33.66
BLOC EX5-WH3C,33.66
BLOC EX8-BK3C,55.08
BLOC EX8-SL3C,55.08
BLOC EX8-WH3C,55.08
20285,360.315
20284,16.9
20288,16.9
20287,16.9
BIL-30WL-5W-BR,72.8
BIL-30WL-5W-CH,72.8
BIL-15WL-5W-BR,51.8
BIL-15WL-5W-CH,51.8
BUL-150PN-80W-BK,439.6
BUL-150PN-80W-BR,439.6
BUL-200PN-110W-BK,679.0
BUL-200PN-110W-BR,679.0
20989,10.5
20516,5.5
20988,9.5
SMLD552-ZB,50.57
SMLD552-WIFI,46.4
HV1237GU10T,34.72
HV1227GU10T,34.72
HV1247GU10T,34.72
PVPXDC250WHRDR,109.69
PVPXDC200WHRDR,85.085
PVPXDC250WHSQR,109.69
PVPXDC200WHSQR,85.085
HV1147GU10T,32.06
HV3205T-BLK-12V,48.16
HV3205T-WHT-12V,48.16
HV3206T-BLK-12V,38.43
HV3206T-WHT-12V,38.43
HV3215T-BLK-12V,48.16
HV3215T-WHT-12V,48.16
HV3216T-BLK-12V,38.43
HV3216T-WHT-12V,38.43
CAN-15CT-GU10-BR,55.3
CAN-15CT-GU10-BK,55.3
CAN-15CT-GU10-WH,55.3
CAN-30CT-GU10-BR,90.3
CAN-30CT-GU10-BK,90.3
CAN-30CT-GU10-WH,90.3
ZAFRA CTC54-BK,234.7275
OREN CTC915-BK3C,39.27
OREN CTC915-WH3C,39.27
OREN CTC912-BK3C,29.92
OREN CTC912-WH3C,29.92
OREN CTC918-BK3C,43.01
OREN CTC918-WH3C,43.01
CEDRO PE5-BK,214.115
CEDRO PE1-BK,55.165
PVPXDC200WHRDLEDR,111.195
CEDRO PE4-BK,201.025
PVPXDC200WHSQLEDR,111.195
ZAFRA PE3T-BK,335.58
ZAFRA PE2T-BK,195.4575
EMERSON PE25-BK,76.755
EMERSON PE25-CH,76.755
EMERSON PE25-NK,76.755
EMERSON PE25-AG,76.755
PVPXDC250WHRDLEDR,137.305
EMERSON PE45-BK,156.1875
EMERSON PE45-AG,156.1875
EMERSON PE45-NK,156.1875
EMERSON PE45-CH,156.1875
PVPXDC250WHSQLEDR,137.305
EMERSON PE35-BK,109.7775
EMERSON PE35-AG,109.7775
EMERSON PE35-NK,109.7775
EMERSON PE35-CH,109.7775
BRERA PE3T-BK,331.1175
BRERA PE2T-BK,185.64
BRERA CTC54-BK,206.1675
HEA2W,111.58
HEA4W,129.675
9GU10LED9D-5,12.06
MD490W-TRI,4.7
MD490B-TRI,4.7
MD490S-TRI,4.7
10070,42.415
10071,42.415
10072,42.415
10073,42.415
10074,42.415
10075,42.415
10076,42.415
10077,42.415
10078,42.415
10040,42.415
10041,42.415
10042,42.415
10043,42.415
10044,42.415
10045,42.415
10046,42.415
10047,42.415
10048,42.415
10060,42.415
10061,42.415
10062,42.415
10063,42.415
10064,42.415
10065,42.415
10066,42.415
10067,42.415
10068,42.415
10050,42.415
10051,42.415
10052,42.415
10053,42.415
10054,42.415
10055,42.415
10056,42.415
10057,42.415
10058,42.415
20924,64.74
KASS1EAGB,99.0
KASS1EBLK,95.0
HV2927T-BR-240V,37.17
HV2927T-BR-12V,37.17
HV2927T-SS316-12V,37.17
HV2928T-SS316-12V,59.85
HV2928T-BR-12V,59.85
HV2929T-BR-12V,111.37
HV2929T-SS316-12V,111.37
HV3295T-BLK-12V,24.29
HV3296T-BLK-12V,36.4
HV3295T-BR-12V,45.43
HV3650T-WHT-240V,67.41
HV3650T-WHT-12V,67.41
DOVE1EBLK,124.0
DOVE1EOBR,134.0
LILL1EAGB,159.0
LILL1EBLK,149.0
LUTO1EBLK,139.0
LUTO1EOBR,149.0
MARB1EAGB,149.0
MARB1EBLK,139.0
RYDE1EAGB,179.0
RYDE1EBLK,169.0
SEDO1EBLK,99.0
SEDO1EOBR,109.0
SICI1EBLK,135.0
VERO1EBLK,129.0
VERO1EOBR,135.0
TAUP2EAGB,95.0
TAUP2EBLK,69.0
TAUP2EWHT,69.0
VUBHR,70.63
10030,33.915
10031,33.915
10032,33.915
10033,33.915
10034,33.915
10035,33.915
10036,33.915
10037,33.915
10038,33.915
10000,33.915
10001,33.915
10002,33.915
10003,33.915
10004,33.915
10005,33.915
10006,33.915
10007,33.915
10008,33.915
10020,33.915
10021,33.915
10022,33.915
10023,33.915
10024,33.915
10025,33.915
10026,33.915
10027,33.915
10028,33.915
5505158,67.9915
5505159,67.9915
5505160,76.4915
FRMDC99,30.84
BE190ESPWH,102.2
HV6012T,330.05
HV6010T,219.8
HV6094T,432.95
HV6092T,344.75
HV3511W-BLK,23.52
HV3511W-WHT,23.52
HV3511W-PB,23.52
HV3512W-BLK,16.17
HV3512W-WHT,16.17
HV3512W-PB,16.17
390409N,148.75
390408N,148.75
206686,43.775
206687,126.65
206688,35.275
V100FLBL,6.195
V100FL,5.565
V125FLBL,8.505
V125FL,6.545
V150FLBL,10.045
V150FL,7.945
V100GL-BL,6.195
V100GL,4.235
V125GL-BL,8.505
V125GL,6.545
V150GL-BL,10.045
V150GL,7.945
HV1671W-BLK,138.95
HV1673W-BLK,219.8
HV3673W-BLK,50.75
206682,118.15
206683,118.15
206648,458.15
CAN-1PN-30-GU10-BK,91.7
CAN-1PN-30-GU10-BR,91.7
CAN-1PN-30-GU10-WH,91.7
CAN-1PN-50-GU10-BK,117.6
CAN-1PN-50-GU10-BR,117.6
CAN-1PN-50-GU10-WH,117.6
FAN0148,206.22
G G93W32-830,5.355
G G93W32-840,5.355
PERRON PE1-NK,132.9825
PERRON PE1-BK,132.9825
PERRON PE1-AG,132.9825
PERRON PE4-AG,229.3725
PERRON PE4-NK,229.3725
PERRON PE4-BK,229.3725
TILDA DL2-WH,21.0375
TILDA DL4-WH,29.835
TILDA DL6-WH,49.0875
HARNON PE1-BK,318.6225
HARNON PE1-NK,318.6225
HARNON PE1-AG,318.6225
KUPOL2,145.44
KUPOL1,145.44
KUPOL3,145.44
WAND1,128.96
WAND2,128.96
WAND3,128.96
ANKA 0600-BK,14.4075
ANKA 0600-WH,14.4075
ANKA 1200-BK,19.5075
ANKA 1200-WH,19.5075
EYVOR EXWB8-BK,19.1675
EYVOR EXWB4-BK,12.155
VIGGO RD22-BK,16.3625
VIGGO RD22-WH,16.3625
VIGGO RE27-BK,16.3625
VIGGO RE27-WH,16.3625
INGAR EXRE-OP-BK,13.94
INGAR EXRE-AG-BK,13.94
LORSA EXWB1-BK,17.68
LORSA EXWB1-WH,17.68
LORSA EXWB2-BK,23.8425
LORSA EXWB2-WH,23.8425
KELO RE22-BK,11.6875
STINA EXWB1-BK,16.3625
STINA EXWB1-WH,16.3625
STINA EXWB2-BK,21.9725
STINA EXWB2-WH,21.9725
PRI-150LN-54W-WH,283.5
PRI-250LN-76W-WH,526.4
PRI-200LN-65W-WH,407.4
PRI-150LN-54W-BK,283.5
PRI-200LN-65W-BK,407.4
PRI-250LN-76W-BK,526.4
CHA-1PN-10W-BK,77.0
CHA-1PN-10W-BR,77.0
CHA-3PN-30W-BK,217.0
CHA-3PN-30W-BR,217.0
CHA-6PN-60W-BK,357.0
CHA-6PN-60W-BR,357.0
CHA-5PN-50W-BK,318.5
CHA-5PN-50W-BR,318.5
CHA-12PN-120W-BK,714.0
CHA-12PN-120W-BR,714.0
CHA-150LN-45W-BK,236.6
CHA-150LN-45W-BR,236.6
CHA-200LN-60W-BK,296.8
CHA-200LN-60W-BR,296.8
CHA-250LN-75W-BK,354.2
CHA-250LN-75W-BR,354.2
10080,2.975
10081,2.975
10082,2.975
10083,2.975
10084,2.975
10010,33.915
10011,33.915
10012,33.915
10013,33.915
10014,33.915
10015,33.915
10016,33.915
10017,33.915
10018,33.915
10173,3.825
10167,3.825
10169,3.825
10170,3.825
10171,3.825
10168,3.825
10157,76.415
10158,76.415
10159,76.415
10160,76.415
10161,76.415
10162,76.415
10163,76.415
10164,76.415
10165,76.415
FRANGO1,15.44
FRANGO2,15.44
FRANGO3,15.44
HV3251T-BLK-12V,30.31
HV3251T-WHT-12V,30.31
HV3251T-AB-12V,30.31
HV3251T-BR-12V,30.31
HV3252T-BLK-12V,43.26
HV3252T-WHT-12V,43.26
HV3252T-AB-12V,43.26
HV3252T-BR-12V,43.26
HV3253T-BLK-12V,66.71
HV3253T-WHT-12V,66.71
HV3253T-AB-12V,66.71
HV3253T-BR-12V,66.71
HV3291T-BLK-12V,29.61
HV3291T-WHT-12V,29.61
HV3291T-AB-12V,29.61
HV3291T-BR-12V,29.61
HV3552W-BLK,15.47
22887/05,149.0
HV3721N-GRY,41.9
HV3722N-GRY,49.88
HV3721N-GRY-PIR,54.53
HV3722N-GRY-PIR,64.51
XSEN006WHT,26.58
HV3554W-BLK,33.11
HV3551W-BLK,14.0
HV1652W-BLK,15.47
HV1651W-BLK,14.0
HV1652W-P-BLK,33.11
HV1651W-P-BLK,28.7
OLMONT PE-GDCL,191.25
MORNET PE-GDCL,347.1825
AURORA PE20-RBW,93.5
AURORA PE30-RBW,130.05
AURORA PE40-RBW,203.15
PYRUS EX.P-BK3,53.295
KENRA EX.P-BK,45.815
SOL2000,287.665
206894,40.1625
206893,40.1625
206897,58.0125
206898,58.0125
206896,58.0125
206895,58.0125
206899,70.55
206901,70.55
HV1831T-240V,73.99
HV1831T-12V,73.99
HV1832T-240V,92.4
HV1832T-12V,92.4
HV1835T-240V,180.53
HV1835T-12V,180.53
GASTON PE6-AGSM,279.565
GASTON PE6-AGOM,279.565
GASTON PE6-AGFRT,279.565
GASTON PE6-AGCLP,279.565
GASTON PE6-AGAMT,279.565
GASTON PE6-AGSMT,279.565
LUXIA C45S-RGB,255.85
LUXIA C55S-RGB,318.75
LUXIA C38S-RGB,169.15
LUXIA PE120-RGB,201.45
LUXIA C38R-RGB,167.45
LUXIA C45R-RGB,226.1
LUXIA C55R-RGB,302.6
LUNOS OY23.3C-BK,26.3925
LUNOS OY23.3C-WH,26.3925
LUNOS OY30.3C-WH,35.4875
LUNOS OY40.3C-BK,53.6775
LUNOS OY40.3C-WH,53.6775
SOLIO WB-BK,36.5925
SOLIO WB-WH,36.5925
SOLIO WB-NK,36.5925
SOLIO WB-AB,36.5925
M1503VKIT,12.29
M1506VKIT,16.44
M1003VKIT,11.99
M1006VKIT,13.21
MD664B,40.0
MD664W,40.0
MD4309WP-CCT,20.89
MESTOLO1,129.23
MESTOLO2,67.21
CARAMELLE1,72.4
CARAMELLE2,72.4
KOLONNE1,46.1
KOLONNE2,46.1
KOLONNE3,46.1
TRKTRI05,30.97
TRKTRI06,30.97
TRKTRI07,30.97
TRKTRI08,30.97
KELLO-T2,72.4
KELLO-T1,72.4
KELLO-F2,103.46
KELLO-F1,103.46
206481,301.75
206482,386.75
206483,480.25
206473,301.75
206479,480.25
206476,386.75
206472,284.75
206475,361.25
206478,463.25
206471,284.75
206474,361.25
206477,463.25
CRECER-T1,62.07
CRECER-T2,62.07
CRECER-T3,62.07
CRECER-F1,103.46
CRECER-F2,103.46
CRECER-F3,103.46
OVALIS2,46.58
OVALIS1,46.58
OVALIS3,46.58
RACHA1,129.28
RACHA2,129.28
RACHA3,129.28
CRISTALLO-T1,103.46
CRISTALLO-F1,155.18
PARAGUAS-T1,98.23
PARAGUAS-F1,155.18
TAZZA1,103.5
ALU-1PN-19W-GD,117.6
ALU-1PN-31W-GD,158.2
MX7391BLK,66.39
HV1622T-BLK-240V,74.2
HV1622T-BLK-12V,74.2
ALU-30CT-19W-GD,98.0
ALU-40CT-31W-GD,137.9
ALU-50CT-48W-GD,182.7
BOW-20WL-15W-BR,100.1
BOW-25WL-15W-BR,120.4
BOW-1PN-E27-BR,163.1
BOW-120LN-36W-BR,802.9
CAR-1PN-40-E27-WH,117.6
CAR-1PN-50-E27-WH,157.5
CAR-1PN-60-E27-WH,196.7
LAR-1PN-12-E14-AM,60.2
LAR-1PN-12-E14-OP,60.2
LAR-1PN-12-E14-SM,60.2
LAR-1PN-15-E14-AM,67.9
LAR-1PN-15-E14-OP,69.3
LAR-1PN-15-E14-SM,67.9
RIB-1PN-23-E27-SM-GD,80.5
RIB-1PN-23-E27-CL-GD,80.5
RIB-1PN-23-E27-AM-GD,80.5
RIB-1PN-23-E27-BL-GD,80.5
RIB-1PN-23-E27-GR-GD,80.5
HV3284T-BLK-12V,51.45
HV3284T-WHT-12V,51.45
HV3284T-BR-12V,51.45
HV3284T-AB-12V,51.45
HV3284T-SS316-12V,51.45
HV3285T-BLK-12V,51.45
HV3285T-WHT-12V,51.45
HV3285T-SS316-12V,51.45
HV3285T-BR-12V,51.45
HV3285T-AB-12V,51.45
HV3286T-BLK-12V,51.45
HV3286T-WHT-12V,51.45
HV3286T-SS316-12V,51.45
HV3286T-AB-12V,51.45
HV3286T-BR-12V,51.45
PEDRAL EX18-BK,75.225
PEDRAL EX18-BZ,75.225
PEDRAL EX23-BK,109.48
PEDRAL EX23-BZ,109.48
RAMIRO EX20-BK,71.4
RAMIRO EX20-BZ,71.4
RAMIRO EX25-BK,94.265
RAMIRO EX25-BZ,94.265
RIB-1PN-28-E27-AM-GD,101.5
RIB-1PN-28-E27-BL-GD,101.5
RIB-1PN-28-E27-GR-GD,101.5
RIB-1PN-28-E27-CL-GD,101.5
RIB-1PN-28-E27-SM-GD,101.5
RIB-1PN-36-E27-AM-GD,142.1
RIB-1PN-36-E27-BL-GD,142.1
RIB-1PN-36-E27-GR-GD,142.1
RIB-1PN-36-E27-CL-GD,142.1
RIB-1PN-36-E27-SM-GD,142.1
10127,76.415
10128,76.415
10129,76.415
10130,76.415
10131,76.415
10132,76.415
10133,76.415
10134,76.415
10135,76.415
10147,76.415
10148,76.415
10149,76.415
10150,76.415
10151,76.415
10152,76.415
10153,76.415
10154,76.415
10155,76.415
10137,76.415
10138,76.415
10139,76.415
10140,76.415
10141,76.415
10142,76.415
10143,76.415
10144,76.415
10145,76.415
10117,72.165
10118,72.165
10119,72.165
10120,72.165
10121,72.165
10122,72.165
10123,72.165
10124,72.165
10125,72.165
10087,72.165
10088,72.165
10089,72.165
10090,72.165
10091,72.165
10092,72.165
10093,72.165
10094,72.165
10095,72.165
10107,72.165
10108,72.165
10109,72.165
10110,72.165
10111,72.165
10112,72.165
10113,72.165
10114,72.165
10115,72.165
10097,72.165
10098,72.165
10099,72.165
10100,72.165
10101,72.165
10102,72.165
10103,72.165
10104,72.165
10105,72.165
HV3215T-BR-12V,77.49
CFT-900EXT-WH,19.6
CFT-900EXT-BK,19.6
CFT-1800EXT-BK,37.1
CFT-1800EXT-WH,37.1
CFT-372B-BA,301.7
CFT-372B-TE,301.7
CFT-372B-KO,301.7
CFT-372W-BA,301.7
CFT-372W-TE,301.7
CFT-372W-KO,301.7
CFT-372B-BA-L,332.5
CFT-372B-TE-L,332.5
CFT-372B-KO-L,332.5
CFT-372W-BA-L,332.5
CFT-372W-TE-L,332.5
CFT-372W-KO-L,332.5
CFT-360W-BA,273.7
CFT-360W-TE,273.7
CFT-360W-KO,273.7
CFT-360B-BA-L,304.5
CFT-360B-TE-L,304.5
CFT-360B-KO-L,304.5
CFT-360W-BA-L,304.5
CFT-360W-TE-L,304.5
CFT-360W-KO-L,304.5
CFT-352B-BA,228.9
CFT-352B-TE,228.9
CFT-352W-BA,228.9
CFT-352W-TE,228.9
CFT-352W-KO,228.9
CFT-352B-BA-L,259.7
CFT-352B-TE-L,259.7
CFT-352B-KO-L,259.7
CFT-352W-BA-L,259.7
CFT-352W-TE-L,259.7
CFT-352W-KO-L,259.7
CFT-348B-BA,218.4
CFT-348B-KO,218.4
CFT-348W-BA,218.4
CFT-348W-TE,218.4
CFT-348W-KO,218.4
CFT-348B-BA-L,249.2
CFT-348B-TE-L,249.2
CFT-348B-KO-L,249.2
CFT-348W-BA-L,249.2
CFT-348W-TE-L,249.2
CFT-348W-KO-L,249.2
SCU-1PN-32-E27-SM-GD,121.1
SCU-1PN-32-E27-AM-GD,121.1
SCU-1PN-32-E27-CL-GD,121.1
RHE-14PN-100W-BK,798.0
RHE-14PN-100W-BR,798.0
AQU-150LN-24W-BK,384.3
AQU-150LN-24W-ASH,384.3
AQU-150LN-24W-WAL,384.3
AQU-200LN-32W-BK,602.7
AQU-200LN-32W-ASH,602.7
AQU-200LN-32W-WAL,602.7
AVO-150LN-24W-BK,343.0
AVO-150LN-24W-ASH,343.0
AVO-150LN-24W-WAL,343.0
AVO-200LN-32W-ASH,532.7
AVO-200LN-32W-BK,532.7
AVO-200LN-32W-WAL,532.7
COU-12PN-120W-GD,639.1
COU-150LN-30W-GD,298.9
COU-200LN-40W-GD,431.2
CRA-1PN-E27-CL-GD,128.8
CRA-4PN-E27-CL-GD,255.5
AMEL2WBLK,89.0
AMEL1PBLK,145.0
AMEL3PBLK,239.0
AMEL6PBLK,329.0
AMEL8PBLK,449.0
AMEL3CTCBLK,219.0
PERI2WBLK,139.0
PERI2WMG,139.0
PERI4PBLK,229.0
PERI6PBLK,429.0
PERI4PMG,229.0
PERI6PMG,429.0
MATI1WBLK,95.0
MATI1WGLD,109.0
MATI1WPN,105.0
MATI1PBLK,89.0
MATI1PGLD,99.0
MATI1PPN,95.0
RIVI1PCHR,145.0
RIVI1PGLD,155.0
RIVI5PCHR,465.0
RIVI5PGLD,495.0
RIVI10PCHR,795.0
RIVI10PGLD,825.0
HV5701T-WHT,24.29
HV5701T-BLK,24.29
ASTR1PLEDBLK,319.0
ASTR1PLEDWHT,319.0
INS-150LN-40W-TE,642.6
MUN-1PN-E27-GP,126.0
MUN-150LN-40W-GP,384.3
MUN-22WL-2GU10-GP,42.0
SKU-1PN-5W-BK,114.1
SKU-1PN-5W-BR,114.1
SKU-1PN-5W-BN,114.1
SKU-26WL-5W-BK,115.5
SKU-26WL-5W-BR,115.5
SKU-26WL-5W-BN,115.5
RAC-1PN-45-E27-WH,149.8
RAC-1PN-60-E27-WH,212.8
NETA1,77.6
NETA2,77.6
NETA3,77.6
NETA4,77.6
NETA5,77.6
OPTIKA W120-BK3C,45.815
OPTIKA W120-WH3C,45.815
ZONDER WB-BK,83.3
ZONDER WB-AG,83.3
ROTIF FL-BRS,103.7
ROTIF TL-BRS,55.25
CUSCO BF30-NATWH,39.1425
CUSCO BF40-NATWH,60.945
CUSCO PE70-NATWH,130.985
CUSCO PE50-NATWH,90.0575
SATILLO TL-BK,52.6575
SATILLO TL-GY,52.6575
SATILLO TL-WH,52.6575
EBIZA EX100-RST,97.24
EBIZA EX100-BK,97.24
CHUVA4,124.08
ESPIRAL1,82.74
ESPIRAL2,82.74
HUECA1,72.4
HUECA2,72.4
FLAUTA2W,62.07
FLAUTA1W,62.07
FLAUTA1,62.07
FLAUTA2,62.07
LENGAN4B,82.76
LENGAN4W,82.76
LENGAN3B,62.07
LENGAN3W,62.07
LENGAN2B,41.37
LENGAN2W,41.37
LENGAN1B,18.08
LENGAN1W,18.08
SHADOWTRI3,31.02
SHADOWTRI4,31.02
DIYVINTAJ1,36.19
DIYVINTAJ2,36.19
DIYVINTAJ3,36.19
DIYVINTAJ4,36.19
DIYVINTAJ5,36.19
DIYVINTAJ6,36.19
TAZZA-T1,36.22
TAZZA-T2,36.22
TAZZA-T3,36.22
BANCA-T1,72.4
BANCA-T2,72.4
BANCA-T3,72.4
COLLO-T1,67.21
COLLO-T2,67.21
COLLO-T3,67.21
COLLO-T4,67.21
FLOTAR-F1,72.4
FLOTAR-F2,72.4
FLOTAR-T1,51.69
FLOTAR-T2,51.69
JAMBES-F1,124.13
JAMBES-F2,124.13
JAMBES-T1,67.21
JAMBES-T2,67.21
LUSSO-T1,103.46
LUSSO-T2,155.18
PEDRAL PE18-BK,118.15
PEDRAL PE18-BZ,118.15
PEDRAL PE23-BK,160.65
PEDRAL PE23-BZ,160.65
ST08N-P-PNTUBE,387.0
FC250134BS,110.1
BE6200SPWH,82.45
XBE620WH,35.7
204781,245.92
RAMIRO PE20-BK,101.15
RAMIRO PE20-BZ,101.15
RAMIRO PE25-BK,143.65
RAMIRO PE25-BZ,143.65
BET002WH,25.13
EBIZA EX180-RST,195.415
EBIZA EX180-BK,195.415
EBIZA EX2-RST,147.73
EBIZA EX2-BK,147.73
HOVIN PE43-BK,124.0575
HOVIN PE43-WH,124.0575
HOVIN PE58-BK,186.5325
HOVIN PE58-WH,186.5325
GOREM EX-BKOM,27.285
GOREM EX.P-BKOM,67.32
JOSHUA WB40-BK,92.65
JOSHUA WB40-GD,92.65
ALCONA FL-BK,156.4
ALCONA FL-BE,156.4
ALCONA FL-GN,156.4
AREZZO PE150-BK,229.2025
AREZZO PE150-SL,229.2025
AREZZO PE240-BK,354.705
AREZZO PE240-SL,354.705
FADRO EX10-BK,19.635
FADRO EX10-WH,19.635
FADRO EX18-BK,26.18
FADRO EX18-WH,26.18
SKAPA PE AB-OP,229.3725
SKAPA PE BC-OP,279.3525
SKAPA PE B-OP,185.64
206877,67.15
SKAPA PE A-OP,132.09
901097N,84.15
206878,112.625
901098N,131.75
WCK-S01-WH,16.8
RCK2126-B,46.9
RCK2126-W,46.9
STO-542-WH-L,147.0
STO-542W-BA-L,170.8
STO-542W-KO-L,170.8
STO-542-BK-L,147.0
STO-542B-BA-L,170.8
STO-542B-KO-L,170.8
STO-542-WH,109.2
STO-542W-BA,133.0
STO-542W-KO,133.0
STO-542-BK,109.2
STO-542B-BA,133.0
STO-542B-KO,133.0
STO-548-WH-L,223.3
STO-548W-BA-L,260.4
STO-548W-KO-L,260.4
STO-548-BK-L,223.3
STO-548B-BA-L,260.4
STO-548B-KO-L,260.4
STO-548-WH,179.2
STO-548W-BA,216.3
STO-548W-KO,216.3
STO-548-BK,179.2
STO-548B-BA,216.3
STO-548B-KO,216.3
STO-552-WH-L,227.5
STO-552W-BA-L,266.7
STO-552W-KO-L,266.7
STO-552-BK-L,227.5
STO-552B-BA-L,266.7
STO-552B-KO-L,266.7
STO-552-WH,183.4
STO-552W-BA,222.6
STO-552W-KO,222.6
STO-552-BK,183.4
STO-552B-BA,222.6
STO-552B-KO,222.6
STO-556-WH-L,244.3
STO-556W-BA-L,284.9
STO-556W-KO-L,284.9
STO-556-BK-L,244.3
STO-556B-BA-L,284.9
STO-556B-KO-L,284.9
STO-556-WH,212.1
STO-556W-BA,252.7
STO-556W-KO,252.7
STO-556-BK,212.1
STO-556B-BA,252.7
STE-900EXT-BK,28.0
STE-900EXT-WH,28.0
STE-1800EXT-BK,42.0
STE-1800EXT-WH,42.0
STO-WCK,39.2
MPLS035,37.48
MPL001S,114.65
MPL001L,127.87
MWL013,21.17
MWL014,29.99
MTBL080NAT,39.69
MTBL080BLK,39.69
MTBL070,28.66
MTBL058BLK,32.25
MTBL058WHT,32.25
MTBL058GRN,32.25
LOI1001583,155.7
LOI1001584,206.1
LOI1001582,44.1
LOI1001585,101.7
LOI1001580,270.0
LOI1001581,148.5
LOI1001612,95.4
LOI1001611,95.4
VAN-456W-BA,203.7
VCN-900EXT-BK,19.6
VCN-900EXT-WH,19.6
VCN-1800EXT-BK,37.1
VCN-1800EXT-WH,37.1
CLA-348-BK-L,121.8
CLA-348-WH-L,121.8
CLA-348-BK,104.3
CLA-348-WH,104.3
CLA-352-BK-L,132.3
CLA-352-WH-L,132.3
CLA-352-BK,114.8
CLA-352-WH,114.8
SOR-900EXT-BK,19.6
SOR-900EXT-WH,19.6
SOR-1800EXT-BK,37.1
SOR-1800EXT-WH,37.1
SKAPA PE BB-OP,282.9225
SKAPA PE AD-OP,279.3525
SKAPA PE CC-OP,275.7825
SKAPA PE C-OP,182.07
SKAPA PE AA-OP,175.8225
SKAPA PE BD-OP,332.9025
SKAPA PE CB-OP,279.3525
SKAPA PE BA-OP,229.3725
SKAPA PE AC-OP,225.8025
SKAPA PE D-OP,235.62
HV3731T-BLK,45.57
NORAL EX-BKCL,40.97
HV3732T-BLK,60.27
HV3733T-BLK,71.33
NORAL EX.P-BKCL,97.1125
ZIRON EX10-BK,18.7
ZIRON EX10-WH,18.7
ZIRON EX18-BK,23.375
ZIRON EX18-WH,23.375
MI9000,14.0
MI9200,18.0
PGUDBR3,153.85
MI8240TRI,44.28
MI8220TRI,31.04
PG1FBR3,108.19
MI8260TRI,61.68
MI8240BAT,89.54
PG1ABR3,112.1
VIFTU1,103.47
MI7120CCTDP,12.0
HV1307GU10T,127.19
HV1305T,144.55
HV1205T,84.07
HV1005T,108.15
HV1105T,84.84
HV1833T-12v,122.64
HV1833T-240v,122.64
HV1834T-12V,198.17
HV1834T-240V,198.17
HV1841T-240V,68.11
HV1842T-240V,92.4
HV1843T-240V,122.64
HV1845T-240V,155.33
HV1015T,157.5
HV1075T,157.5
HV1085T,62.37
HV1095T,157.5
HV1035T,58.94
HV1045T,58.94
HV1055T,157.5
HV1025T,58.94
HV1115T,105.56
LOI1001635,343.8
LOI1001636,483.3
LOI1001637,642.6
HV1155T,100.38
HV1177GU10T,91.84
HV1175T,100.38
HV1185T,43.4
HV1135T,40.81
HV1145T,40.81
HV1125T,40.81
HV1195T,100.38
HV1215T,110.74
HV1225T,43.4
HV1235T,43.4
HV1245T,43.4
HV1255T,105.56
HV1275T,105.56
HV1285T,47.67
HV1295T,105.56
HV1306T-PIR,193.62
HV1315T,209.3
HV1326T-PIR,115.43
HV1336T-PIR,115.43
HV1345T,74.48
HV1355T,200.69
HV1377GU10T,183.33
HV1375T,200.69
HV1385T,89.18
HV1395T,200.69
HV1405T-SS316,123.41
HV1405T-AB,175.49
HV1405T-BR,175.49
HV1405T-CP,200.69
HV1403T-SS316,98.21
HV1403T-AB,110.04
HV1403T-BR,110.04
HV1403T-CP,126.84
HV1407T-BLK,50.47
HV1407T-BR,94.92
HV1407T-SS316,83.16
HV1407T-AB,94.92
HEA4W-B,151.41
HV1426NW-BLK,26.95
HV1426NW-SS316,57.12
HV1426NW-AB,57.12
HV1426NW-GPH,57.12
390308,441.15
390309,1155.15
HV1428RGBCW-EXT,7.07
390313,531.25
390312,1333.65
390311,1602.25
HV1429T-7W,35.28
HV1429T-12W,50.47
HV1429T-24W,69.79
HV1435-P-BLK,27.37
OL53514,99.0
HV1437-TOP,5.88
HV1441-HC,3.99
HV145-BLK-BASE,15.19
HV1453T-CP,129.08
HV1453T-SS316,103.32
HV1453T-BLK,103.32
HV1453T-AB,120.89
9E27LEDST64DA,6.48
HV1462RGBCW-BLK,65.24
HV1462RGBCW-SS316,93.17
390314,352.75
HV1491RGBW,122.64
HV1494-REM,26.11
390317,441.15
390493,1525.75
390492,1780.75
390494,398.65
390436,531.25
SPPUSB02GC-WIFI,43.71
SPPUSB02GC-ZB,45.19
22802,25.94
HV1603-WHT,40.04
390435,361.25
390437,1333.65
206672N,84.15
206673N,84.15
HV1616T-BLK-12V,130.41
HV1616T-SS316-12V,130.41
PVPXHF200RDLEDR,105.28
HV1622-BLK-EXT,38.43
PVPXHF200SQLEDR,105.28
PVPXHF250SQLEDR,133.245
PVPXHF250RDLEDR,133.245
HV1625T-BLK-240V,136.99
HV1625T-BLK-24V,160.58
206674N,58.65
206675N,58.65
HV1626T-BLK-240V,185.01
HV1626T-BLK-24V,210.21
206669,50.15
206671,50.15
206679,335.75
HV1628T-BLK-240V-RND,130.41
HV1628T-BLK-24V-RND,155.68
HV1628T-BLK-240V-SQ,130.41
HV1628T-BLK-24V-SQ,155.68
HV1629T-BLK-240V-RND,179.34
HV1629T-BLK-24V-RND,202.16
HV1629T-BLK-240V-SQ,179.34
HV1629T-BLK-24V-SQ,202.16
SCAPE PT3-BK324,60.69
SCAPE PT3-GN324,60.69
SCAPE PT3-RST324,60.69
FLANK PT3-BK324,55.335
FLANK PT3-GN324,55.335
FLANK PT3-RST324,55.335
HV1701RGBW,69.79
HV1801RGBW,69.79
HV1831-HC,7.63
HV1832-HC,11.06
HV1833-HC,16.87
HV1841RGBW,79.87
HV1842RGBW,110.88
HV1843RGBW,157.92
HV1845RGBW,202.37
HV1834-HC,21.14
HV190-HC,7.35
ARZA3PGLD,269.0
ARZA5PGLD,399.0
BELL1PBLK,139.0
BELL1PGLD,149.0
HV28261CCT,25.83
HV1511T-BLK-24V,33.11
HV1512T-BLK-24V,36.75
HV1513T-BLK-24V,34.58
HV1515T-BLK-24V,34.58
HV1516T-BLK-24V,37.52
HV1517T-BLK-24V,49.28
HV1518T-BLK-24V,68.39
HV28261RGBCW,26.67
HV1514RGBCW-BLK-KIT,138.95
HV1514RGBCW-BLK-24V,22.05
HV1514RGBCW-EXT,6.86
5510340,93.4915
5510341,93.4915
5510344,424.9915
5510345,424.9915
5510348,467.4915
5510349,467.4915
5510350,849.9915
5510351,849.9915
5510356,1444.9915
5510357,1444.9915
5510367,1359.9915
5510366,1359.9915
20779419,399.72
20779401,399.72
20779404,399.72
HV3731T-BLK-PIR,60.27
5510421,59.4915
5510422,110.4915
5510425,509.9915
5510426,679.9915
5510428,1274.9915
HV3732T-BLK-PIR,74.97
HV3733T-BLK-PIR,86.03
POI2,103.57
5510414,297.4915
5510415,297.4915
POI1,103.57
TUFO-W1,196.62
TUFO-W2,517.47
5510410,220.9915
5510406,220.9915
TUFO1,196.62
5510412,424.9915
5510408,424.9915
PALLA-W1,232.84
PALLA-W2,723.98
LUCERNA1,118.99
5510392,127.4915
LUCERNA-W1,118.99
5510394,212.4915
CUAD2,465.72
5510398,509.9915
CUAD3,232.84
CUAD1,284.6
5510400,934.9915
5510385,127.4915
5510378,127.4915
5510386,169.9915
5510379,169.9915
5510387,450.4915
5510380,450.4915
5510388,1529.9915
5510381,1529.9915
5510371,382.4915
5510372,297.4915
5510373,594.9915
5510374,509.9915
5510370,254.9915
5510360,212.4915
5510361,212.4915
FC250134BK,106.55
5510363,331.4915
5510362,331.4915
ARGOS TL-AGBK,43.945
ARGOS TL-AGIV,43.945
ARGOS WB-AGBK,45.815
ARGOS WB-AGIV,45.815
ARGOS PE3-AGBK,142.12
ARGOS PE3-AGIV,142.12
ARGOS PE5-AGBK,201.025
ARGOS PE5-AGIV,201.025
ARGOS PE8-AGBK,324.445
ARGOS PE8-AGIV,324.445
HOMMER FL-BKBE,160.0975
HOMMER FL-NATIV,160.0975
HOMMER TL-BKBE,40.9275
HOMMER TL-NATIV,40.9275
VALLEJO PE60-NAT,124.95
VALLEJO PE80-NAT,161.5
ZAMORA PE-NAT,139.4
IVALO PE45-BK,98.175
IVALO PE45-NAT,98.175
IVALO PE60-BK,149.94
IVALO PE60-NAT,149.94
JORA EX3-BK324,38.3775
JORA EX3-GN324,38.3775
JORA EX3-RST324,38.3775
VYBOR TL-BEIV,129.4125
VYBOR FL-BEIV,165.1125
FORDO PE180-BK,317.73
AMITY TL25-BKSM,80.9625
AMITY TL25-BRSAM,80.9625
AMITY TL25-BRSOP,80.9625
AMITY FL35-BKSM,143.65
AMITY FL35-BRSAM,143.65
AMITY FL35-BRSOP,143.65
ELTZ OY28-CL3C,45.9
ELTZ OY40-CL3C,75.65
ELTZ OY50-CL3C,99.45
AMITY WB25-BKSM,90.0575
AMITY WB25-BRSAM,90.0575
AMITY WB25-BRSOP,90.0575
SHEA EX3-BK324,50.49
SHEA EX3-RST324,50.49
SHEA EX3-GN324,50.49
CAN7-TRI-B-BI-LT,48.78
CAN7-TRI-W-WI-LT,48.78
CAN7-TRI-W-BI-LT,48.78
CAN12-TRI-B-BI-LT,63.96
CAN12-TRI-W-WI-LT,63.96
CAN12-TRI-W-BI-LT,63.96
9E27LEDSP125DC,7.9
9B22LEDST64DC,6.48
LOREN TL-NKIV,41.65
LOREN TL-AGIV,41.65
ARVANE TL-BK,134.5975
ARVANE TL-BE,134.5975
MADRAS WB60-BK,85.0
MADRAS WB60-WH,85.0
MADRAS WB90-BK,96.05
MADRAS WB90-WH,96.05
MADRAS WB120-BK,112.2
MADRAS WB120-WH,112.2
MUSAN SQ.24-BK,17.765
MUSAN RD.24-BK,16.83
110045,7.225
GLA903BL,118.79
GLA903WH,115.08
GLA903BL-L,149.695
GLA903WH-L,145.95
GLA1203BL,118.79
GLA1203WH,115.08
GLA1203BL-L,149.695
GLA1203WH-L,145.95
GLA1303BL,130.41
GLA1303WH,126.665
GLA1303BL-L,165.13
GLA1303WH-L,161.385
GLA1403BL,138.145
GLA1403WH,134.4
GLA1403BL-L,172.865
GLA1403WH-L,169.155
DC3WCM,26.88
DC3WCM-2,26.88
SKYEXTR60BL,22.015
SKYEXTR60WH,22.015
SKYEXTR90BL,24.535
SKYEXTR90WH,24.535
SKYEXTR120BL,27.755
SKYEXTR120WH,27.755
VARON WB-BEOM,58.905
VARON WB-BKOM,58.905
VARON WB-BEAMT,76.755
VARON WB-BEFRT,76.755
VARON WB-BESM,76.755
VARON WB-BESMT,76.755
VARON WB-BKAMT,76.755
VARON WB-BKCLP,76.755
VARON WB-BKFRT,76.755
VARON WB-BKSMT,76.755
VARON WB-BKSM,76.755
FC100253DTKIT,617.31
FC100253WHKIT,617.31
FC100253BKKIT,617.31
9GU10LED9-3,8.91
ALU-780B-BK,406.0
AIPL2670,484.33
AIPL2671,484.33
VDA100-150,9.415
ABGHF200WHRDR,11.165
ABGHF250WHSQR,13.44
20714/05,30.21
VMFA150,16.66
VDA200-150,14.98
HV8089T,161.7
19916,44.2
19917,44.2
19918,66.98
19919,66.98
19920,102.68
19921,102.68
HV6014T,396.9
HV6013T,301.35
HV5876T-WHT,33.11
HV5874T-PDT,290.36
HV5874T,283.01
HV5873T-PDT,231.56
HV5873T,224.21
HV5872T-PDT,191.1
HV5872T,183.75
HV5871T-PDT,154.35
HV5871T,147.0
HV3619W-BLK,72.8
HV3619W-WHT,72.8
HV3611T-BLK,25.76
HV1682T-BLK,40.46
HV1681T-BLK,40.46
HV1636T-BLK-240V,183.05
HV1482T-BLK,14.0
HV1458T-BR,63.0
HV5854S-BLK,111.02
HV5854S-BLK-12V,129.36
HV5854S-WHT,111.02
HV5854S-WHT-12V,129.36
HV5853S-BLK-12V,110.25
HV5853S-BLK,91.91
HV5853S-WHT-12V,110.25
HV5853S-WHT,91.91
HV5852S-BLK-12V,88.97
HV5852S-BLK,70.56
HV5852S-WHT-12V,88.97
HV5852S-WHT,70.56
HV5851S-BLK-12V,69.09
HV5851S-BLK,50.75
HV5851S-WHT-12V,69.09
HV5851S-WHT,50.75
HV5852S-BLK-EXT-12V,100.73
HV5852S-BLK-EXT,82.32
HV5852S-WHT-EXT-12V,100.73
HV5852S-WHT-EXT,82.32
PL2LKB3,155.4
PL2LKW3,155.4
PL2LKTP3,155.4
PL2LKTD3,155.4
PL2LKS3,155.4
ATICO PE1-AGSM,56.1
ATICO PE1-AGCHM,56.1
ATICO PE15-AG,592.79
20789302,208.95
20789202,177.45
20789317,246.75
20789316,246.75
20789301,208.95
204349,78.6
20789217,215.25
20789216,215.25
20789201,177.45
20789401,257.25
20789402,257.25
20789417,288.75
20789416,288.75
20789501,288.75
20789502,288.75
20789516,320.25
20789517,320.25
20779504,440.39
20779502,440.39
20779501,440.39
20785804,681.45
20785802,681.45
20785801,681.45
HV5511CCT-AB,48.09
HV5511CCT-BLK,45.92
HV5511CCT-BR,48.09
HV5511CCT-CP,48.09
HV5511CCT-NK,48.09
HV5511CCT-WHT,45.92
HV5511RGBCW-AB,48.09
HV5511RGBCW-CP,48.09
HV5511RGBCW-NK,48.09
HV5511RGBCW-BR,48.09
HV5511RGBCW-BLK,45.92
HV5511RGBCW-WHT,45.92
HV5511T-AB,32.27
HV5511T-BR,32.27
HV5511T-CP,32.27
HV5511T-NK,32.27
HV5511T-BLK,30.1
HV5511T-WHT,30.1
HV5512CCT-BLK,45.92
HV5512CCT-WHT,45.92
HV5512CCT-AB,48.09
HV5512CCT-CP,48.09
HV5512CCT-NK,48.09
HV5512CCT-BR,48.09
HV9760-IP67-320-3K,11.06
HV9760-IP67-320-3K-10M,99.26
HV5512RGBCW-BLK,45.92
HV5512RGBCW-WHT,45.92
HV5512RGBCW-AB,48.09
HV5512RGBCW-BR,48.09
HV5512RGBCW-CP,48.09
HV5512RGBCW-NK,48.09
HV5512T-BLK,30.1
HV5512T-WHT,30.1
HV5512T-AB,32.27
HV5512T-BR,32.27
HV5512T-NK,32.27
HV5512T-CP,32.27
HV5513CCT-BLK,45.92
HV5513CCT-WHT,45.92
HV5513CCT-AB,48.09
HV5513CCT-CP,48.09
HV5513CCT-NK,48.09
HV5513CCT-BR,48.09
HV5513RGBCW-AB,48.09
HV5513RGBCW-NK,48.09
HV5513RGBCW-BR,48.09
HV5513RGBCW-CP,48.09
HV5513RGBCW-BLK,45.92
HV5513RGBCW-WHT,45.92
HV5513T-BLK,30.1
HV5513T-WHT,30.1
HV5513T-AB,32.27
HV5513T-BR,32.27
HV5513T-NK,32.27
HV5513T-CP,32.27
HV5514CCT-BLK,45.92
HV5514CCT-WHT,45.92
HV5514CCT-AB,48.09
HV5514CCT-BR,48.09
HV5514CCT-NK,48.09
HV5514CCT-CP,48.09
HV5514RGBCW-BLK,45.92
HV5514RGBCW-WHT,45.92
HV5514RGBCW-AB,48.09
HV5514RGBCW-NK,48.09
HV5514RGBCW-BR,48.09
HV5514RGBCW-CP,48.09
HV5514T-BLK,30.1
HV5514T-WHT,30.1
HV5514T-AB,32.27
HV5514T-NK,32.27
HV5514T-CP,32.27
HV5514T-BR,32.27
HV5528D2W-BB,23.66
HV5528D2W-BC,23.66
HV5528D2W-BG,23.66
HV5528D2W-WB,23.66
HV5528D2W-WC,23.66
HV5528D2W-WG,23.66
HV5528D2W-WW,23.66
HV5522T-BLK-24V,13.51
HV5522T-WHT-24V,13.51
HV5528D2W-BLK,22.19
HV5528D2W-WHT,22.19
HV5528T-BG,23.66
HV5528T-WG,23.66
HV5529T-BG,23.66
HV5529T-WG,23.66
HV5529D2W-BB,23.66
HV5529D2W-BC,23.66
HV5529D2W-BG,23.66
HV5529D2W-WB,23.66
HV5529D2W-WC,23.66
HV5529D2W-WG,23.66
HV5529D2W-WW,23.66
VIRELL PE3-GD,158.1
VIRELL PE3-CH,158.1
VIRELL PE6-GD,356.15
VIRELL PE6-CH,356.15
VIRELL PE9-GD,531.25
VIRELL PE9-CH,531.25
VIRELL WB2-GD,96.9
VIRELL WB2-CH,96.9
DELORE EX-BK,71.4
DELORE EX-WH,71.4
DELORE EX-VB,71.4
EKIT900BLK,105.7
EKIT900WH,105.7
EKIT900SLV,105.7
EKIT900BLK-R,105.7
EKIT900WH-R,105.7
EKIT900SLV-R,105.7
ESTIQ FL-BK,94.35
ESTIQ FL-RD,94.35
ESTIQ FL-TP,94.35
ESTIQ TL-BK,45.05
ESTIQ TL-RD,45.05
ESTIQ TL-TP,45.05
BREVAN WB1-BKMB,50.15
BREVAN WB1-AGMB,50.15
BREVAN WB2-AGMB,103.7
BREVAN WB2-BKMB,103.7
BREVAN PE5-BKMB,315.35
BREVAN PE5-AGMB,315.35
BREVAN PE8-BKMB,522.75
BREVAN PE8-AGMB,522.75
BREVAN PE9-AGMB,586.5
BREVAN PE9-BKMB,586.5
HALVIK TL-GN,123.25
HALVIK TL-BE,123.25
TARELL FL-AG,84.15
TARELL FL-GM,84.15
TARELL TL-GM,66.3
TARELL TL-AG,66.3
BRINE PE28-BK,170.4675
BRINE PE28-AG,170.4675
BRINE PE28-NK,170.4675
BRINE PE40-BK,284.7075
BRINE PE40-NK,284.7075
BRINE PE40-AG,284.7075
MAPEL TL-ABBKM,130.05
TEQUO TL-BKSM,89.25
TEQUO FL-BKSM,126.65
CHOLLA FL-NKWH,236.3
POETIX PE50-BE,120.7
POETIX PE50-GD,120.7
POETIX PE35-BE,73.95
POETIX PE35-GD,73.95
POETIX TL-BE,56.1
POETIX TL-GD,56.1
KOLISA PE1-WH,46.41
KOLISA PE1-GY,46.41
KOLISA PE1-BE,46.41
KOLISA PE4B-WH,168.6825
KOLISA PE4B-BE,168.6825
KOLISA PE5-WH,189.21
KOLISA PE5-BE,189.21
KOLISA PE7B-WH,294.525
KOLISA PE7B-BE,294.525
KOLISA TL-GY,46.41
KOLISA TL-BE,46.41
KOLISA TL-WH,46.41
CHARM FL-BK,80.75
CHARM FL-TP,80.75
CHARM FL-VB,80.75
TRINA PE1-BK,44.2
TRINA PE10B-BK,292.4
TRINA PE12-BK,371.45
LAVIS WB-NKIV,33.0225
LAVIS WB-BKIV,33.0225
LAVIS WB-AGIV,33.0225
ARIVA PE180-BK,223.72
ARIVA PE180-WH,223.72
ARIVA PE62-BK,221.85
ARIVA PE62-WH,221.85
ARIVA PE80-BK,286.45
ARIVA PE80-WH,286.45
ARIVA PE106-BK,551.14
ARIVA PE106-WH,551.14
SERDA PE184-WH,322.575
SERDA PE63-WH,332.86
SERDA PE93-WH,513.315
ROMAY PE60-BKOP,267.75
ROMAY PE80-BKOP,378.25
ROMAY PE150-BKOP,274.55
MALABO EX.P-BK,139.315
MALABO EX.P-GY,139.315
MALABO EX.P-RST,139.315
LASIAN PE30-AGWH,68.0
LASIAN TL-WDAG,92.65
LASIAN PE40-AGWH,87.55
LASIAN FL-WDAG,141.95
MOSARI CTC3-GD,75.65
MOSARI CTC3-BK,75.65
MOSARI CTC7-GD,160.65
MOSARI CTC7-BK,160.65
MOSARI TL-BK,41.65
MOSARI TL-GD,41.65
MOSARI WB-BK,28.9
MOSARI WB-GD,28.9
20796301,159.2
20796302,159.2
20796307,180.0
20796316,180.0
20796602,199.2
20796601,199.2
20796616,220.0
20796607,220.0
20796401,175.2
20796402,175.2
20796407,196.0
20796416,196.0
20796701,215.2
20796702,215.2
20796707,236.0
20796716,236.0
20796501,191.2
20796502,191.2
20796507,212.0
20796516,212.0
20796801,231.2
20796802,231.2
20796807,252.0
20796816,252.0
20800202,21.2
20800302,25.2
20800402,42.0
20800502,78.6
20800201,21.2
20800301,25.2
20800401,42.0
20800501,78.6
SOR-352-WH-L,153.3
SOR-352-BK-L,153.3
20789801,30.45
20789802,30.45
20789601,267.75
20789602,267.75
ARRIBA-F1,125.76
ARRIBA-F2,125.76
20789702,288.75
20789701,288.75
HV3531W-S-BLK,60.27
HV3532W-S-BLK,60.27
HV3533W-S-BLK,60.27
HV3534W-S-BLK,60.27
HV3535W-S-BLK,60.27
HV3536W-S-BLK,53.69
HV3537W-S-BLK,53.69
HV3519W-BLK,45.57
HV3519W-WHT,45.57
HV3526T-BLK,9.59
HV3526T-WHT,9.59
HV3527T-BLK,11.06
HV3527T-WHT,11.06
HV3562T-BLK,91.98
HV3562T-WHT,91.98
HV8011S-BLKALB,146.3
HV8011S-GLDALB,146.3
HV4003T-1-BLK,36.05
HV4003T-1-WHT,36.05
HV4003T-2-BLK,58.1
HV4003T-2-WHT,58.1
HV4003T-3-BLK,80.15
HV4003T-3-WHT,80.15
HV4003T-4-BLK,102.2
HV4003T-4-WHT,102.2
FC2118133WH,134.84
FC2118133BK,134.84
FC2118133DT,147.18
FC2110133WH,115.44
FC2110133BK,115.44
FC2110133DT,124.02
HV3523T-BLK,11.76
HV3523T-WHT,11.76
HV3525T-BLK,15.47
HV3525T-WHT,15.47
LOI1001638A,1525.5
LOI1001634,1206.0
LOI1001629,1395.9
LOI1001631,818.1
206678,755.65
CAR-1PN-80-E27-WH,387.1
390477,684.25
HV1641W-BLK,72.8
207911,339.15
207912,339.15
207913,339.15
207916,424.15
207914,424.15
207915,424.15
207917,594.15
207918,594.15
207919,849.15
207921,849.15
207904,339.15
207906,339.15
207905,339.15
207907,849.15
207908,849.15
207909,849.15
207901,254.15
207902,254.15
207922,339.15
207924,509.15
207923,509.15
207925,1699.15
207929,849.15
207931,1444.15
207932,3399.15
207927,1699.15
207926,1699.15
207928,2124.15
TUBERIA1,429.97
GAGGIA1,191.44
PARRILLA5,155.23
PARRILLA6,191.45
TOCADO1,94.95
TOCADO2,94.95
TOCADO3,94.95
HV5863S-WHT,24.99
VPR9763IP54-320-5M,57.33
HV5864S-WHT,36.75
HV5865S-WHT,58.8
HV5863-2-WHTGLD,9.59
HV5864-1-BLK,8.82
HV5865-1-BLK,13.23
207427,315.0
207174,41.65
207176,41.65
207175,41.65
207177,50.15
207179,50.15
207178,50.15
207933,18.0
205891N,93.925
RDTL8,34.84
20681202,20.6
20681302,25.0
20581202,30.0
20581302,57.2
20681201,20.6
20681301,25.0
20581201,30.0
20581301,57.2
DTL10-TRI-W-LT,20.7
DTL10-TRI-B-LT,20.7
DTL12-TRI-B-LT,26.94
DTL12-TRI-W-LT,26.94
DTL18-TRI-B-LT,38.37
DTL18-TRI-W-LT,38.37
DTL25-TRI-W-LT,48.78
DTL25-TRI-B-LT,48.78
HV9284,22.05
XDRL10,55.02
XDJ10,55.02
MAREN DL44RD-MC,10.625
MAREN DL44SQ-MC,10.625
DEANA TL-BEOM,84.7875
POLANO TLS-BEIV,63.75
POLANO TLL-BEIV,109.65
HV8079T-BLK,101.5
HV8079T-BR,157.5
SATROM FL-BKGN,125.8
SATROM FL-ABWH,125.8
SATROM TL-BKGN,75.65
SATROM TL-ABWH,75.65
VALDA TL-TPIV,75.65
VALDA TL-BKIV,75.65
VALDA TL-BLIV,75.65
VALDA TL-BRWIV,75.65
VALDA TL-GNIV,75.65
BEAT FL-BK,88.825
BEAT FL-CH,98.175
VALTOR FL-BK,105.5275
VALTOR FL-WH,105.5275
SISBY FL-BMWHM,126.65
SISBY FL-ABBKM,126.65
OLIANA FL-AGMB,168.6825
LIVIA TL-BKDGY,106.2075
ORTEZ FL-BKTRZAG,135.15
ORTEZ FL-BKAG,135.15
ORTEZ FL-WHAG,135.15
ORTEZ TL-BKTRZAG,78.54
ORTEZ TL-WHTRZBZ,78.54
QUILO FL-BKSM,88.3575
VARLIN TL3-BKMR,78.54
BAYZ TL32-GY,58.65
BAYZ TL32-SD,58.65
BAYZ TL40-GY,75.65
BAYZ TL40-SD,75.65
AZALEA TL-BKAG,44.5825
AZALEA TL-WHCH,44.5825
BACI TL-BLWH,62.815
BACI TL-BSWH,62.815
BACI TL-GYWH,62.815
BELMORE FL-TK,122.7825
BELMORE FL-WL,122.7825
ADRIA TL-CHWH,71.825
ADRIA TL-GDBK,71.825
AMBIA TL.U-BK,41.65
AMBIA TL.U-WH,41.65
AMPARO FL-BK,278.8
ANNA TL-BKDGY,52.7
ANNA TL-BLDGY,52.7
ANNA TL-WHDGY,52.7
