sku,cost
00120/05,12.46
007,66.07
008,66.07
009,26.26
010,36.42
013,36.42
016,36.42
018,36.42
019,60.14
020,70.30
023,70.30
028,70.30
029,88.94
050,30.49
051,30.49
061,58.44
068,88.94
080,48.28
082,48.28
083,48.28
090,14.40
091,14.40
10000,37.31
10001,37.31
10002,37.31
10003,37.31
10004,37.31
10005,37.31
10006,37.31
10007,37.31
10008,37.31
10010,37.31
10011,37.31
10012,37.31
10013,37.31
10014,37.31
10015,37.31
10016,37.31
10017,37.31
10018,37.31
10020,37.31
10021,37.31
10022,37.31
10023,37.31
10024,37.31
10025,37.31
10026,37.31
10027,37.31
10028,37.31
10030,37.31
10031,37.31
10032,37.31
10033,37.31
10034,37.31
10035,37.31
10036,37.31
10037,37.31
10038,37.31
10040,46.66
10041,46.66
10042,46.66
10043,46.66
10044,46.66
10045,46.66
10046,46.66
10047,46.66
10048,46.66
10050,46.66
10051,46.66
10052,46.66
10053,46.66
10054,46.66
10055,46.66
100550/05,43.91
100550/06,46.29
100550/13,43.91
100550/20,46.29
100550/77,35.46
10056,46.66
10057,46.66
10058,46.66
10060,46.66
10061,46.66
10062,46.66
10063,46.66
10064,46.66
10065,46.66
10066,46.66
100666/16,81.90
10067,46.66
10068,46.66
10070,46.66
10071,46.66
10072,46.66
10073,46.66
10074,46.66
10075,46.66
10076,46.66
10077,46.66
10078,46.66
10080,3.27
10081,3.27
10082,3.27
10083,3.27
10084,3.27
10085,3.27
10086,3.27
10087,79.38
10088,79.38
10089,79.38
10090,79.38
10091,79.38
10092,79.38
10093,79.38
10094,79.38
10095,79.38
10097,79.38
10098,79.38
10099,79.38
100EXTGRILLESQ,7.59
10100,79.38
10101,79.38
10102,79.38
10103,79.38
10104,79.38
10105,79.38
10107,79.38
10108,79.38
10109,79.38
10110,79.38
10111,79.38
10112,79.38
10113,79.38
10114,79.38
10115,79.38
10117,79.38
10118,79.38
10119,79.38
10120,79.38
10121,79.38
10122,79.38
10123,79.38
10124,79.38
10125,79.38
10127,84.06
10128,84.06
10129,84.06
10130,84.06
10131,84.06
10132,84.06
10133,84.06
10134,84.06
10135,84.06
10137,84.06
10138,84.06
10139,84.06
10140,84.06
10141,84.06
10142,84.06
10143,84.06
10144,84.06
10145,84.06
10147,84.06
10148,84.06
10149,84.06
10150,84.06
10151,84.06
10152,84.06
10153,84.06
10154,84.06
10155,84.06
10157,84.06
10158,84.06
10159,84.06
10160,84.06
10161,84.06
10162,84.06
10163,84.06
10164,84.06
10165,84.06
10167,4.21
10168,4.21
10169,4.21
10170,4.21
10171,4.21
10172,4.21
10173,4.21
10300,233.66
10304,373.91
10330,28.00
10331,31.46
10332,40.43
10333,51.98
10334,52.49
10336,89.99
10337,75.00
10338,112.49
10380,79.03
104-MODULE,71.94
10670,61.24
10671,61.24
10672,23.38
10673,23.38
10682,95.09
10683,95.09
10695,33.10
10696,33.10
10697,33.10
10698,33.10
10699,33.10
10700,34.13
10701,34.13
10702,34.13
10703,34.13
10704,34.13
10706,42.17
10707,42.17
10708,42.17
10709,42.17
10710,42.17
10718,54.88
10719,54.88
10720,54.88
10721,54.88
10722,54.88
10724,17.11
10725,15.90
10728,70.97
10729,70.97
10730,70.97
10731,70.97
10732,70.97
10734,86.21
10735,86.21
10736,86.21
10737,86.21
10738,86.21
10740,88.73
10741,88.73
10742,88.73
10743,88.73
10744,88.73
10773,19.26
10819,77.79
10820,77.79
10821,77.79
10822,77.79
10824,77.79
10825,110.89
10826,110.89
10827,110.89
10828,110.89
10830,110.89
10831,149.97
10832,149.97
10833,149.97
10834,149.97
10836,149.97
10837,183.91
10838,183.91
10839,183.91
10840,183.91
10842,183.91
10849,52.17
10850,52.17
10851,52.17
10852,52.17
10853,52.17
10854,90.13
10855,90.13
10856,90.13
10857,90.13
10858,90.13
10859,131.65
10860,131.65
10861,131.65
10862,131.65
10863,131.65
10993,138.75
10994,138.75
110017,10.29
110045,7.95
110057,20.10
110063,17.06
110064,21.27
110065,24.31
110067,14.96
110069,11.69
110071,11.69
110079,17.06
110081,21.27
110082,24.31
110083,14.96
110086,21.27
110087,24.31
110088,14.96
110089,3.69
110091,3.69
110092,3.69
110093,3.69
110094,3.69
110106,9.35
110108,9.35
110109,50.96
110111,50.96
110112,50.96
110114,7.48
110115,5.61
110116,7.48
110156,10.75
110157,10.75
110201,11.69
110202,11.69
110203,3.69
110204,3.74
110205,3.74
110206,3.74
110207,3.74
110208,3.74
110209,3.74
110224,11.22
110225,11.22
110226,11.22
110227,11.22
110228,18.23
110235,10.29
110236,10.29
110237,10.29
110238,10.29
110245,12.16
110246,14.96
110247,12.16
110248,14.96
110252,12.16
110253,14.96
110254,12.16
110255,14.96
110256,12.16
110275,21.97
110276,21.97
110277,21.97
110278,28.75
110279,28.75
110281,28.75
110291,13.56
110292,13.56
110295,1.82
110307,7.25
110316,10.29
110317,13.79
110318,8.42
11034,103.69
11035,161.57
110357,4.91
11036,145.02
11037,112.39
110373,4.91
11040,64.89
11042,98.74
110435,5.38
110436,5.38
11044,153.99
11049,123.98
11051,81.53
11074,105.84
11075,110.42
11076,141.19
11077,180.83
11080,119.12
11081,224.87
11082,109.58
11083,109.58
11084,141.19
11085,152.59
11090,114.63
11091,123.70
11102,126.13
11110,155.30
11113,149.97
11115,76.76
11116,113.23
11118,113.23
11120,119.31
11121,138.94
11122,99.67
11131,109.30
11254,20.79
11260,23.19
11300,15.02
113044,19.17
113045,15.43
113046,19.17
113048,12.86
113049,10.05
11312,149.26
11323,123.94
11325,98.99
11344,176.09
11375,22.00
11380,57.23
11454,174.89
11463,122.09
11475,190.39
11511,197.03
11639/13,18.99
11640/06,12.46
11669,6.08
12001,106.68
12003,123.89
12005,123.89
12007,106.68
12009,123.89
12011,121.64
12013,144.36
12015,144.36
12017,121.64
12019,144.36
12021,146.89
12023,175.50
12025,175.50
12027,146.89
12029,175.50
12214,11.86
12215,14.60
12253,20.79
12274,10.29
12275,10.29
12276,10.29
12277,10.29
12281,14.85
12282,17.51
12283,16.87
12301,241.33
12309,180.19
12310,196.00
12343,224.31
12511,255.87
12553,14.03
12554,14.03
12555,5.61
12557,5.61
12588,14.03
125EXTGRILLESQ,8.69
14966,136.70
14967,136.70
14968,136.70
14969,136.70
14971,136.70
14972,163.53
14973,163.53
14974,163.53
14975,163.53
14977,163.53
14978,163.53
14979,163.53
14980,163.53
14981,163.53
14983,163.53
14984,163.53
14985,163.53
14986,163.53
14987,163.53
14989,163.53
14990,410.93
14991,410.93
14992,410.93
14993,410.93
14995,410.93
14996,629.63
14997,629.63
14998,629.63
14999,629.63
15001,629.63
15002,506.02
15003,506.02
15004,506.02
15005,506.02
15007,506.02
15008,728.74
15009,728.74
15010,728.74
15011,728.74
15013,728.74
15014,687.60
15015,687.60
15016,687.60
15017,687.60
15019,687.60
15020,951.74
15021,951.74
15022,951.74
15023,951.74
15025,951.74
15026,1077.59
15027,1077.59
15028,1077.59
15029,1077.59
15031,1077.59
15032,126.23
15033,126.23
15034,126.23
15035,126.23
15037,126.23
15038,163.53
15039,163.53
15040,163.53
15041,163.53
15043,163.53
15044,163.53
15045,163.53
15046,163.53
15047,163.53
15049,163.53
15050,950.33
15051,950.33
15052,950.33
15053,950.33
15055,950.33
15056,1077.59
15057,1077.59
15058,1077.59
15059,1077.59
15061,1077.59
15062,293.59
15063,293.59
15064,293.59
15065,293.59
15067,293.59
15068,293.59
15069,293.59
15070,293.59
15071,293.59
15073,293.59
15074,293.59
15075,293.59
15076,293.59
15077,293.59
15079,293.59
15080,276.95
15081,276.95
15082,276.95
15083,276.95
15085,276.95
15086,266.66
15087,266.66
15088,266.66
15089,266.66
15091,266.66
15092,823.74
15093,823.74
15094,823.74
15095,823.74
15097,823.74
15098,274.24
15099,274.24
150EXTGRILLESQ,9.79
15100,274.24
15101,274.24
15102,274.24
15103,274.24
15104,274.24
15105,274.24
15106,274.24
15107,274.24
15110,136.70
15111,136.70
15112,136.70
15113,136.70
15115,136.70
15116,163.53
15117,163.53
15118,163.53
15119,163.53
15121,163.53
15122,163.53
15123,163.53
15124,163.53
15125,163.53
15127,163.53
15128,163.53
15129,163.53
15130,163.53
15131,163.53
15133,163.53
15134,410.93
15135,410.93
15136,410.93
15137,410.93
15139,410.93
15140,629.63
15141,629.63
15142,629.63
15143,629.63
15145,629.63
15146,510.23
15147,510.23
15148,510.23
15149,510.23
15151,510.23
15152,728.74
15153,728.74
15154,728.74
15155,728.74
15157,728.74
15158,687.60
15159,687.60
15160,687.60
15161,687.60
15163,687.60
15164,951.74
15165,951.74
15166,951.74
15167,951.74
15169,951.74
15170,1077.59
15171,1077.59
15172,1077.59
15173,1077.59
15175,1077.59
15176,155.02
15177,155.02
15178,155.02
15179,155.02
15181,155.02
15182,126.23
15183,126.23
15184,126.23
15185,126.23
15187,126.23
15188,192.33
15189,192.33
15190,192.33
15191,192.33
15193,192.33
15194,221.13
15195,221.13
15196,221.13
15197,221.13
15199,221.13
15200,221.13
15201,221.13
15202,221.13
15203,221.13
15205,221.13
15206,221.13
15207,221.13
15208,221.13
15209,221.13
15211,221.13
15212,464.60
15213,464.60
15214,464.60
15215,464.60
15217,464.60
15218,722.57
15219,722.57
15220,722.57
15221,722.57
15223,722.57
15224,551.37
15225,551.37
15226,551.37
15227,551.37
15229,551.37
15230,836.08
15231,836.08
15232,836.08
15233,836.08
15235,836.08
15236,726.78
15237,726.78
15238,726.78
15239,726.78
15241,726.78
15242,1009.61
15243,1009.61
15244,1009.61
15245,1009.61
15247,1009.61
15248,1201.19
15249,1201.19
15250,1201.19
15251,1201.19
15253,1201.19
15254,181.86
15255,181.86
15256,181.86
15257,181.86
15259,181.86
15410,136.70
15411,136.70
15412,136.70
15413,136.70
15415,136.70
15416,163.53
15417,163.53
15418,163.53
15419,163.53
15421,163.53
15422,163.53
15423,163.53
15424,163.53
15425,163.53
15427,163.53
15428,163.53
15429,163.53
15430,163.53
15431,163.53
15433,163.53
15434,410.93
15435,410.93
15436,410.93
15437,410.93
15439,410.93
15440,629.63
15441,629.63
15442,629.63
15443,629.63
15445,629.63
15446,510.23
15447,510.23
15448,510.23
15449,510.23
15451,510.23
15452,728.74
15453,728.74
15454,728.74
15455,728.74
15457,728.74
15458,687.60
15459,687.60
15460,687.60
15461,687.60
15463,687.60
15464,951.74
15465,951.74
15466,951.74
15467,951.74
15469,951.74
15470,1077.59
15471,1077.59
15472,1077.59
15473,1077.59
15475,1077.59
15476,126.23
15477,126.23
15478,126.23
15479,126.23
15481,126.23
15482,293.59
15483,293.59
15484,293.59
15485,293.59
15487,293.59
15488,293.59
15489,293.59
15490,293.59
15491,293.59
15493,293.59
15494,293.59
15495,293.59
15496,293.59
15497,293.59
15499,293.59
15500,276.95
15501,276.95
15502,276.95
15503,276.95
15505,276.95
15506,266.66
15507,266.66
15508,266.66
15509,266.66
15511,266.66
15512,821.87
15513,821.87
15514,821.87
15515,821.87
15517,821.87
15518,124.17
15519,124.17
15520,124.17
15521,124.17
15523,124.17
15524,134.45
15525,134.45
15526,134.45
15527,134.45
15529,134.45
15530,163.53
15531,163.53
15532,163.53
15533,163.53
15535,163.53
15536,109.77
15537,109.77
15538,109.77
15539,109.77
15541,109.77
15542,126.23
15543,126.23
15544,126.23
15545,126.23
15547,126.23
15548,115.94
15549,115.94
15550,115.94
15551,115.94
15553,115.94
15554,132.49
15555,132.49
15556,132.49
15557,132.49
15559,132.49
15560,161.19
15561,161.19
15562,161.19
15563,161.19
15565,161.19
15566,134.45
15567,134.45
15568,134.45
15569,134.45
15571,134.45
15572,163.53
15573,163.53
15574,163.53
15575,163.53
15577,163.53
15578,382.23
15579,382.23
15580,382.23
15581,382.23
15583,382.23
15584,408.88
15585,408.88
15586,408.88
15587,408.88
15589,408.88
15590,487.51
15591,487.51
15592,487.51
15593,487.51
15595,487.51
15596,514.25
15597,514.25
15598,514.25
15599,514.25
15601,514.25
15602,640.01
15603,640.01
15604,640.01
15605,640.01
15607,640.01
15608,670.77
15609,670.77
15610,670.77
15611,670.77
15613,670.77
15614,902.09
15615,902.09
15616,902.09
15617,902.09
15619,902.09
15620,966.23
15621,966.23
15622,966.23
15623,966.23
15625,966.23
15626,1007.37
15627,1007.37
15628,1007.37
15629,1007.37
15631,1007.37
15632,1090.02
15633,1090.02
15634,1090.02
15635,1090.02
15637,1090.02
15638,622.24
15639,622.24
15640,622.24
15641,622.24
15643,622.24
15644,677.22
15645,677.22
15646,677.22
15647,677.22
15649,677.22
15650,718.45
15651,718.45
15652,718.45
15653,718.45
15655,718.45
15656,774.18
15657,774.18
15658,774.18
15659,774.18
15661,774.18
15662,221.13
15663,221.13
15664,221.13
15665,221.13
15667,221.13
15668,247.96
15669,247.96
15670,247.96
15671,247.96
15673,247.96
15674,483.21
15675,483.21
15676,483.21
15677,483.21
15679,483.21
15680,510.23
15681,510.23
15682,510.23
15683,510.23
15685,510.23
15686,726.78
15687,726.78
15688,726.78
15689,726.78
15691,726.78
15692,782.50
15693,782.50
15694,782.50
15695,782.50
15697,782.50
15698,578.20
15699,578.20
15700,578.20
15701,578.20
15703,578.20
15704,607.10
15705,607.10
15706,607.10
15707,607.10
15709,607.10
15710,838.13
15711,838.13
15712,838.13
15713,838.13
15715,838.13
15716,895.54
15717,895.54
15718,895.54
15719,895.54
15721,895.54
15722,741.36
15723,741.36
15724,741.36
15725,741.36
15727,741.36
15728,769.97
15729,769.97
15730,769.97
15731,769.97
15733,769.97
15734,1017.75
15735,1017.75
15736,1017.75
15737,1017.75
15739,1017.75
15740,1046.55
15741,1046.55
15742,1046.55
15743,1046.55
15745,1046.55
15746,1108.63
15747,1108.63
15748,1108.63
15749,1108.63
15751,1108.63
15752,1191.10
15753,1191.10
15754,1191.10
15755,1191.10
15757,1191.10
15758,1221.95
15759,1221.95
15760,1221.95
15761,1221.95
15763,1221.95
15764,1304.61
15765,1304.61
15766,1304.61
15767,1304.61
15769,1304.61
15770,1313.02
15771,1313.02
15772,1313.02
15773,1313.02
15775,1313.02
15776,1424.19
15777,1424.19
15778,1424.19
15779,1424.19
15781,1424.19
15782,518.46
15783,518.46
15784,518.46
15785,518.46
15787,518.46
15788,757.63
15789,757.63
15790,757.63
15791,757.63
15793,757.63
15794,922.75
15795,922.75
15796,922.75
15797,922.75
15799,922.75
15800,167.55
15801,167.55
15802,167.55
15803,167.55
15805,167.55
15806,221.13
15807,221.13
15808,221.13
15809,221.13
15811,221.13
15812,167.55
15813,167.55
15814,167.55
15815,167.55
15817,167.55
15818,483.21
15819,483.21
15820,483.21
15821,483.21
15823,483.21
15824,726.78
15825,726.78
15826,726.78
15827,726.78
15829,726.78
15830,578.20
15831,578.20
15832,578.20
15833,578.20
15835,578.20
15836,838.13
15837,838.13
15838,838.13
15839,838.13
15841,838.13
15842,741.36
15843,741.36
15844,741.36
15845,741.36
15847,741.36
15848,1017.93
15849,1017.93
15850,1017.93
15851,1017.93
15853,1017.93
15854,1221.95
15855,1221.95
15856,1221.95
15857,1221.95
15859,1221.95
15860,922.75
15861,922.75
15862,922.75
15863,922.75
15865,922.75
15866,757.63
15867,757.63
15868,757.63
15869,757.63
15871,757.63
15872,518.46
15873,518.46
15874,518.46
15875,518.46
15877,518.46
15878,192.14
15879,192.14
15880,192.14
15881,192.14
15883,192.14
15884,221.13
15885,221.13
15886,221.13
15887,221.13
15889,221.13
15890,221.13
15891,221.13
15892,221.13
15893,221.13
15895,221.13
15896,221.13
15897,221.13
15898,221.13
15899,221.13
15901,221.13
15902,464.60
15903,464.60
15904,464.60
15905,464.60
15907,464.60
15908,722.57
15909,722.57
15910,722.57
15911,722.57
15913,722.57
15914,551.37
15915,551.37
15916,551.37
15917,551.37
15919,551.37
15920,836.08
15921,836.08
15922,836.08
15923,836.08
15925,836.08
15926,726.78
15927,726.78
15928,726.78
15929,726.78
15931,726.78
15932,1009.61
15933,1009.61
15934,1009.61
15935,1009.61
15937,1009.61
15938,1201.19
15939,1201.19
15940,1201.19
15941,1201.19
15943,1201.19
15944,182.04
15945,182.04
15946,182.04
15947,182.04
15949,182.04
15950,182.04
15951,182.04
15952,182.04
15953,182.04
15955,182.04
15956,221.13
15957,221.13
15958,221.13
15959,221.13
15961,221.13
15962,221.13
15963,221.13
15964,221.13
15965,221.13
15967,221.13
15968,1009.61
15969,1009.61
15970,1009.61
15971,1009.61
15973,1009.61
15974,1201.19
15975,1201.19
15976,1201.19
15977,1201.19
15979,1201.19
15980,276.95
15981,276.95
15982,276.95
15983,276.95
15985,276.95
15986,293.40
15987,293.40
15988,293.40
15989,293.40
15991,293.40
15992,293.40
15993,293.40
15994,293.40
15995,293.40
15997,293.40
15998,293.40
15999,293.40
16000,293.40
16001,293.40
16003,293.40
16004,266.66
16005,266.66
16006,266.66
16007,266.66
16009,266.66
16010,823.74
16011,823.74
16012,823.74
16013,823.74
16015,823.74
16016,221.13
16017,221.13
16018,221.13
16019,221.13
16020,221.13
16021,29.27
16022,29.27
16023,29.27
16024,29.27
16026,29.27
16027,33.38
16028,33.38
16029,33.38
16030,33.38
16032,33.38
16033,33.94
16034,33.94
16035,33.94
16036,33.94
16038,33.94
16039,576.24
16040,576.24
16041,576.24
16042,576.24
16044,576.24
16045,435.90
16046,435.90
16047,435.90
16048,435.90
16050,435.90
16051,336.60
16052,336.60
16053,336.60
16054,336.60
16056,336.60
16057,78.91
16058,78.91
16059,78.91
16060,78.91
16062,78.91
16063,136.70
16064,136.70
16065,136.70
16066,136.70
16068,136.70
16069,43.66
16070,43.66
16071,43.66
16072,43.66
16074,43.66
16075,56.10
16076,56.10
16077,56.10
16078,56.10
16080,56.10
16081,70.50
16082,70.50
16083,70.50
16084,70.50
16086,70.50
16087,14.87
16088,14.87
16089,10.57
16090,32.73
16091,56.10
16092,32.73
16093,44.41
16096,32.73
16097,42.08
16098,45.82
16099,49.27
16100,58.16
16102,64.33
16103,64.33
16104,64.33
16105,64.33
16106,64.33
16112,70.12
16113,70.12
16114,70.12
16115,70.12
16116,70.12
16118,81.81
16119,81.81
16120,81.81
16121,81.81
16122,81.81
16123,274.14
16124,274.14
16125,274.14
16126,274.14
16127,274.14
16128,274.14
16129,274.14
16130,274.14
16131,274.14
16132,274.14
16133,274.24
16134,274.24
16135,274.24
16136,274.24
16137,274.24
16138,274.24
16139,274.24
16140,274.24
16141,274.24
16142,274.24
16144,220.94
16145,220.94
16146,220.94
16147,220.94
16148,220.94
16318,68.35
16320,75.17
16323,75.17
16324,68.35
16327,82.28
16329,90.04
16332,90.04
16333,82.28
16336,97.24
16338,105.75
16341,105.75
16342,97.24
16345,112.11
16347,121.18
16350,121.18
16351,112.11
16354,127.07
16356,136.32
16359,136.32
16360,127.07
17529/06,39.94
17530/06,28.53
17615,31.23
17616,55.54
17617,38.34
17618,62.65
17619,45.82
17620,70.12
17621,53.11
17622,77.42
17880,83.51
17911/06,22.25
17911/09,22.25
17942/16,61.72
17942/51,56.97
17943/51,45.08
17950/13,23.74
17952/51,33.67
18031/16,31.38
18048/51,33.10
18049/51,33.10
18051/16,79.89
18060/05,21.11
18060/06,18.26
18062/05,31.96
18063/05,23.97
18190/05,55.00
18193/05,50.22
18194/05,57.07
18203/05,45.65
18204/05,57.07
18207,9.97
18208,11.28
18240/14,47.48
18255/05,48.40
18549,6.89
18550,9.97
18562/06,31.96
18562/09,31.96
18599,35.62
18600,35.62
18601,48.53
18602,48.53
18603,79.76
18604,79.76
18605,154.37
18606,154.37
18627/05,40.36
18627/06,42.72
18627/14,58.16
18627/55,42.72
18628/13,55.78
18629/13,136.50
18675/06,105.25
18746/11,68.48
18747/11,97.01
18769/05,122.25
18769/06,117.55
18769/14,136.50
18782,16.62
18839/06,26.31
18991/06,132.70
19008,40.86
19009,40.86
19011,55.91
19012,55.91
19098,13.77
19100,97.71
19101,113.70
19102,117.53
19104,110.05
19105,125.94
19106,129.78
19107,3.66
19109,113.70
19110,117.53
19112,110.05
19113,125.94
19114,129.78
19116,77.79
19117,77.79
19119,53.95
19120,53.95
19122,90.13
19123,49.27
19128,61.24
19129,61.24
19130,61.24
19131,79.29
19132,79.29
19133,79.29
19134,55.35
19136,55.35
19137,55.35
19141,61.24
19142,79.29
19143,61.80
19144,55.35
19145,55.35
19146,55.35
19147,62.55
19148,62.55
19164/37,59.49
19239/05,30.81
19239/06,30.81
19242/05,53.64
19242/06,53.64
19245/05,63.91
19245/06,63.91
19283,41.18
19309/05,42.33
19324,20.38
19325,26.65
19326,40.11
19327,37.03
19340,43.66
19341,35.16
19342,41.70
19343,39.83
19370,85.83
19371,85.83
19372,85.83
19373,85.83
19374,85.83
19375,85.83
19376,103.13
19377,103.13
19378,103.13
19379,103.13
19380,103.13
19381,103.13
19420,154.37
19421,154.37
19422,154.37
19423,154.37
19424,23.19
19426,23.19
19428,34.88
19430,34.88
19432,34.88
19434,34.88
19436,34.88
19438,27.77
19440,27.77
19442,45.72
19444,45.72
19446,45.72
19448,45.72
19450,45.72
19458,100.61
19459,100.61
19485/06,53.77
19486,100.23
19487,100.23
19488,100.23
19489,100.23
19490,100.23
19491,100.23
19492,100.23
19493,100.23
19506,100.23
19507,100.23
19508,100.23
19509,100.23
19514,100.23
19515,100.23
19516,100.23
19517,100.23
19526,69.00
19527,69.00
19527/05,32.03
19528,69.00
19529,69.00
19529/05,52.62
19542,81.35
19543,81.35
19544,75.27
19545,75.27
19546,75.27
19547,75.27
19548,89.48
19549,89.48
19562,89.48
19563,89.48
19570,75.27
19571,75.27
19572,75.27
19573,75.27
19576,89.48
19577,89.48
19578,89.48
19579,89.48
19625/05,51.48
19630,109.86
19631,109.86
19632,109.86
19633,109.86
19634,109.86
19635,109.86
19636,109.86
19637,109.86
19638,109.86
19639,109.86
19640,109.86
19641,109.86
19644,142.96
19645,142.96
19646,142.96
19647,142.96
19648,142.96
19649,142.96
19650,180.17
19651,180.17
19652,180.17
19653,180.17
19654,180.17
19655,180.17
19675/51,45.65
19678,103.88
19679,103.88
19680,103.88
19681,103.88
19684,68.63
19685,68.63
19686,68.63
19687,68.63
19688,68.63
19689,68.63
19689/06,78.75
19692,57.32
19693,57.32
19693/51,54.45
19694,57.32
19695,57.32
19696,57.32
19696/05,33.10
19696/51,33.10
19697,57.32
19700,69.00
19701,69.00
19702,69.00
19703,69.00
19704,69.00
19705,69.00
19705/01,24.02
19706,69.00
19707,69.00
19708,69.00
19709,69.00
19710,69.00
19711,69.00
19712,81.35
19713,81.35
19714,81.35
19715,81.35
19716,81.35
19717,81.35
19720,80.13
19721,80.13
19722,97.33
19723,97.33
19724,103.13
19725,103.13
19727,81.35
19728,81.35
19729,81.35
19730,81.35
19731,81.35
19732,81.35
19733,81.35
19734,81.35
19735,81.35
19736,81.35
19737,81.35
19738,81.35
19739,81.35
19740,81.35
19741,81.35
19742,81.35
19760,93.78
19761,93.78
19762,93.78
19763,93.78
19764,93.78
19765,93.78
19766,93.78
19767,93.78
19770,74.43
19771,74.43
19772,74.43
19773,74.43
19774,74.43
19775,74.43
19776,74.43
19777,74.43
19778,74.43
19779,74.43
19780,74.43
19781,74.43
19782,74.43
19783,74.43
19784,74.43
19785,74.43
19786,85.83
19787,85.83
19788,85.83
19789,85.83
19790,85.83
19791,85.83
19792,85.83
19793,85.83
19800,80.78
19802,80.78
19804,80.78
19806,80.78
19840,63.21
19841,63.21
19842,63.21
19843,63.21
19844,63.21
19845,63.21
19846,63.21
19847,63.21
19847/05,131.24
19848,63.21
19849,63.21
19849/05,154.07
19850,63.21
19851,63.21
19852,63.21
19853,63.21
19855,63.21
19856,74.43
19857,74.43
19858,74.43
19859,74.43
19860,74.43
19861,74.43
19862,74.43
19863,74.43
19864,91.72
19865,91.72
19866,91.72
19867,91.72
19868,91.72
19869,91.72
19870,91.72
19871,91.72
19872,91.72
19873,91.72
19874,91.72
19875,91.72
19876,91.72
19877,91.72
19878,91.72
19878/06,133.85
19879,91.72
19882,186.72
19883,186.72
19884,186.72
19885,186.72
19890,139.22
19891,139.22
19893/06,29.68
19900,99.30
19901,99.30
19902,99.30
19903,99.30
19904,99.30
19905,99.30
19911/05,33.00
19916,48.62
19916/06,48.66
19917,48.62
19917/06,70.03
19918,73.68
19918/06,27.30
19919,73.68
19919/06,21.36
19920,112.95
19921,112.95
19921/06,36.80
19923,25.25
19926,13.56
19927,13.56
19928,13.56
19929,13.56
19929/05,24.54
19929/51,24.54
19930/05,24.54
19930/51,24.54
19940,16.62
19942,113.88
19943,113.88
19944,113.88
19945,113.88
19946,113.88
19947,113.88
19971/05,43.37
19971/06,43.37
19973/06,43.37
19975/05,43.37
19975/06,43.37
19985,57.32
19986,57.32
19987,57.32
19988,57.32
19989,57.32
19990,57.32
19991,57.32
19992,57.32
19997/08,89.23
20051/05,34.24
20052/05,28.53
200671,45.82
200672,83.22
200673,111.27
200674,139.32
200692,14.03
200693,23.38
200694,32.73
200695,42.08
20073/05,487.37
20099/05,108.68
200EXTGRILLESQ,11.99
20108/16,47.48
20114,75.64
20129,101.54
20134,75.64
20141,70.31
20142,47.59
20143,47.59
20144,99.76
20145,99.76
20173,47.22
20174,62.93
20175,102.48
20176,124.36
20182,59.47
20183,91.54
20184,137.26
20198,31.51
20199,88.73
201995,45.82
201996,83.22
201997,111.27
201998,139.32
20200,37.87
20200/05,60.63
20201,34.31
20202,48.99
20203,59.37
20203/05,35.61
20204,71.71
20204/05,28.49
20208,19.82
20209,22.63
20211,34.41
202111,45.82
202112,64.52
20213,53.11
20214/05,33.23
20216,28.80
20217,35.06
20219,51.80
20221,76.86
20224,33.19
20225,34.31
20226,48.99
20227,59.37
20228,71.71
20229,88.26
20231,124.92
20232,171.95
20233,284.05
20236,43.57
20237,59.00
20238,81.72
20241,27.46
20249,31.51
20250,37.87
20251,34.31
20252,48.99
20252/05,40.36
20253,59.37
20254,71.71
20255,9.97
20257,88.26
20258,115.10
20259,115.10
20262,103.78
202622,4.68
202624,4.68
202626,6.78
202627,2.81
202628,2.81
20263,103.78
20264,121.92
20265,121.92
20265/06,46.90
20266,121.92
20267,121.92
20268,121.92
20269,121.92
202779,86.49
20279,89.67
20280,109.30
20281,168.21
20284,18.59
20285,396.35
20286,451.51
20287,18.59
20288,18.59
20290,148.57
20291,148.57
20292,257.97
202938,103.78
202939,124.36
202969,365.31
202971,365.31
202972,398.52
202973,398.52
202977,86.46
202979,46.20
20300,18.30
20302,114.63
20303,114.63
203191N,87.42
203192N,116.88
203193N,156.61
203312,30.39
203313,50.96
203316,64.52
203317,4.68
203319,60.78
203324,17.77
203336,35.06
203337,18.23
203338,35.06
203339,18.23
203357,42.54
203358,42.08
203369,327.13
203371,327.13
203372,360.33
203373,360.33
203375,86.46
203376,46.20
203379,3.74
203424,103.78
203425,124.36
20351/05,85.59
20352/05,108.42
20353,37.40
20354,37.40
20355,37.40
20356,6.29
20358,37.40
20359,37.40
20360,7.48
20361,6.29
203619,138.74
203621,138.74
203622,174.16
203623,174.16
203624,145.44
203625,145.44
203626,178.18
203627,178.18
203628,33.00
203629,62.92
203631,33.00
203632,62.92
203653N,34.36
203655N,45.82
203657N,56.57
20366,83.87
20367,95.93
20368,95.93
20374,15.43
203786N,34.36
203788N,45.82
203791N,56.57
203905N,21.97
203937,179.52
203938,179.52
203939,179.52
20410,21.69
20411,26.27
20412,28.80
204152,94.71
204153,114.35
204154,167.48
204156,218.30
204158,286.85
204159,286.85
20420,21.97
20421,25.71
20422,32.07
20425,29.73
20427,36.93
20429/05,13.77
20429SP001/06,12.46
20429SP001/13,12.46
20430,30.29
20432,61.52
204326,48.15
204327,87.42
204328,116.88
204329,146.33
20433,66.57
204331,48.15
204332,87.42
204333,116.88
204334,146.33
20434,74.05
204346,46.20
204347,46.20
204348,86.46
204349,86.46
20435,80.22
204351,391.60
204353,409.20
204387,7.48
204388,7.48
204389,10.29
204391,10.29
204399,35.06
204401,42.54
204402,33.43
204403,40.67
204404,28.99
204405,28.99
204406,45.82
204407,64.52
204408,9.35
204409,9.35
204411,4.68
204412,7.48
204413,12.16
204414,12.16
204415,4.68
204416,10.29
20443,22.53
20445,28.80
204516,23.38
204517,32.73
204518,32.26
204519,27.12
204521,32.26
204522,28.52
204523,28.52
204526,42.08
204527,42.08
204528,42.08
204529,42.08
204531N,64.52
204532,8.42
20454/05,33.23
20454/06,32.04
204576,91.16
204577,46.75
204579,93.50
20458/05,130.42
204581,91.16
20460/05,28.49
20461/05,35.61
20466,63.30
204678,0.94
20468,63.30
20470,116.97
20472,116.97
204731N,64.52
204732,8.42
204735,401.12
204744,22.00
204745,30.80
204751,22.00
204752,30.80
204762,37.87
204763,64.05
204764,45.82
204765,80.88
204766,102.62
204767,1.87
204771N,9.35
204772N,4.68
204774N,4.68
204781,270.51
204782,270.51
204787,308.76
204788,308.76
204794,298.47
204795,298.47
20480,18.99
204801,336.67
204802,336.67
204807,263.12
204808,307.12
20481,18.99
204812,13.32
204813,12.62
20483,21.36
20490902,87.12
20491202,92.40
20491401,95.92
20491402,95.92
20491501,104.72
20491502,104.72
20491702,139.92
204955,9.35
205008,64.52
205009,98.18
205011,116.88
205012,64.52
205013,98.18
205014,116.88
205022,17.77
205023,107.53
205024,149.83
205026,494.62
205027,1186.52
205036,569.42
205037,27.12
205038,27.12
205039,64.52
20504,12.16
205041,64.52
205042,45.82
205043,45.82
205044,64.52
205045,45.82
205046,14.03
205047,45.82
205048,14.03
205049,45.82
20507,12.16
205073,17.77
205119,8.42
205121,83.22
205122,17.77
205127,50.60
205156N,326.31
205157,401.12
205158N,101.92
205159N,64.52
20516,6.05
205161N,163.62
205162,78.07
205163,78.07
20518208,22.00
20518209,33.00
20518211,33.00
20518308,30.80
20518309,62.92
20518311,62.92
20518401,51.92
20518402,16.72
20518408,16.72
20518409,56.32
20518411,56.32
205203N,26.18
205204N,26.18
205205N,14.03
205206N,14.03
205207N,67.79
205208N,67.79
205209N,32.26
205211N,32.26
205212N,8.42
205213N,8.42
205214N,73.87
205215N,73.87
205222,50.60
20522302,22.00
20522402,30.80
20522404,30.80
20522501,87.12
20522502,87.12
20522512,87.12
20522701,104.72
20522702,104.72
20522712,104.72
20522901,113.52
20522902,113.52
20523101,131.12
20523102,131.12
20523212,46.20
20523312,86.46
20523402,104.72
20523405,104.72
20523406,104.72
20523501,110.00
20523502,110.00
20523505,110.00
20523506,110.00
20523602,117.04
20523606,117.04
20523701,122.32
20523702,122.32
20523705,122.32
20523706,122.32
205242,172.98
205243,172.98
205244,172.98
205253N,21.27
205254N,19.17
205255N,19.17
205256N,7.48
205257N,7.48
205258N,19.17
205259N,7.48
205261N,19.17
205262N,19.17
205263N,7.48
205264N,26.88
205265N,23.84
205266N,23.84
205267N,23.84
205268N,23.84
205269N,23.84
205271N,23.84
205272N,23.84
205273N,23.84
205274N,23.84
205275N,15.43
205276N,14.03
205277N,14.03
205278N,58.67
205279N,53.76
20528,32.16
205281N,53.76
205282N,98.18
205283N,91.16
205284N,91.16
205307,70.12
205308,36.47
205309,83.22
205311,462.83
205312,7.48
205313,23.38
205314,36.47
205315,17.77
205316,36.47
205317,55.17
205318,73.87
205319,57.50
205321,57.50
205354,9.35
205358,9.35
20537801,122.32
20537815,122.32
20537902,104.72
20537915,104.72
20538101,127.60
20538102,127.60
20538115,127.60
20538201,236.72
20538202,236.72
20538215,101.20
20538301,289.52
20538302,289.52
20538315,122.32
20538401,254.32
20538402,254.32
20538415,104.72
20538501,307.12
20538502,307.12
20538515,127.60
205389,14.03
205396N,14.03
205399N,14.03
205401N,14.03
205402N,14.03
205403N,14.03
205404,5.84
205405,5.84
205406,5.84
205407,5.84
205408,5.84
205409,5.84
205466N,21.04
205467N,42.08
205468N,98.18
205481,57.20
205482,57.20
205483,57.20
205484,66.00
205485,66.00
205486,66.00
205487,48.40
20549601,203.95
20549602,203.95
20549616,260.64
20549617,260.64
20549701,250.86
20549702,250.86
20549716,307.23
20549717,307.23
20549801,227.40
20549802,227.40
20549816,284.34
20549817,284.34
20549901,274.19
20549902,274.19
20549916,331.51
20549917,331.51
20550101,262.46
20550102,262.46
20550116,316.57
20550117,316.57
20550201,309.24
20550202,309.24
20550216,353.91
20550217,353.91
205503,25.52
205563,78.32
205564,78.32
205565,78.32
20557501,48.40
20557502,48.40
20557504,48.40
20557512,48.40
205576N,27.12
205577N,27.12
205578N,53.76
205579N,27.12
205581N,53.76
205582N,53.76
205583N,27.12
205638,30.80
205639,30.80
205647N,1139.77
205648N,799.43
205649N,836.83
205662,14.03
205663N,1139.77
205666,59.37
205667,73.87
205668,55.17
205669,64.52
205671,92.57
205687N,103.32
205717N,27.12
205718N,27.12
205721N,27.12
205738,34.36
205739,34.36
205741,88.83
205742,83.22
205743,60.78
20580/05,212.31
20580/06,212.31
20580/13,212.31
20581201,33.00
20581202,33.00
20581301,62.92
20581302,62.92
205834,92.57
205836,79.48
205857,92.57
205858,92.57
205859,172.98
205861,172.98
205879N,45.82
205891N,103.32
205892N,103.32
205893N,67.79
205894N,67.79
205895N,103.32
205896N,103.32
205897N,67.79
205898N,67.79
205918,98.18
205919,126.23
205921,98.18
205922,126.23
205923,204.77
205924,204.77
205925,270.22
205926,270.22
205948,10.29
205949,9.35
205951,10.29
205952,10.29
205953,9.35
205954,10.29
205955,16.13
205956,15.19
205957,16.13
205958,16.13
205959,15.19
205961,16.13
205962,10.29
205963,9.35
205964,10.29
205965,10.29
205966,9.35
205967,10.29
20597/06,51.36
20597/13,51.36
205971,12.62
205972,51.89
205973,51.89
205974,51.89
205975,51.89
205976,12.62
205977,20.10
20601/06,67.33
20601/13,67.33
206047,223.47
206048,101.92
206049,8.42
206051,48.15
206052,93.27
206053,136.51
206054,181.62
206055,136.51
206056,181.62
206057,48.15
206058,93.27
20607/16,90.73
206088,8.42
206098,92.57
206104,3.27
206106,92.57
206109,81.35
206111,103.78
206112,124.36
206122N,88.83
20616/05,35.38
20616/06,35.38
206167,81.11
206168,77.14
206169,135.11
206171,128.56
206172,178.12
206173,169.70
206174N,91.88
206175N,77.12
206176N,91.88
206177N,77.12
206178,60.78
206181,154.28
206182,242.17
206183,263.12
206184,307.12
206185,78.32
20618601,439.12
20618701,386.32
20618702,386.32
20618801,447.92
20618802,447.92
20618901,412.72
20618902,412.72
20619101,474.32
20619102,474.32
20619221,567.60
20619228,567.60
20619321,682.00
20619328,682.00
20619421,866.80
20619428,866.80
20619501,67.32
20619502,67.32
206199,373.06
20621,30.11
20622/05,59.92
20622/06,59.92
206222,24.20
206236,87.42
206237,116.88
206238,156.61
20625/05,71.32
20625/06,71.32
20628601,46.20
20628602,46.20
20628604,46.20
20628701,86.46
20628702,86.46
20628704,86.46
206318,373.06
206329,45.82
206331,92.10
206345,31.56
206346,31.56
206347,42.31
206348,42.31
206352,53.06
206353,53.06
206354,73.63
206355,73.63
206379,81.35
206381,103.32
206382,81.35
206383,103.32
206384,38.34
206385,48.15
206386,77.61
206391,67.79
206392,82.75
206393,107.53
206394,72.00
206395,89.29
206396,116.41
206397,67.79
206398,82.75
206399,107.53
206409,34.36
206412,54.00
206471,313.23
206472,313.23
206473,331.93
206474,397.38
206475,397.38
206476,425.43
206477,509.58
206478,509.58
206479,528.28
206481,331.93
206482,425.43
206483,528.28
206503,373.06
206533,54.00
206534,54.00
206535,73.63
206536,73.63
206537,73.63
206538,73.63
206539,91.86
206541,91.86
206629,60.72
20663101,161.70
20663102,161.70
20663201,167.48
20663202,167.48
20663501,25.41
20663502,25.41
20663601,45.32
20663602,45.32
206639,60.72
206648,503.97
206661,48.15
206662,57.97
206663,67.79
206664,48.15
206665,57.97
206666,67.79
206669,55.17
206671,55.17
206672N,92.57
206673N,92.57
206674N,64.52
206675N,64.52
206678,831.22
206679,369.33
206681,369.33
206682,129.97
206683,129.97
206684,373.06
206685,77.14
206686,48.15
206687,139.32
206688,38.80
206689N,49.09
206691N,98.18
20680401,23.32
20680402,23.32
20680501,27.72
20680502,27.72
206808,5.38
20681201,22.66
20681202,22.66
20681301,27.50
20681302,27.50
20682/05,42.33
20684/05,48.05
20684707,376.39
20684716,376.39
20684807,414.50
20684816,414.50
20684907,404.98
20684916,404.98
20685107,443.09
20685116,443.09
20686/05,59.49
206871,116.88
206872,116.88
206877,73.87
206878,123.89
206879N,123.89
20688/05,65.21
206881,30.80
206882,30.80
206883,27.50
206884,27.50
206893,44.18
206894,44.18
206895,63.81
206896,63.81
206897,63.81
206898,63.81
206899,77.61
206901,77.61
206906N,22.91
206907N,23.84
20693/05,53.77
20701/06,61.78
20702/06,168.17
20706,11.69
20707,14.68
20708/05,45.76
20710,48.90
20711,45.35
20712,106.78
20712/05,51.36
20713,99.30
20714,140.34
20714/05,33.23
20715,130.43
20715/05,75.50
207164,116.88
207165,275.83
207166,73.87
207167,210.38
20717/05,75.50
207172,64.52
207173,64.52
207174,45.82
207175,45.82
207176,45.82
207177,55.17
207178,55.17
207179,55.17
20726,11.69
20727,14.68
207427,346.50
20748/05,211.13
20749/05,233.96
20759/05,41.18
20760/05,54.91
20775/05,42.72
20775/51,42.72
20777/51,60.53
20779/51,49.85
20779401,439.69
20779402,439.69
20779404,439.69
20779419,439.69
20779501,484.43
20779502,484.43
20779504,484.43
20779519,484.43
20779619,46.20
20779719,86.46
20781/05,65.29
20781/51,65.29
20784/05,56.50
20784/06,56.50
20785801,749.60
20785802,749.60
20785804,749.60
20785819,749.60
20785902,802.73
20786/05,44.51
20786/06,44.51
207861,19.36
207862,23.32
207863,26.84
207864,9.35
207865,9.35
207866,10.29
207867,10.29
207868,9.35
207869,9.35
207871,10.29
207872,10.29
207873,15.19
207874,15.19
207875,16.13
207876,16.13
207877,15.19
207878,15.19
207879,16.13
20788/05,28.53
20788/06,28.53
207881,16.13
207884,25.52
20789201,195.19
20789202,195.19
20789216,236.78
20789217,236.78
20789301,229.84
20789302,229.84
20789316,271.43
20789317,271.43
20789401,282.98
20789402,282.98
20789416,317.62
20789417,317.62
20789501,317.62
20789502,317.62
20789516,352.28
20789517,352.28
20789601,294.53
20789602,294.53
20789701,317.62
20789702,317.62
20789801,33.50
20789802,33.50
207901,279.57
207902,279.57
207903,279.57
207904,373.06
207905,373.06
207906,373.06
207907,934.07
207908,934.07
207909,934.07
207911,373.06
207912,373.06
207913,373.06
207914,466.56
207915,466.56
207916,466.56
207917,653.57
207918,653.57
207919,934.07
207921,934.07
207922,373.06
207923,560.07
207924,560.07
207925,1869.07
207926,1869.07
207927,1869.07
207928,2336.57
207929,934.07
207931,1588.57
207932,3739.07
207933,19.80
207937,466.56
207938,466.56
207939,60.78
20794,29.68
207941,60.78
207942,88.83
207943,88.83
207944,60.78
207945,60.78
207946,88.83
207947,88.83
207948,79.48
207949,79.48
207951,83.22
207952,83.22
207953,83.22
207954,111.27
207955,111.27
207956,111.27
207957,83.22
207958,83.22
207959,83.22
20796301,175.12
20796302,175.12
20796307,198.00
20796316,198.00
20796401,192.72
20796402,192.72
20796407,215.60
20796416,215.60
20796501,210.32
20796502,210.32
20796507,233.20
20796516,233.20
20796601,219.12
20796602,219.12
20796607,242.00
20796616,242.00
20796701,236.72
20796702,236.72
20796707,259.60
20796716,259.60
20796801,254.32
20796802,254.32
20796807,277.20
20796816,277.20
208001,8.18
20800201,23.32
20800202,23.32
20800301,27.72
20800302,27.72
20800401,46.20
20800402,46.20
20800501,86.46
20800502,86.46
20801/05,78.75
208013,21.27
208014,10.99
208023N,13.79
208024N,11.69
20804401,46.20
20804402,46.20
20804501,86.46
20804502,86.46
20815,22.16
20817,1.40
20825,15.29
20826,15.29
20827,15.29
20828,10.19
20829,2.34
20830,2.34
20832,10.19
20833,2.34
20834,2.34
20873,76.86
20879,109.30
20880,56.29
20881,73.87
20882,105.37
20886,63.95
20887,85.65
20888,115.01
20890,60.21
20891,60.21
20892,96.68
20893,96.68
20894,137.07
20895,137.07
20907/05,217.65
20915,45.82
20916,45.82
20917,88.26
20918,88.26
20919,114.16
20920,114.16
20924,71.21
20938,37.12
20939,47.40
20940,46.56
20941,72.65
20942,74.52
20943,103.22
20944,57.04
20945,91.82
20946,77.04
20947,107.43
20949,1.68
20954,37.68
20955,50.12
20956,68.72
20967,64.10
20988,10.45
20989,11.55
21007/05,218.90
21021/06,32.04
21021/13,37.98
21045,32.82
21051,64.42
21052,64.42
21053,64.42
21054,64.42
21055,64.42
21056,64.42
21058,76.39
21059,76.39
21060,76.39
21061,76.39
21062,76.39
21063,76.39
21065,72.74
21066,72.74
21067,72.74
21068,72.74
21069,72.74
21070,72.74
21080,103.88
21081,103.88
21082,103.88
21083,103.88
21086,262.55
21088,262.55
21095,379.14
21098,379.14
21270,45.16
21271,45.16
21272,48.71
21273,48.71
21274,54.23
21278,54.23
21294,72.18
21296,101.45
21297,101.45
21298,72.18
21322,36.80
21341/77,90.09
21353/05,22.83
21414/44,26.31
21426/05,46.29
21426/06,46.29
21427/05,92.58
21427/06,92.58
21430/05,54.59
21430/06,54.59
21436/05,142.66
21445,11.13
21446,12.06
21447,12.06
21448,12.06
21449,12.06
21451,11.13
21452,12.06
21453,12.06
21455,11.13
21456,12.06
21457,12.06
21466,10.52
21466/06,56.97
21467,10.52
21468,10.52
21470,2.10
21471,2.10
21472,2.10
21473,2.10
21473/05,52.23
21474,2.10
21476,2.10
21476/05,165.48
21476/06,165.48
21477,2.10
21478,2.10
21478/05,273.90
21478/06,273.90
21480,2.10
21481,2.10
21482,2.10
21516,18.42
21517,18.42
21518SP001,29.68
21518SP002,21.36
21518SP004,24.93
21519,23.66
21520,23.66
21521,64.10
21523/05,43.37
21524/05,43.37
21524/06,43.37
21530,29.68
21546/05,158.90
21546/06,158.90
21548/05,169.58
21548/06,169.58
21551/05,35.46
21575,25.53
21576,25.53
21577,30.67
21578,30.67
21581,38.34
21582,38.34
21624/06,24.93
21625/06,39.17
21625/15,39.17
21625SP001,13.77
21625SP002,13.77
21625SP003,16.62
21633/06,67.50
21636/06,32.03
21637/06,24.93
21638/06,16.62
21639/06,7.21
21640/06,8.47
21647,117.44
21657/06,72.07
21657/77,72.07
21670,48.34
21671,48.34
21672,46.00
21673,46.00
21674,50.68
21675,50.68
21676,49.74
21677,49.74
21678,49.74
21679,49.74
21680,55.73
21681,55.73
21682,57.04
21683,57.04
21684,57.78
21685,57.78
21686,57.04
21687,57.04
21688,57.04
21689,57.04
21719/05,196.28
21719/06,196.28
21721/05,233.67
21721/06,233.67
21721SMART,50.22
21723/05,208.30
21723/06,208.30
21725/05,243.02
21725/06,243.02
21725SMART,50.22
21729,41.98
21730,41.98
21731,50.30
21732,43.48
21741,62.27
21742,62.27
21743,62.27
21744,62.27
21745,62.27
21746,62.27
21747,62.27
21748,62.27
21755/05,11.28
21763,64.42
21767,64.42
21785/05,256.78
21785/06,256.78
21789,4.81
21792/05,37.98
21793/05,49.85
21795/05,39.17
21796/05,55.78
21810/05,35.61
21810/06,35.61
21812/11,142.66
21835/05,31.96
21835/06,31.96
21837/06,49.64
21868,112.57
21875,156.99
21877,201.96
21879/05,62.77
21880,136.42
21881/05,67.33
21882/05,65.29
21883,179.43
21883/05,49.85
21884/05,40.36
21885/06,47.48
21886,230.48
21887,39.17
21888,53.42
21889,80.71
21892,15.43
21893,15.43
21895,4.98
21908/06,27.39
21909/06,53.06
21910/06,79.77
21912/05,56.97
21912/06,56.97
21926/05,48.66
21927/05,86.65
21929/05,73.59
21930/05,61.72
21931/05,13.77
21932/05,12.46
21933/05,16.62
21933/06,16.62
21940,10.19
21941,20.38
21942,20.38
21944,18.14
21945,36.18
21946,36.18
21951/08,46.29
21952/05,56.97
21952/06,56.97
21959,16.62
21961,50.96
21962,50.96
21969,10.66
21970,12.62
21971,12.62
21972,27.40
21973,32.54
21974,32.54
21976,7.95
21977,11.87
21978,11.87
21979,19.64
21980,30.48
21981,30.48
21983,14.31
21984,19.07
21985,19.07
21986,39.18
21987,48.43
21988,48.43
21990,2.06
21991,4.58
21996/05,186.34
22001,35.61
22002,66.46
22003,35.61
22004,66.46
22005,22.72
22007,51.04
22010/06,22.83
22011/06,19.98
22015,293.30
22016/05,33.67
22016/06,33.67
22018/05,39.94
22018/06,39.94
22020,44.60
22020/06,55.92
22026,13.00
22028,21.41
22034,33.47
22041,8.60
22044,19.54
22045,5.89
22048,6.55
22050,33.47
22053,5.52
22062,22.72
22063,22.72
22063/05,171.19
22064,22.72
22065,22.72
22066,24.50
22067,24.50
22068,27.02
22069,27.02
22070,14.77
22071,14.77
22072,21.41
22073,21.41
22074,36.93
22075,36.93
22076,36.93
22077,36.93
22078,7.48
22079,7.48
22081,17.81
22082/06,37.98
22084/06,24.93
22086/05,29.68
22091,64.10
22093,8.04
22102,14.40
22103,18.42
22104,18.42
22107,15.99
22108,20.10
22109,20.10
22111,30.48
22112,39.83
22113,39.83
22125/05,28.49
22126,11.22
22126/05,41.55
22127,16.08
22127/05,36.80
22127/06,36.80
22128,16.08
22128/05,118.69
22128/06,118.69
22133,10.19
22134,9.26
22135,6.45
22137,75.36
22138,83.12
22139,83.12
22141,75.36
22142,83.12
22143,83.12
22145,37.31
22146,42.36
22147,42.36
22150,58.25
22151,58.25
22152,30.39
22153,30.39
22156,11.50
22157,11.50
22158,11.50
22159,11.50
22160,1.50
22161,1.50
22162,6.36
22162/05,54.59
22163,6.36
22163/06,159.05
22164,20.48
22165,20.48
22166,20.48
22167,20.48
22167/05,80.71
22168,34.88
22168/05,37.98
22169,34.88
22169/05,46.29
22170,4.21
22171,4.21
22172,25.99
22173,25.99
22174,22.44
22175,22.44
22176,29.27
22177,29.27
22178,29.27
22179,29.27
22180,4.21
22181,4.21
22182,20.76
22183,20.76
22184,11.31
22185,11.31
22186,7.95
22187,7.95
22188,20.29
22189,20.29
22190,14.59
22191,14.59
22197/06,207.21
22201/05,45.76
22201/06,45.76
22237/05,35.61
22237/06,35.61
22242/05,47.47
22242/06,47.47
22250,81.53
22251,81.53
22255,81.53
22256,81.53
22262,102.72
22263,125.54
22264,22.83
22265,22.83
22266,14.27
22267,15.41
22268,14.27
22269/05,32.04
22270/05,122.85
22270/06,122.85
22270/13,122.85
22273/05,130.86
22273/05R,165.57
22273/06,130.86
22273/13,130.86
22276/05,130.86
22276/06,130.86
22276/13,130.86
22279/05,136.20
22279/05R,177.59
22279/06,136.20
22279/13,136.20
22287/05,37.66
22287/06,37.66
22289/05,45.08
22289/06,45.08
22291/05,182.93
22291/06,182.93
22293/05,194.95
22293/06,194.95
22294,50.30
22295,50.30
22300,170.08
22301,170.08
22304,208.51
22305,208.51
22308,208.51
22309,208.51
22309/06,43.91
22312,170.08
22312/05,77.15
22312/06,77.15
22313,170.08
22316,208.51
22317,208.51
22319/13,467.35
22320,208.51
22321,208.51
22323,47.48
22324,189.71
22325,189.71
22328,236.46
22329,236.46
22330/05,62.77
22332,236.46
22333,236.46
22336,256.75
22337,256.75
22340,312.85
22341,312.85
22344,312.85
22345,312.85
22348,199.06
22349,199.06
22352,245.81
22353,245.81
22356,245.81
22357,245.81
22360,199.06
22361,199.06
22364,245.81
22365,245.81
22368,243.01
22369,243.01
22371/08,51.36
22372,217.76
22372/08,71.50
22373,217.76
22373/05,84.70
22374/05,104.50
22375/05,97.01
22376,268.25
22376/05,112.98
22377,268.25
22380,268.25
22381,268.25
22384,293.78
22385,293.78
22388,359.23
22389,359.23
22392,359.23
22393,359.23
22410,94.90
22411,94.90
22414,94.90
22415,94.90
22418,126.32
22419,126.32
22422,126.32
22423,126.32
22430,13.18
22431,19.35
22432,19.35
22434,13.18
22435,19.35
22436,19.35
22440,11.59
22441,11.59
22442,11.59
22443,8.23
22450,15.05
22451,15.05
22452,15.05
22453,13.28
22460,212.15
22461,212.15
22463,300.60
22464,300.60
22466,411.59
22467,411.59
22469,261.15
22470,261.15
22472,369.79
22473,369.79
22475,508.83
22476,508.83
22478,261.15
22479,261.15
22481,369.79
22482,369.79
22484,508.83
22485,508.83
22500,143.15
22501,134.27
22502,143.15
22508,44.13
22509,51.14
22510,55.63
22512,64.52
22513,69.19
22514,81.16
22516,50.12
22517,119.40
22519,42.17
22520,100.51
22522,53.01
22523,85.65
22525,105.94
22526,105.94
22527,105.94
22529,142.59
22530,142.59
22531,142.59
22533,85.65
22534,85.65
22536,44.13
22537,44.13
22539,72.93
22540,72.93
22542,89.76
22543,89.76
22545,70.12
22545/06,78.75
22546,70.12
22546/06,124.40
22547/06,181.46
22551/05,56.50
22551/06,56.50
22552,194.95
22553,192.14
22553/05,67.90
22553/06,67.90
22555/05,90.73
22555/06,90.73
22556,243.75
22557,243.75
22557/05,79.32
22557/06,79.32
22559/05,90.73
22559/06,90.73
22560,243.75
22561,243.75
22561/05,124.97
22561/06,124.97
22563/05,186.93
22563/06,186.93
22564,194.95
22565,194.95
22565/05,216.32
22565/06,216.32
22568,243.75
22569,243.75
22572,243.75
22573,243.75
22576,210.84
22577,210.84
22580,266.94
22581,266.94
22584,266.94
22585,266.94
22588,308.08
22589,308.08
22592,392.23
22593,392.23
22596,392.23
22597,392.23
22600,223.93
22601,223.93
22604,280.03
22605,280.03
22608,280.03
22609,280.03
22612,223.93
22613,223.93
22616,280.03
22617,280.03
22620,280.03
22621,280.03
22624,242.63
22625,242.63
22628,308.08
22629,308.08
22632,308.08
22633,308.08
22636,341.74
22637,341.74
22640,429.63
22641,429.63
22644,429.63
22645,429.63
22648,257.12
22649,257.12
22651,338.10
22652,338.10
22653/05,75.33
22654/05,28.53
22655,70.78
22656,70.78
22657,70.78
22660,79.76
22661,79.76
22664,88.36
22665,88.36
22668,82.84
22669,82.84
22672,75.73
22674,66.39
22675,66.39
22679,63.95
22680,63.95
22681,68.82
22682,68.82
22683,99.95
22684,99.95
22687/05,205.43
22687/06,205.43
22689,48.90
22689/05,211.13
22689/06,211.13
22690,48.90
22691,48.90
22691/05,216.84
22691/06,216.84
22692,59.00
22693,59.00
22693/05,245.37
22693/06,245.37
22694,59.00
22695,159.14
22695/05,251.08
22695/06,251.08
22696,159.14
22697,108.74
22697/05,256.78
22697/06,256.78
22698,108.74
22701,109.86
22702,109.86
22703,115.19
22704,92.28
22705,92.28
22706,97.15
22707,140.62
22708,140.62
22709,145.95
22711,111.36
22712,114.82
22713,159.14
22716,78.54
22717,78.54
22718,135.01
22719,135.01
22719/05,92.44
22720,92.47
22720/05,103.85
22721,92.47
22721/05,125.54
22722,86.39
22723,86.39
22723/05,22.83
22724/05,22.83
22726,136.32
22727,150.44
22728,136.32
22731,80.50
22732,80.50
22733,80.50
22737,95.84
22738,95.84
22739,95.84
22740,95.84
22741,95.84
22742,95.84
22743,95.84
22744,95.84
22745,95.84
22747/05,45.65
22747/06,45.65
22749,112.57
22750,106.22
22752/08,44.51
22753,81.53
22753/08,62.77
22754,81.53
22754/08,97.01
22755,81.53
22755/08,85.59
22756/08,119.83
22759/05,93.50
22759/06,93.50
22761/05,96.80
22761/06,96.80
22763/05,117.70
22763/06,117.70
22765,80.50
22765/05,121.00
22765/06,121.00
22767/05,33.00
22767/06,33.00
22769/05,19.80
22769/06,19.80
22771/05,102.72
22772,112.67
22772/05,131.24
22773,112.67
22773/05,114.13
22774,108.37
22774/05,142.66
22775,108.37
22776,114.82
22777,114.82
22778,118.09
22779,118.09
22779/05,97.01
22780,3.46
22780/05,131.24
22781,3.46
22781/05,45.65
22781/06,45.65
22782,5.14
22783,3.46
22784,2.24
22785,2.24
22785/05,31.38
22786,3.46
22786/05,39.94
22787,2.24
22787/05,56.50
22788,113.04
22788/05,67.90
22789,113.04
22790,108.74
22791,108.74
22792,115.19
22793,115.19
22794,118.56
22795,118.56
22796,102.38
22797,102.38
22798,98.08
22799,98.08
22800,104.53
22801,104.53
22802,28.53
22803,107.81
22804,98.18
22804/05,211.13
22804/06,211.13
22805,98.18
22806,93.87
22807,93.87
22808,100.33
22808/05,39.94
22808/06,39.94
22809,100.33
22810,103.60
22810/06,302.50
22811,103.60
22812,98.18
22813,98.18
22814,93.87
22815,93.87
22816,100.33
22817,100.33
22818,103.60
22819,103.60
22820,102.38
22821,102.38
22822,98.08
22822/05,25.67
22822/06,25.67
22823,98.08
22824,104.53
22824/06,33.67
22825,104.53
22826,107.81
22827,107.81
22828/05,6.11
22830,110.33
22832,92.28
22874/05,115.50
22874/06,115.50
22876/05,121.00
22876/06,121.00
22878/05,132.00
22878/06,132.00
22880/05,137.50
22880/06,137.50
22882/05,38.50
22882/06,38.50
22886/05,5.88
22887/05,163.90
22888/05,48.40
22889/05,61.60
22890/05,77.00
22891/05,93.50
22894/05,69.30
22895/05,83.60
22904/05,99.00
22907/05,116.60
22929,45.91
22930,57.88
22931,57.88
22933,45.91
22934,57.88
22935,57.88
22937,16.83
22938,22.25
22939,22.25
22941,16.83
22942,22.25
22943,22.25
22943/05,216.70
22943/06,216.70
22945/05,170.50
22947/05,181.50
22949/05,125.54
22957,28.14
22958,42.92
22959,42.92
22961,28.14
22962,42.92
22963,42.92
22970/05,137.50
22970/06,137.50
22972/05,143.00
22972/06,143.00
22974/05,154.00
22974/06,154.00
22976/05,159.50
22976/06,159.50
22979/05,394.90
22979/06,394.90
22979/13,394.90
22982/05,401.50
22982/06,401.50
22982/13,401.50
22986/05,466.40
22986/06,466.40
22986/13,466.40
22989/05,610.50
22989/06,610.50
22989/13,610.50
23026/05,102.72
23027/05,131.24
23028/05,114.13
23029/05,142.66
23030/05,48.40
23031/05,61.60
23032/05,77.00
23033/05,93.50
23055,230.10
23057,230.10
23060,263.02
23062,263.02
23070,263.02
23072,263.02
23080,268.35
23082,268.35
23090,306.49
23092,306.49
23100,306.49
23102,306.49
23110,175.50
23111,175.50
23112,175.50
23115,200.56
23116,200.56
23117,200.56
23120,200.56
23121,200.56
23122,200.56
23125,204.67
23126,204.67
23127,204.67
23130,233.94
23131,233.94
23132,233.94
23135,233.94
23136,233.94
23137,233.94
23140,51.80
23141,51.80
23142,105.37
23143,105.37
23144,145.86
23145,145.86
23146,80.22
23147,80.22
23148,80.22
23149,80.22
23150,132.40
23151,132.40
23171,19.82
23172,22.63
23174,34.41
23176,53.11
23177,28.80
23178,35.06
23180,51.80
23182,76.86
23183,33.19
23184,34.31
23185,48.99
23186,59.37
23187,71.71
23188,88.26
23190,124.92
23191,171.95
23192,284.05
23193,43.57
23194,59.00
23195,81.72
23196,169.24
23197,195.98
23198,47.22
23199,62.93
23200,102.48
23201,124.36
23202,59.47
23203,91.54
23204,137.26
23500,109.96
23502,109.96
23504,109.96
23510,134.36
23512,134.36
23514,134.36
23520,134.36
23522,134.36
23524,134.36
23550,145.39
23552,145.39
23554,145.39
23560,177.65
23562,177.65
23564,177.65
23570,177.65
23572,177.65
23574,177.65
23581,160.82
23582,160.82
23583,160.82
23584,179.05
23585,179.05
23586,179.05
23587,179.05
23588,179.05
23589,179.05
23600,190.37
23602,190.37
23604,190.37
23610,211.40
23612,211.40
23614,211.40
23620,211.40
23622,211.40
23624,211.40
23650,221.50
23652,221.50
23654,221.50
23660,246.28
23662,246.28
23664,246.28
23670,246.28
23672,246.28
23674,246.28
23900,24.82
23901,45.39
23955,7.01
23956,7.01
23957,7.01
23958,7.01
23975,7.01
23976,11.69
23978,7.01
23979,11.69
23981,7.01
23982,11.69
23984,7.01
23985,11.69
23990,4.68
23991,7.01
23992,7.01
23993,4.68
23994,4.68
23995,9.35
23996,11.69
23997,4.68
23998,4.68
23999,4.68
24000,12.16
24001,12.16
24002,12.16
24003,14.03
24004,14.03
24005,14.03
24006,15.90
24007,15.90
24008,15.90
24009,17.77
24010,17.77
24011,17.77
24014,233.75
24015,233.75
24016,233.75
24017,271.15
24018,271.15
24019,271.15
24020,308.55
24021,308.55
24022,308.55
24023,345.95
24024,345.95
24025,345.95
24028,561.00
24029,561.00
24030,561.00
24031,654.50
24032,654.50
24033,654.50
24034,748.00
24035,748.00
24036,748.00
24037,841.50
24038,841.50
24039,841.50
24042,16.83
24043,16.83
24044,16.83
24045,18.70
24046,18.70
24047,18.70
24048,20.57
24049,20.57
24050,20.57
24051,22.44
24052,22.44
24053,22.44
24056,327.25
24057,327.25
24058,327.25
24059,364.65
24060,364.65
24061,364.65
24062,402.05
24063,402.05
24064,402.05
24065,439.45
24066,439.45
24067,439.45
24070,794.75
24071,794.75
24072,794.75
24073,888.25
24074,888.25
24075,888.25
24076,981.75
24077,981.75
24078,981.75
24079,1075.25
24080,1075.25
24081,1075.25
24084,60.78
24085,60.78
24086,60.78
24087,70.12
24088,70.12
24089,70.12
24090,79.48
24091,79.48
24092,79.48
24093,88.83
24094,88.83
24095,88.83
24098,84.15
24099,84.15
24100,84.15
24101,93.50
24102,93.50
24103,93.50
24104,102.85
24105,102.85
24106,102.85
24107,112.20
24108,112.20
24109,112.20
24130,22.44
24131,22.44
24132,22.44
24133,22.44
24135,1075.25
24136,1075.25
24137,1075.25
24138,1075.25
24140,27.12
24141,27.12
24142,27.12
24143,27.12
24145,1309.00
24146,1309.00
24147,1309.00
24148,1309.00
24151,33.47
24152,38.15
24153,1626.90
24154,1860.65
24156,24.96
24157,1201.48
24158,29.64
24159,1435.23
24162,17.30
24163,17.30
24164,17.30
24166,807.56
24167,807.56
24168,807.56
24171,25.53
24172,1229.53
24173,30.20
24174,1463.28
24177,22.53
24178,22.53
24179,22.53
24180,1079.93
24181,1079.93
24182,1079.93
24184,27.21
24185,27.21
24186,27.21
24187,1313.68
24188,1313.68
24189,1313.68
24192,19.64
24193,19.64
24194,19.64
24195,935.00
24196,935.00
24197,935.00
24199,24.31
24200,24.31
24201,24.31
24202,1168.75
24203,1168.75
24204,1168.75
24207,25.71
24208,25.71
24209,25.71
24210,1238.88
24211,1238.88
24212,1238.88
25053,36.37
25054,36.37
25055,36.37
25056,45.63
25057,45.63
25058,45.63
25059,44.88
25060,44.88
25061,44.88
25062,53.30
25063,53.30
25064,53.30
25070,33.47
25071,33.47
25072,39.64
25073,39.64
25074,46.28
25075,46.28
25076,53.01
25077,53.01
25080,43.20
25081,43.20
25082,50.02
25083,50.02
25084,59.47
25085,59.47
25086,65.73
25087,65.73
25702,21.51
25706,50.96
25709,102.29
25713,9.16
26980,39.55
26981,39.55
26982,39.55
26983,39.55
26984,46.84
26985,46.84
26986,46.84
26987,46.84
27048,9.91
27049,9.91
27050,11.31
27051,11.31
27052,11.31
27053,11.31
27054,11.31
27055,11.31
27056,12.25
27057,12.25
27058,18.14
27059,18.14
27060,28.52
27061,28.52
27062,15.33
27063,15.33
27064,15.33
27065,15.33
27070,38.34
27071,38.34
27078,12.25
27079,12.25
27080,3.65
27081,3.65
27082,3.65
27083,3.65
2D28WGR8DL,9.11
31306,110.80
31323,276.29
31350,82.37
31351,82.37
31352,82.37
31366,136.42
31367,136.42
31377,97.24
31378,97.24
31395,61.62
31396,61.62
31415,68.35
31416,68.35
31420,94.06
31421,94.06
31443,119.87
31444,119.87
31450,77.42
31451,77.42
31452,85.83
31453,85.83
31454,85.83
31455,85.83
31456,85.83
31457,77.42
31458,77.42
31459,85.83
31460,85.83
31461,85.83
31462,85.83
31463,85.83
31464,97.43
31465,97.43
31466,103.60
31467,103.60
31468,103.60
31469,103.60
31470,103.60
31471,97.43
31472,97.43
31473,103.60
31474,103.60
31475,103.60
31476,103.60
31477,103.60
31478,122.11
31479,122.11
31480,133.24
31481,133.24
31482,133.24
31483,133.24
31484,133.24
31485,122.11
31486,122.11
31487,135.67
31488,135.67
31489,135.67
31490,135.67
31491,135.67
31511,439.99
31594N,36.93
31611,609.59
32611,749.99
32917,92.57
32918N,92.57
32919N,154.28
33345N,70.59
33776N,21.04
33777N,42.08
34601,315.00
35601,262.49
36611,290.49
390031,447.87
390032,447.87
390055,752.68
390069N,101.92
390071N,186.07
390082N,27.12
390083N,45.82
390084N,64.52
390085N,83.22
390086N,279.57
390087N,307.62
390088N,101.92
390176,111.27
390177,64.52
390178,139.32
390216N,279.57
390217N,419.81
390218N,67.79
390219N,17.77
390221N,73.87
390222N,111.27
390236N,279.57
390237N,28.05
390238N,32.73
390239N,23.38
390262,934.07
390263,747.07
390264,606.82
390265,316.96
390308,485.26
390309,1270.67
390311,1762.48
390312,1467.02
390313,584.38
390314,388.03
390317,485.26
390345,537.62
390346,859.27
390347,537.62
390348,859.27
390351,232.82
390352,1289.37
390353,1289.37
390359,513.32
390361,821.87
390362,606.82
390397,752.68
390398,1289.37
390399,1289.37
390408N,163.62
390409N,163.62
390435,397.38
390436,584.38
390437,1467.02
390476,490.88
390477,752.68
390478,977.08
390492,1958.83
390493,1678.33
390494,438.51
39286,195.42
39287,288.92
39313,214.12
39314,560.07
39401,232.82
39402,326.31
39457,560.07
39458,887.32
39459,1513.77
39461,2271.12
39462,803.17
39463,971.47
39489,560.07
39491,887.32
39492,1513.77
39493,2271.12
39494,803.17
39495,971.47
39545,934.07
39547,1728.82
39602,528.28
39604,170.64
39605,719.01
39612,560.07
39613,419.81
39614,606.82
39615,60.78
39647N,60.78
39648N,154.28
39649N,242.17
39654N,103.32
39701N,9.35
39702N,36.47
39703N,83.22
39704N,83.22
39725N,83.22
39726N,298.26
39727N,401.12
39764N,92.57
39765N,45.82
39766N,45.82
39773N,36.47
39775N,14.03
39877N,45.82
39886N,28.05
39911N,88.83
39913N,103.32
39914N,139.32
39916N,163.62
39917N,163.62
3U001,20.52
3U002,20.52
3U003,20.52
410416,15.43
410417,15.43
410587,7.48
410592,7.48
410795N,8.42
410796N,8.42
410814N,17.77
410823N,14.96
410832N,7.01
410833N,17.77
410834N,23.38
410835N,21.04
410836N,32.73
410837N,5.14
410841N,2.34
410842N,14.96
410843N,25.25
410844N,48.62
410845N,17.77
411075,2.81
411076,4.68
411077,5.61
411092,0.47
411177,9.35
411227,10.29
411228,10.29
411232,14.03
411252,20.10
411253,20.10
411348N,16.83
411349N,16.83
411351N,29.92
411352N,29.92
411434,2.81
411482,10.29
411516N,23.38
411518N,32.73
411522N,25.25
411523N,48.62
411524N,17.77
43001N,45.82
43046,6.55
43162N,120.62
43163N,279.57
43165N,83.22
43166N,158.02
43167N,120.62
43168N,279.57
43194,375.40
43219N,27.12
43231N,14.03
43344N,101.92
43413N,8.42
43414N,27.12
43424N,232.82
43461N,60.78
43462N,28.05
43463N,172.98
43468N,354.37
43514,92.57
43552N,73.87
43569N,70.12
43643N,45.82
43646N,14.03
43679N,14.03
43681N,9.35
43692N,101.92
43695N,101.92
43795N,23.38
43814N,64.52
43815N,83.22
43866N,14.03
43868N,144.93
43869N,154.28
43871N,9.35
43873N,9.35
43909N,92.57
44055,64.52
44085,139.32
44086,382.42
47802/00,19.98
49016,34.41
49017,34.41
49018,36.84
49019,101.45
49020,80.50
49026,44.32
49027,44.32
49028,47.69
49029,149.60
49030,97.33
49046,37.03
49047,37.03
49048,41.61
49049,109.49
49050,80.50
49056,61.15
49057,61.15
49058,76.39
49059,204.48
49060,135.86
49071N,51.89
49073,37.03
49074,43.48
49074N,51.89
49083,72.37
49084,107.81
49088,101.92
49089,136.04
49141N,14.03
49213,77.14
49247,129.97
49254N,182.33
49283N,81.81
49300,76.58
49301,76.58
49303,76.58
49304,76.58
49306,102.48
49307,102.48
49309,102.48
49310,102.48
49468,67.79
49472,45.82
49473N,64.52
49477,27.12
49478,83.22
49495,111.27
49496,359.98
49549N,307.62
49761N,176.72
49762N,288.92
49771,172.98
49772,195.42
49878N,308.55
49932N,64.52
49991N,322.58
49997N,116.88
500w White Tube,23.87
5504006,4.68
5504018,9.15
5504020,7.47
5504021,8.87
5504022,11.21
5504023,13.08
5504024,8.41
5504026,18.69
5504027,4.67
5504034,16.82
5504035,20.56
5504036,28.04
5505004,6.55
5505006,18.69
5505007,18.69
5505009,20.56
5505018,23.37
5505020,46.74
5505021,56.09
5505024,51.42
5505025,74.79
5505037,46.74
5505038,56.09
5505039,51.42
5505040,74.79
5505046,46.74
5505075-BK-3K,9.35
5505075-BK-5K,9.35
5505075-WH-3K,9.35
5505075-WH-5K,9.35
5505076-BK-5K,9.35
5505076-WH-5K,9.35
5505079-BK-5K,46.74
5505079-WH-3K,46.74
5505079-WH-5K,46.74
5505080-WH-5K,56.09
5505081-BK-TC,121.54
5505082-BK-TC,56.09
5505085-12v-BK-3K,29.91
5505085-12v-BK-5K,29.91
5505085-12v-WH-3K,29.91
5505085-12v-WH-5K,29.91
5505085-240v-BK-3K,29.91
5505085-240v-BK-5K,29.91
5505085-240v-WH-3K,29.91
5505085-240v-WH-5K,29.91
5505086-12v-BK-3K,29.91
5505086-12v-BK-5K,29.91
5505086-12v-WH-3K,29.91
5505086-12v-WH-5K,29.91
5505086-240v-BK-3K,29.91
5505086-240v-BK-5K,29.91
5505086-240v-WH-3K,29.91
5505086-240v-WH-5K,29.91
5505091-12v-BK-3K,29.91
5505091-12v-BK-5K,29.91
5505091-12v-WH-3K,29.91
5505091-12v-WH-5K,29.91
5505091-240v-BK-3K,29.91
5505091-240v-BK-5K,29.91
5505091-240v-WH-3K,29.91
5505091-240v-WH-5K,29.91
5505092-12v-BK-3K,29.91
5505092-12v-BK-5K,29.91
5505092-12v-WH-3K,29.91
5505092-12v-WH-5K,29.91
5505092-240v-BK-3K,29.91
5505092-240v-BK-5K,29.91
5505092-240v-WH-3K,29.91
5505092-240v-WH-5K,29.91
5505093-12v-BK-TC,30.85
5505093-12v-WH-TC,30.85
5505094-12v-BK-TC,30.85
5505094-12v-WH-TC,30.85
5505095-240v-BK-3K,29.91
5505095-240v-BK-5K,29.91
5505095-240v-WH-3K,29.91
5505095-240v-WH-5K,29.91
5505110-3K,63.57
5505110-6K,63.57
5505111-3K,102.84
5505111-6K,102.84
5505112-3K,149.59
5505112-6K,149.59
5505113-3K,196.34
5505113-6K,196.34
5505114-6K,196.34
5505120,18.70
5505125,42.07
5505126,42.07
5505127,56.09
5505128,56.09
5505130,93.49
5505131,93.49
5505132,130.89
5505133,130.89
5505134,196.34
5505135,196.34
5505140,51.42
5505141,51.42
5505142,51.42
5505143,56.09
5505144,112.19
5505145,280.49
5505146,420.74
5505148,74.79
5505149,74.79
5505158,74.79
5505159,74.79
5505160,84.14
5505161,74.79
5505162,130.89
5505166,56.09
5505172,93.49
5505173,93.49
5505174,93.49
5505175,93.49
5505176,149.59
5505178,215.04
5505180,65.44
5505181,65.44
5505182,84.14
5505183,84.14
5505210,56.09
5505212,84.14
5505214,130.89
5505216,177.64
5505230,56.09
5505231,65.44
5505232,56.09
5505233,65.44
5505234,60.77
5505235,70.12
5505236,60.77
5505237,70.12
5509030,56.09
5509031,79.47
5509032,112.19
5509033,56.09
5509034,79.47
5509035,112.19
5509040,112.19
5509041,112.19
5509050,121.54
5509051,186.99
5509052,233.74
5509056,17.76
5509057,25.24
5509060,28.04
5509061,37.39
5509062,46.74
5509070,23.37
5509071,23.37
5509074,30.85
5509075,30.85
5509076,35.52
5509078,39.26
5509079,39.26
5509080,43.94
5509082,65.44
5509083,65.44
5509084,74.79
5510094W,102.84
5510097D,233.74
5510097W,233.74
5510099D,233.74
5510099W,233.74
5510123-BK-3K,589.04
5510123-BK-5K,589.04
5510123-GD-3K,654.49
5510128-BK-3K,1308.99
5510128-BK-5K,1308.99
5510128-GD-3K,1402.49
5510130-BLK-3K,130.89
5510130-BLK-5K,130.89
5510130-GD-3K,130.89
5510143-BLK,177.64
5510162-BLK,102.84
5510162-GD,102.84
5510167-BLK,186.99
5510167-GD,196.34
5510169-BLK,177.64
5510169-GD,186.99
5510180-BK-3K,102.84
5510180-BK-5K,102.84
5510180-GD-3K,102.84
5510183-BK-3K,308.54
5510183-BK-5K,308.54
5510183-GD-3K,308.54
5510184-BK-3K,373.99
5510184-BK-5K,373.99
5510184-GD-3K,373.99
5510188-BK-3K,813.44
5510188-BK-5K,813.44
5510188-GD-3K,813.44
5510195-BK-3K,1589.49
5510195-BK-5K,1589.49
5510195-GD-3K,1589.49
5510201-BK-3K,126.22
5510201-BK-5K,126.22
5510201-GD-3K,130.89
5510205-BK-3K,439.44
5510205-BK-5K,439.44
5510205-GD-3K,467.49
5510213-BK-3K,1308.99
5510213-BK-5K,1308.99
5510213-GD-3K,1402.49
5510214-GD-3K,1869.99
5510217,233.74
5510220,46.74
5510226-BK,794.74
5510226-GD,794.74
5510227-BK,2150.49
5510227-GD,2150.49
5510230-BK,168.29
5510230-GD,168.29
5510230-WH,168.29
5510231-BK,327.24
5510231-GD,327.24
5510231-WH,327.24
5510232-BK,402.04
5510232-GD,402.04
5510232-WH,402.04
5510237,18.70
5510238,18.70
5510240,210.38
5510241,210.38
5510250,626.44
5510251,626.44
5510260-BKCH,373.99
5510260-GD,373.99
5510265-BKCH,607.74
5510265-GD,607.74
5510268-BKCH,1121.99
5510268-GD,1121.99
5510270-BKCH,1869.99
5510270-GD,1869.99
5510281,93.49
5510283,93.50
5510285,116.88
5510301-BK,23.38
5510332,467.49
5510333,1308.99
5510335,514.24
5510336,467.49
5510340,102.84
5510341,102.84
5510344,467.49
5510345,467.49
5510348,514.24
5510349,514.24
5510350,934.99
5510351,934.99
5510356,1589.49
5510357,1589.49
5510360,233.74
5510361,233.74
5510362,364.64
5510363,364.64
5510366,1495.99
5510367,1495.99
5510370,280.49
5510371,420.74
5510372,327.24
5510373,654.49
5510374,560.99
5510378,140.24
5510379,186.99
5510380,495.54
5510381,1682.99
5510385,140.24
5510386,186.99
5510387,495.54
5510388,1682.99
5510392,140.24
5510394,233.74
5510398,560.99
5510400,1028.49
5510406,243.09
5510408,467.49
5510410,243.09
5510412,467.49
5510414,327.24
5510415,327.24
5510421,65.44
5510422,121.54
5510425,560.99
5510426,747.99
5510428,1402.49
5510431,65.44
5510432,121.54
5510433,560.99
5510434,747.99
5510435,1402.49
5510440,93.49
5510441,116.87
5510442,93.49
5510443,116.87
5512001,12.15
5512002,23.37
5512004,12.15
5512005,23.37
5512014-BLK,27.11
5512014-WH,27.11
5512015-BLK,27.11
5512015-WH,27.11
5512016-BLK,32.72
5512016-WH,32.72
5512020-BK-TC,88.82
5512020-WH-TC,88.82
5512021-BK-TC,112.19
5512021-WH-TC,112.19
5512023-BK-TC,130.89
5512023-WH-TC,130.89
5512030,3.73
5512031,3.73
5512032,4.67
5512033,4.67
5512034,5.60
5512035,5.60
5512036,5.60
5512037,5.60
5512038,7.47
5512039,7.47
5512040,9.34
5512041,9.34
5514011-GD,51.42
5514014-BLK,93.49
5514014-GD,107.52
5514017-BLK,84.14
5514018-BLK,186.99
5514040,46.74
5514041,46.74
5514042,46.74
5514043,46.74
5514047,84.14
5514048,84.14
5514049,84.14
5514052,46.74
5514053,46.74
5514060,65.44
5514061,65.44
5514062,65.44
5514063,74.79
5514064,74.79
5514068,74.79
5514069,74.79
5514072,65.44
5514073,65.44
5514076,112.19
5514077,74.79
5514078,74.79
5514081,37.39
5514082,42.07
5514083,56.09
5514088,74.79
5514089,74.79
5514092,74.79
5514093,74.79
5514094,93.49
5514095,93.49
5514098,84.14
5514099,84.14
5514100,84.14
5514102,196.34
5514103,56.09
5514104,56.09
5514107,56.09
5514109,74.79
5514112,93.49
5514113,93.49
5514130,93.49
5514131,116.87
5516007-BLK,56.09
5516010-BLK,93.49
5516010-COG,102.84
5516014-BLK,93.49
5516020-BK-3K,107.52
5516020-BK-5K,107.52
5516020-GD-3K,107.52
5516024,23.38
5516031-BK,46.74
5516031-GD,51.42
5516032-BK,84.14
5516032-GD,93.49
5516033-BK,130.89
5516033-GD,140.24
5516038,102.84
5516039,93.49
5516040,121.54
5516041,112.19
5516045,84.14
5516046,74.79
5516050,84.14
5516051,74.79
5516055,121.46
5516056,112.19
5516065,65.44
5516068,93.49
5516070,65.44
5516072,93.49
5516075,65.44
5516080,93.49
5516081,93.49
5516084,46.74
5516086,140.24
5516088,65.44
5516089,65.44
5516090,65.44
5516091,65.44
5519001,841.49
5519002,1121.99
5519003,1495.99
5519004,2243.99
5519007,74.79
5519008,186.99
5519009,215.04
5519010,74.79
5519011,112.19
5519012,93.49
5519013,140.24
5519015,65.44
5519016,74.79
5519017,93.49
5519050,18.69
5519052,28.04
5519053,18.69
5519100,17.76
5519101,17.76
5519106,18.69
5519107,18.69
5519112,15.89
5519113,15.89
5520004,1.87
5520005,28.04
5520014,5.60
5520015,6.07
5520016,9.34
5520017,5.13
5520020,7.47
5520021,7.47
5520026,4.20
5520027,4.20
5520028,4.20
5520029,4.20
5520030,4.20
5520031,4.20
5520032,4.20
5520033,4.20
5520034,4.20
5520035,4.20
5520036,4.20
5520037,4.20
5520038,4.20
5520039,4.20
5520056,8.41
5520057,8.41
5520058,8.41
5520059,8.41
5520062,5.32
5520063,5.32
5520064,5.32
5520065,5.32
5520066,5.32
5520067,5.32
5520068,5.32
5520069,5.32
5520070,8.41
5520071,8.41
5520072,5.60
5520073,5.60
5520079D,6.54
5520079W,6.54
5520081-3K,9.81
5520081-6K,9.81
5520082,7.47
5520083,7.47
5520084,9.34
5520085,9.34
5520086D,6.54
5520086W,6.54
5520088D,9.34
5520088W,9.34
5520100D,6.54
5520100W,6.54
5520101D,6.54
5520101W,6.54
5520102W,6.54
5520104,2.81
5520115,23.37
5520116,32.72
5520117,25.24
5520118,37.39
5520120-B22,6.07
5520120-E27,6.07
5520122-B15,4.01
5520122-B22,4.01
5520122-E14,4.01
5520122-E27,4.01
5520123-B22,5.41
5520123-E14,5.41
5520123-E27,5.41
5520124,5.60
5520127,9.34
5520128,9.34
5520130,9.34
5520131,9.34
5520132,9.34
5520133,9.34
5520140,10.28
5520141,10.28
5520142,10.28
5520143,10.28
5520148,13.08
5520149,13.08
5520150,13.08
5520151,13.08
5520156,7.00
5520157,23.37
5520158,7.47
5520159,8.41
6000-MODULE,38.97
60020,187.28
60021,187.28
60030,226.83
60031,226.83
60040,201.68
60041,201.68
60050,243.66
60051,243.66
60060,208.41
60061,208.41
60070,275.73
60071,275.73
60080,288.07
60081,288.07
60090,334.82
60091,334.82
60100,42.17
60101,42.17
60105,42.17
60106,42.17
60108,80.50
60109,80.50
60110,53.95
60114,54.88
60115,54.88
60122,24.50
60124,39.83
60130,198.13
60131,198.13
60132,207.20
60133,207.20
60135,225.34
60136,225.34
60137,237.49
60138,237.49
60140,41.51
60141,41.51
60145,185.41
60146,185.41
60148,227.49
60149,227.49
60151,43.66
60152,43.66
60156,376.90
60157,376.90
60161,62.18
60162,62.18
60170,223.56
60171,223.56
6050-MODULE,41.37
65016,8.42
65017,8.42
65096,6.45
65098,6.45
65100,7.67
65102,7.67
65108,6.73
65109,6.73
65112,7.11
65114,7.76
65116,7.76
65118,5.80
65120,5.80
65122,7.67
65124,8.70
65126,9.35
65130,13.00
65195,8.42
65197,8.42
65840,2.71
65841,2.71
65842,2.71
65843,2.71
65845,2.71
65846,2.71
65847,2.71
65848,2.71
65850,2.71
65851,2.71
65852,2.71
65853,2.71
65855,2.71
65856,2.71
65857,2.71
65858,2.71
65922,2.71
65923,2.71
65924,2.71
65925,2.71
65926,2.71
65927,2.71
65928,2.71
65929,2.71
65930,4.58
65931,4.58
65932,4.58
65933,4.58
65934,4.58
65935,4.58
65936,4.58
65937,4.58
65938,6.45
65939,6.45
65940,6.45
65941,6.45
65942,8.32
65943,8.32
65944,8.32
65945,8.32
65954,15.90
65955,15.90
65956,17.30
65957,17.30
65958,21.41
65959,21.41
65960,15.90
65961,15.90
65962,13.37
65963,13.37
65966,2.71
65967,2.71
65968,2.71
65969,2.71
65970,2.71
65971,2.71
65972,2.71
65973,2.71
65974,4.58
65975,4.58
65976,4.58
65977,4.58
65982,6.45
65983,6.45
65984,6.45
65985,6.45
65986,8.32
65987,8.32
65988,8.32
65989,8.32
66000,48.99
66003,50.49
66012,41.05
66017,50.21
66025,83.03
66026,95.37
66028,68.82
66029,81.16
66033,27.02
66036,27.02
66050,38.43
66051,66.39
66052,78.73
66053,44.97
66054,65.54
66055,75.83
66060,38.43
66061,66.20
66062,78.54
66063,44.97
66064,72.74
66065,85.08
66090,7.39
66091,12.34
66093,15.43
66094,20.57
66115,135.67
66116,204.20
66132,83.22
66133,11.69
66136,23.56
66140,31.88
66141,51.80
66144,7.76
66149,184.29
66152,252.82
66160,188.96
66162,235.71
66164,257.50
66166,304.25
6N10600625,449.90
6N10600725,699.60
6N14093501,7.70
6N14094001,9.90
6N14094801,15.40
6N1421070,45.10
6N1422070,45.10
6N1428070,40.70
6N1429070,45.10
6N1430070,45.10
6N17051001,19.80
6N17051003,19.80
6N17131032,94.60
6N17141029,129.80
6N17141032,129.80
6N2010013001,17.60
6N2010013010,17.60
6N2010013059,17.60
6N2010203035,214.50
6N2010303003,229.90
6N2010353003,47.30
6N2010353010,47.30
6N2010453003,60.50
6N2010473003,159.50
6N2010483003,275.00
6N2010506001,200.20
6N2010506047,200.20
6N2010553035,110.00
6N2010563035,200.20
6N2010573035,375.10
6N2010583003,300.30
6N2010583035,300.30
6N2010603003,249.70
6N2010603051,249.70
6N2010656047,149.60
6N2010673047,139.70
6N2010756001,149.60
6N2010763001,239.80
6N2010763010,86.90
6N2010783001,400.40
6N2010803003,300.30
6N2010813003,300.30
6N2010821003,115.50
6N2010835003,91.30
6N2010844003,179.30
6N2010863001,235.40
6N2010903003,16.50
6N2010953003,249.70
6N2010953035,249.70
6N2010971003,200.20
6N2010971035,200.20
6N2011003003,115.50
6N2011003010,115.50
6N2011053003,64.90
6N2011123015,39.60
6N2015016101,94.60
6N2015026103,104.50
6N2015026133,129.80
6N2015036101,119.90
6N2015036103,119.90
6N2015056101,94.60
6N2015056155,135.30
6N2015066103,110.00
6N2015066133,135.30
6N2015106101,135.30
6N2015116103,170.50
6N2015116133,200.20
6N2015136101,170.50
6N2015136103,170.50
6N2015146101,300.30
6N2015146103,300.30
6N2015156101,49.50
6N2015176101,55.00
6N2015196101,74.80
6N2015301001,38.50
6N2015301033,38.50
6N2015311001,104.50
6N2015311003,104.50
6N2015311004,110.00
6N2015356101,174.90
6N2015356103,174.90
6N2015391001,110.00
6N2015391003,110.00
6N2015391014,115.50
6N2015401001,149.60
6N2015411001,184.80
6N2015411033,200.20
6N2015460101,64.90
6N2015650101,49.50
6N2015650103,49.50
6N2015650155,49.50
6N2015700001,45.10
6N2018003003,125.40
6N2018013002,275.00
6N2018013003,275.00
6N2018013023,275.00
6N2018028003,35.20
6N2018035003,29.70
6N2018035014,49.50
6N2018044003,64.90
6N2018044014,100.10
6N2018103003,145.20
6N2018128003,145.20
6N2018135003,145.20
6N2018145003,145.20
6N2018154003,265.10
6N2018165003,249.70
6N2019001003,130.90
6N2019001010,130.90
6N2019016003,210.10
6N2019016010,210.10
6N2019041030,235.40
6N2019041031,190.30
6N2019041035,235.40
6N2019041038,190.30
6N2019051003,174.90
6N2019051030,275.00
6N2019051031,225.50
6N2019051035,275.00
6N2019051038,225.50
6N2019061003,180.40
6N2019071003,104.50
6N2019131003,64.90
6N2019131010,64.90
6N2019131031,74.80
6N2019131035,125.40
6N2019161001,45.10
6N2019161003,45.10
6N2019171001,23.10
6N2019171003,23.10
6N2019181001,39.60
6N2019181003,39.60
6N2019191003,23.10
6N2020455003,400.40
6N2020563001,165.00
6N2020563003,165.00
6N2020583001,249.70
6N2020583003,249.70
6N2020601001,174.90
6N2020601003,174.90
6N2020666001,149.60
6N2020666003,149.60
6N2020673001,249.70
6N2020673003,249.70
6N2020673011,249.70
6N2070011401,19.80
6N2070021401,19.80
6N2070031000,22.00
6N2070041000,45.10
6N2070082700,29.70
6N2070092701,25.30
6N2070102700,35.20
6N2080032747,15.40
6N2080042758,19.80
6N2080082758,19.80
6N2080142758,16.50
6N2080202758,29.70
6N2080242758,35.20
6N2080282758,64.90
6N2110370101,49.50
6N2110400103,80.30
6N2110410103,129.80
6N2110430103,239.80
6N2110456101,119.90
6N2110476101,174.90
6N2110496101,225.50
6N2110551001,44.00
6N2110561001,42.90
6N2110561003,42.90
6N2110589901,90.20
6N2110589903,90.20
6N2110629901,49.50
6N2110629903,49.50
6N2110639901,49.50
6N2110639903,45.10
6N2110660101,84.70
6N2110660103,84.70
6N2110670101,94.60
6N2110670103,94.60
6N2110701001,94.60
6N2110701003,94.60
6N2110701033,110.00
6N2110726101,45.10
6N2110736101,64.90
6N2110806101,345.40
6N2110826101,314.60
6N2110826103,314.60
6N2110840101,104.50
6N2110840103,104.50
6N2110850101,115.50
6N2110850103,115.50
6N2110886101,300.30
6N2110900101,49.50
6N2110900103,49.50
6N2110900155,55.00
6N2111076101,94.60
6N2111086101,135.30
6N2112053003,45.10
6N2112053035,45.10
6N2112063003,115.50
6N2112063035,129.80
6N2112071003,55.00
6N2112101001,90.20
6N2112153003,449.90
6N2112153035,500.50
6N2112163003,599.50
6N2112163035,650.10
6N2112193001,149.60
6N2112193003,149.60
6N2112203001,214.50
6N2112203003,214.50
6N2112213001,69.30
6N2112213003,69.30
6N2112231001,94.60
6N2112231003,94.60
6N2112353001,245.30
6N2112353009,245.30
6N2112373001,314.60
6N2112373009,314.60
6N2112453003,71.50
6N2112453014,71.50
6N2112603003,349.80
6N2112631003,100.10
6N2112703001,44.00
6N2112703047,44.00
6N2112723001,61.60
6N2112723047,61.60
6N2112733001,94.60
6N2112733047,94.60
6N2112803003,26.40
6N2112811003,26.40
6N2112890003,34.10
6N2112910003,39.60
6N2112950003,63.80
6N2112991003,20.90
6N2113003003,194.70
6N2113053035,149.60
6N2113153003,139.70
6N2113153035,139.70
6N2113190132,125.40
6N2113221032,45.10
6N2113251001,55.00
6N2113251003,55.00
6N2113251006,55.00
6N2113251009,55.00
6N2113251023,55.00
6N2113251033,55.00
6N2113251035,55.00
6N2113251057,55.00
6N2113261001,64.90
6N2113261003,64.90
6N2113261035,64.90
6N2113270101,115.50
6N2113270103,115.50
6N2115011063,125.40
6N2118006010,106.70
6N2118006203,119.90
6N2118006250,119.90
6N2118006261,119.90
6N2118011061,115.50
6N2118011203,125.40
6N2118011250,125.40
6N2118011261,125.40
6N2118028203,249.70
6N2118028250,249.70
6N2118028261,249.70
6N2118038010,247.50
6N2118038203,349.80
6N2118038250,349.80
6N2118038261,349.80
6N2118051003,133.10
6N2118051031,67.10
6N2118061003,61.60
6N2118061031,61.60
6N2118071003,85.80
6N2118071031,85.80
6N2118085062,249.70
6N2118095062,280.50
6N2118108003,349.80
6N2118108031,349.80
6N2118111003,265.10
6N2118111031,265.10
6N2118121003,37.40
6N2118121035,74.80
6N2118131003,45.10
6N2118131035,93.50
6N2118141003,94.60
6N2118158003,194.70
6N2118161003,94.60
6N2118178003,194.70
6N2118181001,145.20
6N2118181003,145.20
6N2118201001,149.60
6N2118201003,149.60
6N2118211003,90.20
6N2118211008,90.20
6N2118221003,84.70
6N2118231003,74.80
6N2118268003,200.20
6N2120023035,495.00
6N2120503001,225.50
6N2120523003,400.40
6N2120551003,249.70
6N2120551008,249.70
6N2120601001,174.90
6N2120601003,174.90
6N2120601010,174.90
6N2120703003,595.10
6N2120703010,595.10
6N2120803001,174.90
6N2120803003,174.90
6N2120803030,249.70
6N2120813001,249.70
6N2120813030,349.80
6N2120823001,349.80
6N2120823032,400.40
6N2120853047,300.30
6N21269903,49.50
6N21269930,59.40
6N21279134,26.40
6N21279903,55.00
6N21279930,149.60
6N21509103,80.30
6N21509131,115.50
6N21509901,45.10
6N21509903,45.10
6N21509929,45.10
6N21509931,80.30
6N21519103,100.10
6N21519131,135.30
6N21519901,60.50
6N21519903,60.50
6N21519929,60.50
6N21519931,104.50
6N21519934,46.20
6N21651001,60.50
6N21651003,60.50
6N21651008,60.50
6N21651030,125.40
6N21651031,60.50
6N2170031000,23.10
6N2170052700,23.10
6N2170062701,23.10
6N2170081000,25.30
6N2170092701,13.20
6N2170102747,35.20
6N2170112747,45.10
6N2170122747,145.20
6N2170132747,49.50
6N2170220001,94.60
6N21751001,84.70
6N21751003,80.30
6N21751008,94.60
6N21751030,145.20
6N21751031,84.70
6N21841031,194.70
6N21861031,149.60
6N22039931,90.20
6N2210100001,35.20
6N2210100003,35.20
6N2210100035,45.10
6N2210100055,39.60
6N2210126001,100.10
6N2210126003,100.10
6N2210131001,45.10
6N2210131003,45.10
6N2210141001,200.20
6N2210141003,200.20
6N2210309001,19.80
6N2210309003,19.80
6N2210476101,94.60
6N2210486101,94.60
6N2210500001,135.30
6N2210500003,135.30
6N2210606101,74.80
6N2210606103,74.80
6N2210616101,84.70
6N2210616103,84.70
6N2210626101,125.40
6N2210626103,125.40
6N2210636101,139.70
6N2210636103,139.70
6N2210656101,90.20
6N2210656103,90.20
6N2210666101,149.60
6N2210666103,149.60
6N2212003003,14.30
6N2212253008,137.50
6N2213023031,74.80
6N2213073003,49.50
6N2213073010,49.50
6N2213073023,49.50
6N2213073059,49.50
6N2213083003,184.80
6N2213083009,184.80
6N2213083023,184.80
6N2213143014,229.90
6N2213183000,113.30
6N2213203001,200.20
6N2213213001,300.30
6N2213253201,35.20
6N2213253206,35.20
6N2213253207,35.20
6N2213253209,35.20
6N2213253218,35.20
6N2213253223,35.20
6N2213253226,35.20
6N2213253250,35.20
6N2213253257,35.20
6N2213303003,188.10
6N2213313003,220.00
6N2213323003,333.30
6N2213333001,115.50
6N2213333003,115.50
6N2213333010,97.90
6N2213333026,97.90
6N2213353001,214.50
6N2213353003,214.50
6N2213353010,204.60
6N2213353026,207.90
6N2213423003,243.10
6N2213423035,265.10
6N2213441003,68.20
6N2213530103,300.30
6N2213550101,90.20
6N2213550103,90.20
6N2213603003,300.30
6N2213633003,275.00
6N2218013001,60.50
6N2218013023,60.50
6N2218013026,60.50
6N2218023001,58.30
6N2218053001,125.40
6N2218053003,125.40
6N2218053008,125.40
6N2218061001,115.50
6N2218061003,115.50
6N2218061008,115.50
6N2218088001,275.00
6N2218088003,275.00
6N2218088008,275.00
6N2218105002,220.00
6N2218105003,220.00
6N2218105006,220.00
6N2218105010,220.00
6N2218105023,220.00
6N2218105027,220.00
6N2218126047,174.90
6N2218131047,115.50
6N2218158047,200.20
6N2218171001,84.70
6N2218171003,84.70
6N2218171008,84.70
6N2218171031,94.60
6N2218191001,110.00
6N2218191003,110.00
6N2218191008,110.00
6N2218191031,125.40
6N2218208003,249.70
6N2218208008,249.70
6N2218208031,300.30
6N2218221003,90.20
6N2218221009,90.20
6N2218221050,90.20
6N2218231003,90.20
6N2218231009,90.20
6N2218231050,90.20
6N2218251003,84.70
6N2218261003,84.70
6N2218281031,170.50
6N2218281035,269.50
6N2218308031,259.60
6N2218308035,500.50
6N2218325031,184.80
6N2218325035,207.90
6N2218335031,308.00
6N2218335035,349.80
6N2220053001,495.00
6N2220053003,495.00
6N2220053009,495.00
6N2220103060,595.10
6N2220155050,200.20
6N2220155061,200.20
6N2220223003,645.70
6N2220381003,200.20
6N2220381010,200.20
6N2220433001,300.30
6N2220443001,449.90
6N2220473003,349.80
6N2220483003,449.90
6N22661031,225.50
6N22671003,159.50
6N22671009,165.00
6N22671030,245.30
6N22671031,165.00
6N2310016001,29.70
6N2310016003,29.70
6N2310016055,29.70
6N2310106001,45.10
6N2310126001,60.50
6N2310146001,74.80
6N2310156001,45.10
6N2310176001,60.50
6N2310196001,74.80
6N2310251000,314.60
6N2310271000,449.90
6N2310301001,94.60
6N2310301003,94.60
6N2310320001,74.80
6N2310320003,74.80
6N2310340001,64.90
6N2310340003,64.90
6N2310360001,74.80
6N2310360003,74.80
6N2310400101,74.80
6N2310400103,74.80
6N2310410101,135.30
6N2310410103,135.30
6N2310420101,204.60
6N2310420103,204.60
6N2310430101,275.00
6N2310430103,275.00
6N2310521003,149.60
6N2310521035,159.50
6N2310551035,100.10
6N2312003001,139.70
6N2312053035,94.60
6N2312073035,165.00
6N2312111035,94.60
6N2312153001,125.40
6N2312173001,174.90
6N2312201001,60.50
6N2312201003,60.50
6N2312201018,60.50
6N2312201023,60.50
6N2312291003,64.90
6N2312351001,100.10
6N2312351009,100.10
6N2312351023,100.10
6N2312403001,139.70
6N2312423001,245.30
6N2312443001,249.70
6N2312506035,190.30
6N2312523035,74.80
6N2312543035,225.50
6N2312561035,90.20
6N2312603003,214.50
6N2312623003,300.30
6N2312683201,55.00
6N2312703201,64.90
6N2312901001,104.50
6N2312901023,104.50
6N2312931001,125.40
6N2312931003,125.40
6N2312931006,125.40
6N2312931018,125.40
6N2312993201,64.90
6N2318051003,139.70
6N2318051009,139.70
6N2318071003,139.70
6N2318071009,139.70
6N2318131061,174.90
6N2318171003,84.70
6N2318198003,239.80
6N2318211003,119.90
6N2318231003,165.00
6N2318245001,255.20
6N2318245003,255.20
6N2318245008,259.60
6N2320053001,324.50
6N2320053003,324.50
6N2320221003,200.20
6N2320221008,200.20
6N2320241003,349.80
6N2320241035,400.40
6N2320283003,349.80
6N2320301003,149.60
6N2320361001,300.30
6N2320361003,300.30
6N2320403018,449.90
6N2320421018,225.50
6N2320536001,275.00
6N2320536010,275.00
6N2320546001,275.00
6N2320546003,275.00
6N2320556001,365.20
6N2320556003,365.20
6N2320651003,70.40
6N2320715003,174.90
6N2320715010,174.90
6N2320721003,80.30
6N2320731003,60.50
6N2410010001,19.80
6N2410036101,90.20
6N2410056101,135.30
6N2410076101,180.40
6N2410116101,29.70
6N2410136101,45.10
6N2410176101,39.60
6N2410200101,64.90
6N2410200103,64.90
6N2410220101,35.20
6N2410220103,35.20
6N2410256001,165.00
6N2410421001,103.40
6N2410421032,108.90
6N2410453001,60.50
6N2410453003,60.50
6N2410453035,74.80
6N2410473003,159.50
6N2410483003,249.70
6N2412013001,35.20
6N2412013003,35.20
6N2412023001,39.60
6N2412023003,39.60
6N2412033001,74.80
6N2412053001,265.10
6N2412053014,265.10
6N2412053018,265.10
6N2412071001,74.80
6N2412103003,100.10
6N2412103009,100.10
6N2412103018,100.10
6N2412123003,235.40
6N2412143003,314.60
6N2412173003,194.70
6N2412206001,129.80
6N2412226001,214.50
6N2412256003,214.50
6N2412260103,300.30
6N2412336003,214.50
6N2412353001,290.40
6N2412353003,290.40
6N2412456001,100.10
6N2412481001,125.40
6N2412501001,80.30
6N2412523001,90.20
6N2412523047,90.20
6N2412533001,249.70
6N2412533047,249.70
6N2412606003,200.20
6N2412613003,100.10
6N2412623003,200.20
6N2412631003,100.10
6N2412653001,115.50
6N2412653006,115.50
6N2412653018,115.50
6N2412653023,104.50
6N2412653057,115.50
6N2412671001,60.50
6N2412671006,60.50
6N2412671018,60.50
6N2412671023,60.50
6N2412671057,60.50
6N2412753060,190.30
6N2412783003,275.00
6N2418015001,119.90
6N2418015003,119.90
6N2418015006,119.90
6N2418015009,119.90
6N2418015010,119.90
6N2418015018,119.90
6N2418015023,119.90
6N2418035003,94.60
6N2418035018,94.60
6N2418035023,94.60
6N2418051001,90.20
6N2418071003,129.80
6N2418071050,129.80
6N2418098003,165.00
6N2418098050,165.00
6N2418121203,170.50
6N2418121250,170.50
6N2418121261,170.50
6N2418151003,70.40
6N2418171003,94.60
6N2418191003,210.10
6N2418211003,64.90
6N2418231003,60.50
6N2418251003,119.90
6N2418271003,129.80
6N2418291003,90.20
6N2418311003,74.80
6N2418311050,74.80
6N2418311061,74.80
6N2418331003,55.00
6N2418331050,55.00
6N2418351003,55.00
6N2418351050,55.00
6N2420013001,349.80
6N2420013003,349.80
6N2420013009,349.80
6N2420073001,445.50
6N2420103001,500.50
6N2420155003,174.90
6N2420155009,174.90
6N2420203003,249.70
6N2420203009,249.70
6N2420203010,249.70
6N2420203030,249.70
6N2420203034,249.70
6N2420203057,249.70
6N2420223003,400.40
6N2420223009,400.40
6N2420223010,400.40
6N2420223030,400.40
6N2420223034,400.40
6N2420223057,400.40
6N24381030,599.50
6N2440888,25.30
6N2440999,25.30
6N24981030,265.10
6N25011003,135.30
6N25011030,249.70
6N25011031,135.30
6N25011034,59.40
6N25031003,170.50
6N25031030,249.70
6N25031031,170.50
6N25031034,81.40
6N25051031,139.70
6N25078030,449.90
6N25078031,300.30
6N25091003,135.30
6N25091031,139.70
6N25091034,38.50
6N2510016003,290.40
6N2510016014,290.40
6N2510056001,74.80
6N2510056003,74.80
6N2510079901,60.50
6N2510079903,60.50
6N2510096001,245.30
6N2510096003,245.30
6N25101003,165.00
6N25101031,174.90
6N2510119901,49.50
6N2510119903,49.50
6N2510156101,39.60
6N2510176101,55.00
6N2510300101,25.30
6N2510300103,25.30
6N2510310101,49.50
6N2510310103,49.50
6N2510351003,110.00
6N2510389901,39.60
6N2510389903,39.60
6N2510399901,194.70
6N2510399903,194.70
6N2510400101,45.10
6N2510400103,45.10
6N2510501001,100.10
6N2510501032,100.10
6N2510521001,115.50
6N2510521032,115.50
6N25118003,280.50
6N25118031,284.90
6N25118034,67.10
6N2512013009,225.50
6N2512013018,225.50
6N2512033023,225.50
6N2512053003,194.70
6N2512053014,194.70
6N2512073003,245.30
6N2512073014,245.30
6N2512096003,249.70
6N2512096035,249.70
6N2512143001,300.30
6N2512143003,300.30
6N2512183001,60.50
6N2512183018,60.50
6N2512183023,60.50
6N2512201001,70.40
6N2512201003,70.40
6N2512281001,90.20
6N2512281003,90.20
6N2512323003,379.50
6N2512341003,74.80
6N2512353014,170.50
6N2512370103,74.80
6N2512380103,115.50
6N2512391003,45.10
6N2512436009,204.60
6N2512456010,165.00
6N2512466010,200.20
6N2512505009,174.90
6N2512505023,174.90
6N2512505057,174.90
6N2512603003,149.60
6N2512603009,149.60
6N2512603018,149.60
6N2512709001,35.20
6N2512709003,35.20
6N2512729001,70.40
6N2512729003,70.40
6N2512741001,64.90
6N2512741003,64.90
6N25168031,650.10
6N2518001003,49.50
6N2518001009,49.50
6N2518021003,74.80
6N2518021009,74.80
6N2518031203,149.60
6N2518041203,200.20
6N2518158003,145.20
6N2518168003,174.90
6N2518201003,104.50
6N2518215003,145.20
6N2518215009,145.20
6N2518228003,145.20
6N2518251003,84.70
6N2518268003,155.10
6N2518305003,94.60
6N2518305023,94.60
6N2518316003,100.10
6N2518321003,100.10
6N2518401003,64.90
6N2518421003,94.60
6N2518451003,55.00
6N2520083001,400.40
6N2520083003,400.40
6N2520103003,400.40
6N2520123003,400.40
6N2520123009,400.40
6N2520135001,249.70
6N25316101,110.00
6N25316132,110.00
6N25326001,49.50
6N25576000,74.80
6N25626001,119.90
6N2610010001,45.10
6N2610020001,60.50
6N2610056001,119.90
6N2610066001,149.60
6N2610076001,190.30
6N2610106001,135.30
6N2610116001,180.40
6N2610136001,139.70
6N2610156001,110.00
6N2610166001,149.60
6N2610189901,39.60
6N2610189903,39.60
6N2610201003,174.90
6N2610201035,174.90
6N2610221003,174.90
6N2610221035,200.20
6N2610241003,225.50
6N2610241035,249.70
6N2612003003,200.20
6N2612003018,200.20
6N2612053003,115.50
6N2612073003,194.70
6N2612091003,104.50
6N2612153201,90.20
6N2612173201,115.50
6N2612206003,165.00
6N2612223003,220.00
6N2612243003,300.30
6N2612303001,249.70
6N2612323001,249.70
6N2612343001,290.40
6N2612363001,290.40
6N2612403003,304.70
6N2612481001,94.60
6N2612481003,94.60
6N2612501001,94.60
6N2612501003,94.60
6N2612591003,84.70
6N2612623003,300.30
6N2612623035,300.30
6N2612653209,45.10
6N2612706003,180.40
6N2612723003,155.10
6N2612741003,119.90
6N2618001003,94.60
6N2618001018,94.60
6N2618101203,174.90
6N2618151203,149.60
6N2618191003,100.10
6N2618231003,170.50
6N2618256103,104.50
6N2618356103,104.50
6N2618406203,139.70
6N2618406218,139.70
6N2618406250,139.70
6N2618421203,149.60
6N2618421218,149.60
6N2618421250,149.60
6N2618448203,275.00
6N2618448218,275.00
6N2618448250,275.00
6N2618468203,375.10
6N2618468218,375.10
6N2618468250,375.10
6N2620003018,300.30
6N2620051033,149.60
6N2620113014,445.50
6N2620133033,495.00
6N2620153003,349.80
6N2620153009,349.80
6N27386101,60.50
6N27396101,90.20
6N27586101,84.70
6N27596101,135.30
6N39489901,200.20
6N39489910,300.30
6N39489930,300.30
6N39553001,80.30
6N39563001,125.40
6N39573001,149.60
6N39583001,200.20
6N43293001,165.00
6N43293003,165.00
6N43293010,165.00
6N45053003,100.10
6N45321003,74.80
6N45331003,84.70
6N45348003,180.40
6N45356001,90.20
6N45376001,129.80
6N45386501,155.10
6N45396001,180.40
6N45471001,33.00
6N45471003,35.20
6N45481001,38.50
6N45481003,40.70
6N45501003,84.70
6N45518003,165.00
6N45521003,70.40
6N45606001,60.50
6N45616001,94.60
6N45703047,44.00
6N45713003,40.70
6N45721001,55.00
6N45721003,55.00
6N45730101,80.30
6N45730103,80.30
6N45740101,104.50
6N45740103,139.70
6N45761001,39.60
6N45761003,39.60
6N45761010,39.60
6N45770101,55.00
6N45770103,55.00
6N45770110,55.00
6N45780101,80.30
6N45780103,80.30
6N45780110,80.30
6N45823000,35.20
6N45823027,35.20
6N45833001,94.60
6N45833003,94.60
6N45833006,24.20
6N45833023,94.60
6N45833050,94.60
6N45841001,74.80
6N45841003,24.20
6N45841009,74.80
6N45841023,74.80
6N45841050,24.20
6N45883001,74.80
6N45883003,74.80
6N45883018,80.30
6N45983001,44.00
6N45983003,44.00
6N46073001,49.50
6N46073047,49.50
6N46083001,70.40
6N46333001,85.80
6N46333003,85.80
6N46343001,157.30
6N46353003,34.10
6N46363003,46.20
6N46403001,35.20
6N46403003,35.20
6N46403006,35.20
6N46403057,35.20
6N46413003,47.30
6N46413006,47.30
6N46413057,47.30
6N46423003,104.50
6N46433003,141.90
6N46443003,69.30
6N46453003,47.30
6N46473047,47.30
6N46483000,64.90
6N46483027,64.90
6N46483047,64.90
6N46533003,40.70
6N46553001,35.20
6N46553003,69.30
6N46573001,200.20
6N46583001,275.00
6N46801001,80.30
6N46801003,80.30
6N46801008,80.30
6N46821001,47.30
6N46941003,110.00
6N46951003,110.00
6N47091003,125.40
6N47091025,125.40
6N47101003,28.60
6N47110003,52.80
6N47120003,74.80
6N47141001,60.50
6N47206001,84.70
6N47246001,60.50
6N47276001,80.30
6N47276003,80.30
6N47276004,94.60
6N47286001,135.30
6N47286003,119.90
6N47286004,155.10
6N47303001,225.50
6N47303047,225.50
6N47313001,225.50
6N47313047,225.50
6N47416101,35.20
6N47426101,39.60
6N47436101,49.50
6N47500101,39.60
6N47520101,29.70
6N47530101,49.50
6N47540101,60.50
6N47540103,60.50
6N47540132,60.50
6N47550101,70.40
6N47550103,70.40
6N47716101,64.90
6N47726101,84.70
6N47736101,104.50
6N47746101,129.80
6N47756101,125.40
6N47766101,155.10
6N47776101,29.70
6N47786101,35.20
6N47796101,39.60
6N47806101,49.50
6N47816101,55.00
6N47826101,29.70
6N47836101,35.20
6N48023001,100.10
6N48091001,84.70
6N48123001,200.20
6N48123003,200.20
6N48193003,39.60
6N48203003,100.10
6N48211003,64.90
6N48413001,17.60
6N48423001,38.50
6N48433001,55.00
6N48453001,41.80
6N48463001,57.20
6N48563001,129.80
6N48563003,129.80
6N48573001,200.20
6N48573003,200.20
6N48603003,249.70
6N48603035,249.70
6N4860999,25.30
6N48621001,41.80
6N48621003,41.80
6N48673001,52.80
6N48673003,52.80
6N48703001,18.70
6N48703003,18.70
6N48703011,18.70
6N48713001,26.40
6N48713003,26.40
6N48713011,26.40
6N48723003,36.30
6N48723011,36.30
6N48733001,26.40
6N48733011,26.40
6N48783003,90.20
6N48783011,30.80
6N48793003,149.60
6N48793011,52.80
6N48801003,28.60
6N48801011,28.60
6N48815003,36.30
6N48815011,36.30
6N48824003,38.50
6N48824011,38.50
6N48843001,52.80
6N48843003,52.80
6N48853001,59.40
6N48853003,59.40
6N48933003,204.60
6N48941003,56.10
6N48973001,275.00
6N48973047,275.00
6N49018050,300.30
6N49021035,249.70
6N49021055,300.30
6N49031035,214.50
6N49031055,265.10
6N49041003,115.50
6N49051503,135.30
6N49091001,70.40
6N49091003,70.40
6N49160101,45.10
6N49160155,49.50
6N49200101,45.10
6N49200103,45.10
6N49200155,49.50
6N49410101,100.10
6N49430101,39.60
6N49570101,35.20
6N49570103,29.70
6N49646110,49.50
6N49656110,55.00
6N49666110,70.40
6N49676110,84.70
6N49701001,174.90
6N49701010,174.90
6N49701031,174.90
6N49701034,174.90
6N49701035,174.90
6N49701203,174.90
6N49711001,174.90
6N49711010,174.90
6N49711031,174.90
6N49711034,174.90
6N49711203,174.90
6N49721001,165.00
6N49721031,165.00
6N49721034,165.00
6N49721035,165.00
6N49721203,165.00
6N49731001,165.00
6N49731031,165.00
6N49731203,165.00
6N49801001,55.00
6N49810101,94.60
6N49820101,174.90
6N50046104,100.10
6N50056104,145.20
6N50066101,245.30
6N50066103,245.30
6N50101003,42.90
6N54540101,55.00
6N54540132,64.90
6N61681001,165.00
6N61681003,165.00
6N61681011,100.10
6N61681033,165.00
6N62329903,68.20
6N62329933,68.20
6N63191033,64.90
6N63233001,59.40
6N63233003,100.10
6N63233033,100.10
6N71411003,200.20
6N71411031,200.20
6N71412031,214.50
6N71428003,349.80
6N71428031,400.40
6N71431003,145.20
6N71431031,145.20
6N71432031,180.40
6N71669901,149.60
6N71669903,149.60
6N71679901,174.90
6N71679903,174.90
6N71679933,174.90
6N71723001,249.70
6N71810101,74.80
6N71810103,74.80
6N71810132,74.80
6N71820132,74.80
6N72805009,145.20
6N72991001,49.50
6N72991003,49.50
6N73153010,38.50
6N73163010,149.60
6N74371003,110.00
6N74381003,115.50
6N74398003,165.00
6N74461031,139.70
6N74471003,129.80
6N74481031,155.10
6N74501031,194.70
6N74528031,249.70
6N75181003,174.90
6N75181031,174.90
6N76633001,64.90
6N76633003,64.90
6N76730001,100.10
6N76859999,25.30
6N77029934,125.40
6N77479938,149.60
6N77499938,249.70
6N77636003,70.40
6N77646003,100.10
6N78213030,275.00
6N78213032,245.30
6N78283001,125.40
6N78283003,125.40
6N78283011,125.40
6N78521001,35.20
6N79029901,39.60
6N79029903,39.60
6N79039901,25.30
6N79039903,25.30
6N79049901,25.30
6N79049903,25.30
6N79059901,15.40
6N79059903,15.40
6N79069901,25.30
6N79069903,25.30
6N79079901,64.90
6N79079903,64.90
6N83213003,125.40
6N83830034,29.70
6N84081001,100.10
6N84081003,100.10
6N84091003,135.30
6N84136003,50.60
6N84141003,125.40
6N84141008,125.40
6N84151003,125.40
6N84151008,125.40
6N84181001,90.20
6N84181003,90.20
6N84243003,324.50
6N84253003,449.90
6N84263003,500.50
6N84291001,225.50
6N84291003,225.50
6N84303001,200.20
6N84303003,200.20
6N84313001,300.30
6N84333001,300.30
6N84333003,300.30
6N84333009,300.30
6N84343001,424.60
6N84343003,424.60
6N84343008,424.60
6N84343009,424.60
6N84343010,424.60
6N84353001,595.10
6N84353003,595.10
6N84353009,595.10
6N84531001,137.50
6N84800003,45.10
6N84800025,45.10
6N84800030,45.10
6N84800033,17.60
6N84823014,104.50
6N84833014,115.50
6N84843014,155.10
6N84863003,34.10
6N84873003,52.80
6N84883003,38.50
6N84950001,39.60
6N84960001,35.20
6N84960003,35.20
6N84971003,104.50
6N86059901,29.70
6N86059903,29.70
6N86069901,29.70
6N86069903,29.70
6N86079901,45.10
6N86079903,45.10
6N86109901,49.50
6N86109903,49.50
6N86119901,55.00
6N86129901,49.50
6N86129903,49.50
6N86189901,70.40
6N86189903,70.40
6N871023,53.90
6N872723,135.30
6N874223,49.50
6N874231,49.50
6N874263,49.50
6N874523,88.00
6N874563,88.00
6N874823,103.40
6N874863,103.40
6N92746001,70.40
720-LED24,30.69
720-LED36,47.25
725-12,34.41
727-12-SC,34.41
727-14-SC,52.04
72755,119.99
72760,59.99
75816,8.88
75817,10.75
75943,14.73
75944,14.73
75945,14.73
75946,14.73
75947,14.73
777-12,25.78
787-14,29.49
7WGU10LED,6.58
80886/05,7.21
81828N,56.57
83119N,78.07
83433,36.47
84028N,36.47
85261N,64.52
85262N,98.18
85263N,116.88
85977,55.17
85978,148.67
85979N,55.17
88888,62.77
89832,80.88
89833,257.12
8I116006,2195.60
8R101001054,374.00
8R101001059,374.00
8R101001065,374.00
8R101001101,374.00
8R101002006,374.00
8R101002023,374.00
8R101002046,374.00
8R101002054,374.00
8R101002059,374.00
8R101002065,374.00
8R101002101,374.00
8R101003006,363.00
8R101003023,363.00
8R101003046,363.00
8R101003054,363.00
8R101003059,363.00
8R101003065,363.00
8R101003101,363.00
8R101004006,363.00
8R101004023,363.00
8R101004046,363.00
8R101004054,363.00
8R101004059,363.00
8R101004065,363.00
8R101004101,363.00
8R101005006,654.50
8R101005023,654.50
8R101005046,654.50
8R101005054,654.50
8R101005059,654.50
8R101005065,654.50
8R101005101,654.50
8R101006006,654.50
8R101006023,654.50
8R101006046,654.50
8R101006054,654.50
8R101006059,654.50
8R101006065,654.50
8R101006101,654.50
8R101007006,1149.50
8R101007023,1149.50
8R101007046,1149.50
8R101007054,1149.50
8R101007059,1149.50
8R101007065,1149.50
8R101007101,1149.50
8R101008006,1149.50
8R101008023,1149.50
8R101008046,1149.50
8R101008054,1149.50
8R101008059,1149.50
8R101008065,1149.50
8R101008101,1149.50
8R101009006,1424.50
8R101009023,1424.50
8R101009046,1424.50
8R101009054,1424.50
8R101009059,1424.50
8R101009065,1424.50
8R101009101,1424.50
8R101010006,1424.50
8R101010023,1424.50
8R101010046,1424.50
8R101010054,1424.50
8R101010059,1424.50
8R101010065,1424.50
8R101010101,1424.50
8R101011006,1809.50
8R101011023,1809.50
8R101011046,1809.50
8R101011054,1809.50
8R101011059,1809.50
8R101011065,1809.50
8R101011101,1809.50
8R101012006,1809.50
8R101012023,1809.50
8R101012046,1809.50
8R101012054,1809.50
8R101012059,1809.50
8R101012065,1809.50
8R101012101,1809.50
8R102001000,764.50
8R102001008,764.50
8R102001009,764.50
8R102001019,764.50
8R102001067,764.50
8R102001070,984.50
8R102001072,984.50
8R102004000,819.50
8R102004008,819.50
8R102004009,819.50
8R102004019,819.50
8R102004067,819.50
8R102004070,1094.50
8R102004072,1094.50
8R102007000,544.50
8R102007008,544.50
8R102007009,544.50
8R102007019,544.50
8R102007067,544.50
8R102007070,764.50
8R102007072,764.50
8R102010000,764.50
8R102010008,764.50
8R102010009,764.50
8R102010019,764.50
8R102010067,764.50
8R102010070,1094.50
8R102010072,1094.50
8R102013000,654.50
8R102013008,654.50
8R102013009,654.50
8R102013019,654.50
8R102013067,654.50
8R102013070,874.50
8R102013072,874.50
8R102016000,819.50
8R102016008,819.50
8R102016009,819.50
8R102016019,819.50
8R102016067,819.50
8R102016070,1204.50
8R102016072,1204.50
8R102019000,764.50
8R102019008,764.50
8R102019009,764.50
8R102019019,764.50
8R102019067,764.50
8R102019070,1094.50
8R102019072,1094.50
8R102022000,2359.50
8R102022008,2359.50
8R102022009,2359.50
8R102022019,2359.50
8R102022067,2359.50
8R102022070,2579.50
8R102022072,2579.50
8R102025000,1314.50
8R102025008,1314.50
8R102025009,1314.50
8R102025019,1314.50
8R102025067,1314.50
8R102025070,1589.50
8R102025072,1589.50
8R102028000,5989.50
8R102028008,5989.50
8R102028009,5989.50
8R102028019,5989.50
8R102028067,5989.50
8R102028070,6649.50
8R102028072,6649.50
8R102102000,1534.50
8R102102008,1534.50
8R102102009,1534.50
8R102102019,1534.50
8R102102067,1534.50
8R102102070,1809.50
8R102102072,1809.50
8R102103000,1534.50
8R102103008,1534.50
8R102103009,1534.50
8R102103019,1534.50
8R102103067,1534.50
8R102103070,1809.50
8R102103072,1809.50
8R102105000,1589.50
8R102105008,1589.50
8R102105009,1589.50
8R102105019,1589.50
8R102105067,1589.50
8R102105070,1864.50
8R102105072,1864.50
8R102106000,1589.50
8R102106008,1589.50
8R102106009,1589.50
8R102106019,1589.50
8R102106067,1589.50
8R102106070,1864.50
8R102106072,1864.50
8R102108000,1039.50
8R102108008,1039.50
8R102108009,1039.50
8R102108019,1039.50
8R102108067,1039.50
8R102108070,1314.50
8R102108072,1314.50
8R102111000,1534.50
8R102111008,1534.50
8R102111009,1534.50
8R102111019,1534.50
8R102111067,1534.50
8R102111070,1809.50
8R102111072,1809.50
8R102112000,1534.50
8R102112008,1534.50
8R102112009,1534.50
8R102112019,1534.50
8R102112067,1534.50
8R102112070,1809.50
8R102112072,1809.50
8R102114000,1424.50
8R102114008,1424.50
8R102114009,1424.50
8R102114019,1424.50
8R102114067,1424.50
8R102114070,1754.50
8R102114072,1754.50
8R102115000,1424.50
8R102115008,1424.50
8R102115009,1424.50
8R102115019,1424.50
8R102115067,1424.50
8R102115070,1754.50
8R102115072,1754.50
8R102117000,1589.50
8R102117008,1589.50
8R102117009,1589.50
8R102117019,1589.50
8R102117067,1589.50
8R102117070,1864.50
8R102117072,1864.50
8R102118000,1589.50
8R102118008,1589.50
8R102118009,1589.50
8R102118019,1589.50
8R102118067,1589.50
8R102118070,1864.50
8R102118072,1864.50
8R102120000,1534.50
8R102120008,1534.50
8R102120009,1534.50
8R102120019,1534.50
8R102120067,1534.50
8R102120070,1809.50
8R102120072,1809.50
8R102121000,1534.50
8R102121008,1534.50
8R102121009,1534.50
8R102121019,1534.50
8R102121067,1534.50
8R102121070,1809.50
8R102121072,1809.50
8R102123000,2964.50
8R102123008,2964.50
8R102123009,2964.50
8R102123019,2964.50
8R102123067,2964.50
8R102123070,3349.50
8R102123072,3349.50
8R102124000,2964.50
8R102124008,2964.50
8R102124009,2964.50
8R102124019,2964.50
8R102124067,2964.50
8R102124070,3349.50
8R102124072,3349.50
8R102126000,1974.50
8R102126008,1974.50
8R102126009,1974.50
8R102126019,1974.50
8R102126067,1974.50
8R102126070,2469.50
8R102126072,2469.50
8R102127000,1974.50
8R102127008,1974.50
8R102127009,1974.50
8R102127019,1974.50
8R102127067,1974.50
8R102127070,2469.50
8R102127072,2469.50
8R102129000,8409.50
8R102129008,8409.50
8R102129009,8409.50
8R102129019,8409.50
8R102129067,8409.50
8R102129070,8904.50
8R102129072,8904.50
8R102130000,8409.50
8R102130008,8409.50
8R102130009,8409.50
8R102130019,8409.50
8R102130067,8409.50
8R102130070,8904.50
8R102130072,8904.50
8R103001000,984.50
8R103001008,984.50
8R103001009,984.50
8R103001067,984.50
8R103006000,709.50
8R103006008,709.50
8R103006009,709.50
8R103006067,709.50
8R103007000,1204.50
8R103007008,1204.50
8R103007009,1204.50
8R103007067,1204.50
8R103012000,984.50
8R103012008,984.50
8R103012009,984.50
8R103012067,984.50
8R103017000,984.50
8R103017008,984.50
8R103017009,984.50
8R103017067,984.50
8R103022000,1479.50
8R103022008,1479.50
8R103022009,1479.50
8R103022067,1479.50
8R103027000,4284.50
8R103027008,4284.50
8R103027009,4284.50
8R103027067,4284.50
8R103032000,5384.50
8R103032008,5384.50
8R103032009,5384.50
8R103032067,5384.50
8R103037000,4999.50
8R103037008,4999.50
8R103037009,4999.50
8R103037067,4999.50
8R103052000,1974.50
8R103052008,1974.50
8R103052009,1974.50
8R103052067,1974.50
8R103057000,3459.50
8R103057019,3459.50
8R103057067,3459.50
8R103102000,2414.50
8R103102008,2414.50
8R103102009,2414.50
8R103102067,2414.50
8R103104000,2414.50
8R103104008,2414.50
8R103104009,2414.50
8R103104067,2414.50
8R103108000,2634.50
8R103108008,2634.50
8R103108009,2634.50
8R103108067,2634.50
8R103110000,2634.50
8R103110008,2634.50
8R103110009,2634.50
8R103110067,2634.50
8R103113000,2414.50
8R103113008,2414.50
8R103113009,2414.50
8R103113067,2414.50
8R103115000,2414.50
8R103115008,2414.50
8R103115009,2414.50
8R103115067,2414.50
8R103118000,2414.50
8R103118008,2414.50
8R103118009,2414.50
8R103118067,2414.50
8R103120000,2414.50
8R103120008,2414.50
8R103120009,2414.50
8R103120067,2414.50
8R103123000,2909.50
8R103123008,2909.50
8R103123009,2909.50
8R103123067,2909.50
8R103125000,2909.50
8R103125008,2909.50
8R103125009,2909.50
8R103125067,2909.50
8R103128000,5714.50
8R103128008,5714.50
8R103128009,5714.50
8R103128067,5714.50
8R103130000,5714.50
8R103130008,5714.50
8R103130009,5714.50
8R103130067,5714.50
8R103133000,8409.50
8R103133008,8409.50
8R103133009,8409.50
8R103133067,8409.50
8R103135000,8409.50
8R103135008,8409.50
8R103135009,8409.50
8R103135067,8409.50
8R103138000,6429.50
8R103138008,6429.50
8R103138009,6429.50
8R103138067,6429.50
8R103140000,6429.50
8R103140008,6429.50
8R103140009,6429.50
8R103140067,6429.50
8R103153000,3404.50
8R103153008,3404.50
8R103153009,3404.50
8R103153067,3404.50
8R103155000,3404.50
8R103155008,3404.50
8R103155009,3404.50
8R103155067,3404.50
8R103158000,4449.50
8R103158019,4449.50
8R103158067,4449.50
8R103160000,4449.50
8R103160019,4449.50
8R103160067,4449.50
8R103161000,984.50
8R103161008,984.50
8R103161009,984.50
8R103161067,984.50
8R103162000,1039.50
8R103162008,1039.50
8R103162009,1039.50
8R103162067,1039.50
8R103202000,2414.50
8R103202008,2414.50
8R103202009,2414.50
8R103202067,2414.50
8R103204000,2414.50
8R103204008,2414.50
8R103204009,2414.50
8R103204067,2414.50
8R103208000,2634.50
8R103208008,2634.50
8R103208009,2634.50
8R103208067,2634.50
8R103210000,2634.50
8R103210008,2634.50
8R103210009,2634.50
8R103210067,2634.50
8R103213000,2414.50
8R103213008,2414.50
8R103213009,2414.50
8R103213067,2414.50
8R103215000,2414.50
8R103215008,2414.50
8R103215009,2414.50
8R103215067,2414.50
8R103218000,2414.50
8R103218008,2414.50
8R103218009,2414.50
8R103218067,2414.50
8R103220000,2414.50
8R103220008,2414.50
8R103220009,2414.50
8R103220067,2414.50
8R103223000,2909.50
8R103223008,2909.50
8R103223009,2909.50
8R103223067,2909.50
8R103225000,2909.50
8R103225008,2909.50
8R103225009,2909.50
8R103225067,2909.50
8R103228000,5714.50
8R103228008,5714.50
8R103228009,5714.50
8R103228067,5714.50
8R103230000,5714.50
8R103230008,5714.50
8R103230009,5714.50
8R103230067,5714.50
8R103233000,8409.50
8R103233008,8409.50
8R103233009,8409.50
8R103233067,8409.50
8R103235000,8409.50
8R103235008,8409.50
8R103235009,8409.50
8R103235067,8409.50
8R103238000,6429.50
8R103238008,6429.50
8R103238009,6429.50
8R103238067,6429.50
8R103240000,6429.50
8R103240008,6429.50
8R103240009,6429.50
8R103240067,6429.50
8R103253000,3404.50
8R103253008,3404.50
8R103253009,3404.50
8R103253067,3404.50
8R103255000,3404.50
8R103255008,3404.50
8R103255009,3404.50
8R103255067,3404.50
8R103258000,4449.50
8R103258019,4449.50
8R103258067,4449.50
8R103260000,4449.50
8R103260019,4449.50
8R103260067,4449.50
8R103261000,984.50
8R103261008,984.50
8R103261009,984.50
8R103261067,984.50
8R103262000,1039.50
8R103262008,1039.50
8R103262009,1039.50
8R103262067,1039.50
8R104001000,2579.50
8R104001008,2579.50
8R104001009,2579.50
8R104018000,2579.50
8R104018008,2579.50
8R104018009,2579.50
8R104035000,1809.50
8R104035008,1809.50
8R104035009,1809.50
8R104040000,1809.50
8R104040008,1809.50
8R104040009,1809.50
8R104045000,2634.50
8R104045008,2634.50
8R104045009,2634.50
8R104062000,2634.50
8R104062008,2634.50
8R104062009,2634.50
8R104079000,3019.50
8R104079008,3019.50
8R104079009,3019.50
8R104096000,3019.50
8R104096008,3019.50
8R104096009,3019.50
8R104113000,3899.50
8R104113008,3899.50
8R104113009,3899.50
8R104130000,3899.50
8R104130008,3899.50
8R104130009,3899.50
8R104147000,7639.50
8R104147008,7639.50
8R104147009,7639.50
8R104164000,7639.50
8R104164008,7639.50
8R104164009,7639.50
8R104181000,11984.50
8R104181008,11984.50
8R104181009,11984.50
8R104198000,11984.50
8R104198008,11984.50
8R104198009,11984.50
8R104215000,2634.50
8R104215008,2634.50
8R104215009,2634.50
8R104232000,2634.50
8R104232008,2634.50
8R104232009,2634.50
8R104249000,2194.50
8R104249008,2194.50
8R104249009,2194.50
8R104251000,2194.50
8R104251008,2194.50
8R104251009,2194.50
8R104253000,4339.50
8R104253008,4339.50
8R104253009,4339.50
8R104254000,4229.50
8R104254008,4229.50
8R104254009,4229.50
8R104255000,4394.50
8R104255008,4394.50
8R104255009,4394.50
8R104256000,4284.50
8R104256008,4284.50
8R104256009,4284.50
8R104257000,4779.50
8R104257008,4779.50
8R104257009,4779.50
8R104258000,4669.50
8R104258008,4669.50
8R104258009,4669.50
8R104259000,5659.50
8R104259008,5659.50
8R104259009,5659.50
8R104260000,5549.50
8R104260008,5549.50
8R104260009,5549.50
8R104261000,4394.50
8R104261008,4394.50
8R104261009,4394.50
8R104262000,4339.50
8R104262008,4339.50
8R104262009,4339.50
8R104263000,9454.50
8R104263008,9454.50
8R104263009,9454.50
8R104264000,9344.50
8R104264008,9344.50
8R104264009,9344.50
8R104265000,15559.50
8R104265008,15559.50
8R104265009,15559.50
8R104266000,15394.50
8R104266008,15394.50
8R104266009,15394.50
8R104349000,2194.50
8R104349008,2194.50
8R104349009,2194.50
8R104351000,2194.50
8R104351008,2194.50
8R104351009,2194.50
8R104353000,4339.50
8R104353008,4339.50
8R104353009,4339.50
8R104354000,4229.50
8R104354008,4229.50
8R104354009,4229.50
8R104355000,4394.50
8R104355008,4394.50
8R104355009,4394.50
8R104356000,4284.50
8R104356008,4284.50
8R104356009,4284.50
8R104357000,4779.50
8R104357008,4779.50
8R104357009,4779.50
8R104358000,4669.50
8R104358008,4669.50
8R104358009,4669.50
8R104359000,5659.50
8R104359008,5659.50
8R104359009,5659.50
8R104360000,5549.50
8R104360008,5549.50
8R104360009,5549.50
8R104361000,4394.50
8R104361008,4394.50
8R104361009,4394.50
8R104362000,4339.50
8R104362008,4339.50
8R104362009,4339.50
8R104363000,9454.50
8R104363008,9454.50
8R104363009,9454.50
8R104364000,9344.50
8R104364008,9344.50
8R104364009,9344.50
8R104365000,15559.50
8R104365008,15559.50
8R104365009,15559.50
8R104366000,15394.50
8R104366008,15394.50
8R104366009,15394.50
8R105001006,599.50
8R105001014,599.50
8R105001015,599.50
8R105001046,599.50
8R105001054,599.50
8R105001056,599.50
8R105001059,599.50
8R105001101,599.50
8R105001105,599.50
8R105001109,599.50
8R105002006,599.50
8R105002014,599.50
8R105002015,599.50
8R105002046,599.50
8R105002054,599.50
8R105002056,599.50
8R105002059,599.50
8R105002101,599.50
8R105002105,599.50
8R105002109,599.50
8R105003006,654.50
8R105003014,654.50
8R105003015,654.50
8R105003046,654.50
8R105003054,654.50
8R105003056,654.50
8R105003059,654.50
8R105003101,654.50
8R105003105,654.50
8R105003109,654.50
8R105004006,654.50
8R105004014,654.50
8R105004015,654.50
8R105004046,654.50
8R105004054,654.50
8R105004056,654.50
8R105004059,654.50
8R105004101,654.50
8R105004105,654.50
8R105004109,654.50
8R105005006,709.50
8R105005014,709.50
8R105005015,709.50
8R105005046,709.50
8R105005054,709.50
8R105005056,709.50
8R105005059,709.50
8R105005101,709.50
8R105005105,709.50
8R105005109,709.50
8R105006006,709.50
8R105006014,709.50
8R105006015,709.50
8R105006046,709.50
8R105006054,709.50
8R105006056,709.50
8R105006059,709.50
8R105006101,709.50
8R105006105,709.50
8R105006109,709.50
8R106001000,418.00
8R106001001,418.00
8R106001015,418.00
8R106001019,418.00
8R106001023,418.00
8R106001046,418.00
8R106001054,418.00
8R106001056,418.00
8R106001059,418.00
8R106001067,418.00
8R106001082,819.50
8R106001084,819.50
8R106001134,418.00
8R106002000,418.00
8R106002001,418.00
8R106002015,418.00
8R106002019,418.00
8R106002023,418.00
8R106002046,418.00
8R106002054,418.00
8R106002056,418.00
8R106002059,418.00
8R106002067,418.00
8R106002082,819.50
8R106002084,819.50
8R106002134,418.00
8R106003000,412.50
8R106003001,412.50
8R106003015,412.50
8R106003019,412.50
8R106003023,412.50
8R106003046,412.50
8R106003054,412.50
8R106003056,412.50
8R106003059,412.50
8R106003067,412.50
8R106003082,819.50
8R106003084,819.50
8R106003134,412.50
8R106004000,412.50
8R106004001,412.50
8R106004015,412.50
8R106004019,412.50
8R106004023,412.50
8R106004046,412.50
8R106004054,412.50
8R106004056,412.50
8R106004059,412.50
8R106004067,412.50
8R106004082,819.50
8R106004084,819.50
8R106004134,412.50
8R106005000,709.50
8R106005001,709.50
8R106005015,709.50
8R106005019,709.50
8R106005023,709.50
8R106005046,709.50
8R106005054,709.50
8R106005056,709.50
8R106005059,709.50
8R106005067,709.50
8R106005082,1149.50
8R106005084,1149.50
8R106005134,709.50
8R106006000,709.50
8R106006001,709.50
8R106006015,709.50
8R106006019,709.50
8R106006023,709.50
8R106006046,709.50
8R106006054,709.50
8R106006056,709.50
8R106006059,709.50
8R106006067,709.50
8R106006082,1149.50
8R106006084,1149.50
8R106006134,709.50
8R106007000,1204.50
8R106007001,1204.50
8R106007015,1204.50
8R106007019,1204.50
8R106007023,1204.50
8R106007046,1204.50
8R106007054,1204.50
8R106007056,1204.50
8R106007059,1204.50
8R106007067,1204.50
8R106007082,1589.50
8R106007084,1589.50
8R106007134,1204.50
8R106008000,1204.50
8R106008001,1204.50
8R106008015,1204.50
8R106008019,1204.50
8R106008023,1204.50
8R106008046,1204.50
8R106008054,1204.50
8R106008056,1204.50
8R106008059,1204.50
8R106008067,1204.50
8R106008082,1589.50
8R106008084,1589.50
8R106008134,1204.50
8R106009000,1534.50
8R106009001,1534.50
8R106009015,1534.50
8R106009019,1534.50
8R106009023,1534.50
8R106009046,1534.50
8R106009054,1534.50
8R106009056,1534.50
8R106009059,1534.50
8R106009067,1534.50
8R106009082,2304.50
8R106009084,2304.50
8R106009134,1534.50
8R106010000,1534.50
8R106010001,1534.50
8R106010015,1534.50
8R106010019,1534.50
8R106010023,1534.50
8R106010046,1534.50
8R106010054,1534.50
8R106010056,1534.50
8R106010059,1534.50
8R106010067,1534.50
8R106010082,2304.50
8R106010084,2304.50
8R106010134,1534.50
8R106011000,1974.50
8R106011001,1974.50
8R106011015,1974.50
8R106011019,1974.50
8R106011023,1974.50
8R106011046,1974.50
8R106011054,1974.50
8R106011056,1974.50
8R106011059,1974.50
8R106011067,1974.50
8R106011082,3019.50
8R106011084,3019.50
8R106011134,1974.50
8R106012000,1974.50
8R106012001,1974.50
8R106012015,1974.50
8R106012019,1974.50
8R106012023,1974.50
8R106012046,1974.50
8R106012054,1974.50
8R106012056,1974.50
8R106012059,1974.50
8R106012067,1974.50
8R106012082,3019.50
8R106012084,3019.50
8R106012134,1974.50
8R106013000,423.50
8R106013001,423.50
8R106013015,423.50
8R106013019,423.50
8R106013023,423.50
8R106013046,423.50
8R106013054,423.50
8R106013056,423.50
8R106013059,423.50
8R106013067,423.50
8R106013082,819.50
8R106013084,819.50
8R106013134,423.50
8R106014000,423.50
8R106014001,423.50
8R106014015,423.50
8R106014019,423.50
8R106014023,423.50
8R106014046,423.50
8R106014054,423.50
8R106014056,423.50
8R106014059,423.50
8R106014067,423.50
8R106014082,819.50
8R106014084,819.50
8R106014134,423.50
8R106015000,423.50
8R106015001,423.50
8R106015015,423.50
8R106015019,423.50
8R106015023,423.50
8R106015046,423.50
8R106015054,423.50
8R106015056,423.50
8R106015059,423.50
8R106015067,423.50
8R106015082,819.50
8R106015084,819.50
8R106015134,423.50
8R106016000,423.50
8R106016001,423.50
8R106016015,423.50
8R106016019,423.50
8R106016023,423.50
8R106016046,423.50
8R106016054,423.50
8R106016056,423.50
8R106016059,423.50
8R106016067,423.50
8R106016082,819.50
8R106016084,819.50
8R106016134,423.50
8R107001001,429.00
8R107001006,429.00
8R107001019,429.00
8R107001023,429.00
8R107001046,429.00
8R107001054,429.00
8R107001059,429.00
8R107001065,429.00
8R107001067,429.00
8R107002001,489.50
8R107002006,489.50
8R107002019,489.50
8R107002023,489.50
8R107002046,489.50
8R107002054,489.50
8R107002059,489.50
8R107002065,489.50
8R107002067,489.50
8R107004001,489.50
8R107004006,489.50
8R107004019,489.50
8R107004023,489.50
8R107004046,489.50
8R107004054,489.50
8R107004059,489.50
8R107004065,489.50
8R107004067,489.50
8R107006001,599.50
8R107006006,599.50
8R107006019,599.50
8R107006023,599.50
8R107006046,599.50
8R107006054,599.50
8R107006059,599.50
8R107006065,599.50
8R107006067,599.50
8R107007001,654.50
8R107007006,654.50
8R107007019,654.50
8R107007023,654.50
8R107007046,654.50
8R107007054,654.50
8R107007059,654.50
8R107007065,654.50
8R107007067,654.50
8R107009001,654.50
8R107009006,654.50
8R107009019,654.50
8R107009023,654.50
8R107009046,654.50
8R107009054,654.50
8R107009059,654.50
8R107009065,654.50
8R107009067,654.50
8R107011001,819.50
8R107011006,819.50
8R107011019,819.50
8R107011023,819.50
8R107011046,819.50
8R107011054,819.50
8R107011059,819.50
8R107011065,819.50
8R107011067,819.50
8R107012001,984.50
8R107012006,984.50
8R107012019,984.50
8R107012023,984.50
8R107012046,984.50
8R107012054,984.50
8R107012059,984.50
8R107012065,984.50
8R107012067,984.50
8R107013001,1039.50
8R107013006,1039.50
8R107013019,1039.50
8R107013023,1039.50
8R107013046,1039.50
8R107013054,1039.50
8R107013059,1039.50
8R107013065,1039.50
8R107013067,1039.50
8R107014001,1259.50
8R107014006,1259.50
8R107014019,1259.50
8R107014023,1259.50
8R107014046,1259.50
8R107014054,1259.50
8R107014059,1259.50
8R107014065,1259.50
8R107014067,1259.50
8R108001001,330.00
8R108001006,330.00
8R108001014,330.00
8R108001046,330.00
8R108001053,330.00
8R108001054,330.00
8R108001056,330.00
8R108001059,330.00
8R108001065,330.00
8R108001066,330.00
8R108001101,330.00
8R108001105,330.00
8R108001107,330.00
8R108001109,330.00
8R108001110,330.00
8R108001111,330.00
8R108001113,330.00
8R108001129,330.00
8R108001144,385.00
8R108002001,764.50
8R108002006,764.50
8R108002014,764.50
8R108002046,764.50
8R108002053,764.50
8R108002054,764.50
8R108002056,764.50
8R108002059,764.50
8R108002065,764.50
8R108002066,764.50
8R108002101,764.50
8R108002105,764.50
8R108002107,764.50
8R108002109,764.50
8R108002110,764.50
8R108002111,764.50
8R108002113,764.50
8R108003001,764.50
8R108003006,764.50
8R108003014,764.50
8R108003046,764.50
8R108003053,764.50
8R108003054,764.50
8R108003056,764.50
8R108003059,764.50
8R108003065,764.50
8R108003066,764.50
8R108003101,764.50
8R108003105,764.50
8R108003107,764.50
8R108003109,764.50
8R108003110,764.50
8R108003111,764.50
8R108003113,764.50
8R108004001,385.00
8R108004006,385.00
8R108004014,385.00
8R108004046,385.00
8R108004053,385.00
8R108004054,385.00
8R108004056,385.00
8R108004059,385.00
8R108004065,385.00
8R108004066,385.00
8R108004101,385.00
8R108004105,385.00
8R108004107,385.00
8R108004109,385.00
8R108004110,385.00
8R108004111,385.00
8R108004113,385.00
8R108004129,385.00
8R108004144,467.50
8R108005001,819.50
8R108005006,819.50
8R108005014,819.50
8R108005046,819.50
8R108005053,819.50
8R108005054,819.50
8R108005056,819.50
8R108005059,819.50
8R108005065,819.50
8R108005066,819.50
8R108005101,819.50
8R108005105,819.50
8R108005107,819.50
8R108005109,819.50
8R108005110,819.50
8R108005111,819.50
8R108005113,819.50
8R108006001,819.50
8R108006006,819.50
8R108006014,819.50
8R108006046,819.50
8R108006053,819.50
8R108006054,819.50
8R108006056,819.50
8R108006059,819.50
8R108006065,819.50
8R108006066,819.50
8R108006101,819.50
8R108006105,819.50
8R108006107,819.50
8R108006109,819.50
8R108006110,819.50
8R108006111,819.50
8R108006113,819.50
8R108007001,984.50
8R108007006,984.50
8R108007014,984.50
8R108007046,984.50
8R108007053,984.50
8R108007054,984.50
8R108007056,984.50
8R108007059,984.50
8R108007065,984.50
8R108007066,984.50
8R108007101,984.50
8R108007105,984.50
8R108007107,984.50
8R108007109,984.50
8R108007110,984.50
8R108007111,984.50
8R108007113,984.50
8R108009001,1534.50
8R108009001-CH,1589.50
8R108009001-SK,1589.50
8R108009006,1534.50
8R108009006-CH,1589.50
8R108009006-SK,1589.50
8R108009014,1534.50
8R108009014-CH,1589.50
8R108009014-SK,1589.50
8R108009046,1534.50
8R108009046-CH,1589.50
8R108009046-SK,1589.50
8R108009053,1534.50
8R108009053-CH,1589.50
8R108009053-SK,1589.50
8R108009054,1534.50
8R108009054-CH,1589.50
8R108009054-SK,1589.50
8R108009056,1534.50
8R108009056-CH,1589.50
8R108009056-SK,1589.50
8R108009059,1534.50
8R108009059-CH,1589.50
8R108009059-SK,1589.50
8R108009065,1534.50
8R108009065-CH,1589.50
8R108009065-SK,1589.50
8R108009066,1534.50
8R108009066-CH,1589.50
8R108009066-SK,1589.50
8R108009101,1534.50
8R108009101-CH,1589.50
8R108009101-SK,1589.50
8R108009105,1534.50
8R108009105-CH,1589.50
8R108009105-SK,1589.50
8R108009107,1534.50
8R108009107-CH,1589.50
8R108009107-SK,1589.50
8R108009109,1534.50
8R108009109-CH,1589.50
8R108009109-SK,1589.50
8R108009110,1534.50
8R108009110-CH,1589.50
8R108009110-SK,1589.50
8R108009111,1534.50
8R108009111-CH,1589.50
8R108009111-SK,1589.50
8R108009113,1534.50
8R108009113-CH,1589.50
8R108009113-SK,1589.50
8R108010001,1039.50
8R108010006,1039.50
8R108010014,1039.50
8R108010046,1039.50
8R108010053,1039.50
8R108010054,1039.50
8R108010056,1039.50
8R108010059,1039.50
8R108010065,1039.50
8R108010066,1039.50
8R108010101,1039.50
8R108010105,1039.50
8R108010107,1039.50
8R108010109,1039.50
8R108010110,1039.50
8R108010111,1039.50
8R108010113,1039.50
8R108012001,1534.50
8R108012001-CH,1644.50
8R108012001-SK,1644.50
8R108012006,1534.50
8R108012006-CH,1644.50
8R108012006-SK,1644.50
8R108012014,1534.50
8R108012014-CH,1644.50
8R108012014-SK,1644.50
8R108012046,1534.50
8R108012046-CH,1644.50
8R108012046-SK,1644.50
8R108012053,1534.50
8R108012053-CH,1644.50
8R108012053-SK,1644.50
8R108012054,1534.50
8R108012054-CH,1644.50
8R108012054-SK,1644.50
8R108012056,1534.50
8R108012056-CH,1644.50
8R108012056-SK,1644.50
8R108012059,1534.50
8R108012059-CH,1644.50
8R108012059-SK,1644.50
8R108012065,1534.50
8R108012065-CH,1644.50
8R108012065-SK,1644.50
8R108012066,1534.50
8R108012066-CH,1644.50
8R108012066-SK,1644.50
8R108012101,1534.50
8R108012101-CH,1644.50
8R108012101-SK,1644.50
8R108012105,1534.50
8R108012105-CH,1644.50
8R108012105-SK,1644.50
8R108012107,1534.50
8R108012107-CH,1644.50
8R108012107-SK,1644.50
8R108012109,1534.50
8R108012109-CH,1644.50
8R108012109-SK,1644.50
8R108012110,1534.50
8R108012110-CH,1644.50
8R108012110-SK,1644.50
8R108012111,1534.50
8R108012111-CH,1644.50
8R108012111-SK,1644.50
8R108012113,1534.50
8R108012113-CH,1644.50
8R108012113-SK,1644.50
8R108015001,412.50
8R108015006,412.50
8R108015014,412.50
8R108015046,412.50
8R108015053,412.50
8R108015054,412.50
8R108015056,412.50
8R108015059,412.50
8R108015065,412.50
8R108015066,412.50
8R108015101,412.50
8R108015105,412.50
8R108015107,412.50
8R108015109,412.50
8R108015110,412.50
8R108015111,412.50
8R108015113,412.50
8R108015129,412.50
8R108015144,489.50
8R108016001,489.50
8R108016006,489.50
8R108016014,489.50
8R108016046,489.50
8R108016053,489.50
8R108016054,489.50
8R108016056,489.50
8R108016059,489.50
8R108016065,489.50
8R108016066,489.50
8R108016101,489.50
8R108016105,489.50
8R108016107,489.50
8R108016109,489.50
8R108016110,489.50
8R108016111,489.50
8R108016113,489.50
8R108016129,489.50
8R108016144,544.50
8R108017001,764.50
8R108017006,764.50
8R108017014,764.50
8R108017046,764.50
8R108017053,764.50
8R108017054,764.50
8R108017056,764.50
8R108017059,764.50
8R108017065,764.50
8R108017066,764.50
8R108017101,764.50
8R108017105,764.50
8R108017107,764.50
8R108017109,764.50
8R108017110,764.50
8R108017111,764.50
8R108017113,764.50
8R108018001,819.50
8R108018006,819.50
8R108018014,819.50
8R108018046,819.50
8R108018053,819.50
8R108018054,819.50
8R108018056,819.50
8R108018059,819.50
8R108018065,819.50
8R108018066,819.50
8R108018101,819.50
8R108018105,819.50
8R108018107,819.50
8R108018109,819.50
8R108018110,819.50
8R108018111,819.50
8R108018113,819.50
8R108019001,764.50
8R108019006,764.50
8R108019014,764.50
8R108019046,764.50
8R108019053,764.50
8R108019054,764.50
8R108019056,764.50
8R108019059,764.50
8R108019065,764.50
8R108019066,764.50
8R108019101,764.50
8R108019105,764.50
8R108019107,764.50
8R108019109,764.50
8R108019110,764.50
8R108019111,764.50
8R108019113,764.50
8R108020001,819.50
8R108020006,819.50
8R108020014,819.50
8R108020046,819.50
8R108020053,819.50
8R108020054,819.50
8R108020056,819.50
8R108020059,819.50
8R108020065,819.50
8R108020066,819.50
8R108020101,819.50
8R108020105,819.50
8R108020107,819.50
8R108020109,819.50
8R108020110,819.50
8R108020111,819.50
8R108020113,819.50
8R108021001,984.50
8R108021006,984.50
8R108021014,984.50
8R108021046,984.50
8R108021053,984.50
8R108021054,984.50
8R108021056,984.50
8R108021059,984.50
8R108021065,984.50
8R108021066,984.50
8R108021101,984.50
8R108021105,984.50
8R108021107,984.50
8R108021109,984.50
8R108021110,984.50
8R108021111,984.50
8R108021113,984.50
8R108022001,1039.50
8R108022006,1039.50
8R108022014,1039.50
8R108022046,1039.50
8R108022053,1039.50
8R108022054,1039.50
8R108022056,1039.50
8R108022059,1039.50
8R108022065,1039.50
8R108022066,1039.50
8R108022101,1039.50
8R108022105,1039.50
8R108022107,1039.50
8R108022109,1039.50
8R108022110,1039.50
8R108022111,1039.50
8R108022113,1039.50
8R109001000,396.00
8R109001001,396.00
8R109001008,396.00
8R109001019,396.00
8R109001053,396.00
8R109001054,396.00
8R109001059,396.00
8R109001067,396.00
8R109002000,396.00
8R109002001,396.00
8R109002008,396.00
8R109002019,396.00
8R109002053,396.00
8R109002054,396.00
8R109002059,396.00
8R109002067,396.00
8R109003000,396.00
8R109003001,396.00
8R109003008,396.00
8R109003019,396.00
8R109003053,396.00
8R109003054,396.00
8R109003059,396.00
8R109003067,396.00
8R109004000,396.00
8R109004001,396.00
8R109004008,396.00
8R109004019,396.00
8R109004053,396.00
8R109004054,396.00
8R109004059,396.00
8R109004067,396.00
8R109007000,280.50
8R109007001,280.50
8R109007008,280.50
8R109007019,280.50
8R109007053,280.50
8R109007054,280.50
8R109007059,280.50
8R109007067,280.50
8R109008000,280.50
8R109008001,280.50
8R109008008,280.50
8R109008019,280.50
8R109008053,280.50
8R109008054,280.50
8R109008059,280.50
8R109008067,280.50
8R109011000,1534.50
8R109011001,1534.50
8R109011008,1534.50
8R109011019,1534.50
8R109011053,1534.50
8R109011054,1534.50
8R109011059,1534.50
8R109011067,1534.50
8R109012000,1534.50
8R109012001,1534.50
8R109012008,1534.50
8R109012019,1534.50
8R109012053,1534.50
8R109012054,1534.50
8R109012059,1534.50
8R109012067,1534.50
8R109013000,418.00
8R109013001,418.00
8R109013008,418.00
8R109013019,418.00
8R109013053,418.00
8R109013054,418.00
8R109013059,418.00
8R109013067,418.00
8R109014000,489.50
8R109014001,489.50
8R109014008,489.50
8R109014019,489.50
8R109014053,489.50
8R109014054,489.50
8R109014059,489.50
8R109014067,489.50
8R109015000,1039.50
8R109015001,1039.50
8R109015008,1039.50
8R109015019,1039.50
8R109015053,1039.50
8R109015054,1039.50
8R109015059,1039.50
8R109015067,1039.50
8R109016000,1204.50
8R109016001,1204.50
8R109016008,1204.50
8R109016019,1204.50
8R109016053,1204.50
8R109016054,1204.50
8R109016059,1204.50
8R109016067,1204.50
8R109017000,489.50
8R109017001,489.50
8R109017008,489.50
8R109017019,489.50
8R109017053,489.50
8R109017054,489.50
8R109017059,489.50
8R109017067,489.50
8R109019000,544.50
8R109019001,544.50
8R109019008,544.50
8R109019019,544.50
8R109019053,544.50
8R109019054,544.50
8R109019059,544.50
8R109019067,544.50
8R109020000,1039.50
8R109020001,1039.50
8R109020008,1039.50
8R109020019,1039.50
8R109020053,1039.50
8R109020054,1039.50
8R109020059,1039.50
8R109020067,1039.50
8R109021000,654.50
8R109021001,654.50
8R109021008,654.50
8R109021019,654.50
8R109021053,654.50
8R109021054,654.50
8R109021059,654.50
8R109021067,654.50
8R109022000,1039.50
8R109022001,1039.50
8R109022008,1039.50
8R109022019,1039.50
8R109022053,1039.50
8R109022054,1039.50
8R109022059,1039.50
8R109022067,1039.50
8R109024000,2414.50
8R109024001,2414.50
8R109024008,2414.50
8R109024019,2414.50
8R109024053,2414.50
8R109024054,2414.50
8R109024059,2414.50
8R109024067,2414.50
8R109025000,1974.50
8R109025001,1974.50
8R109025008,1974.50
8R109025019,1974.50
8R109025053,1974.50
8R109025054,1974.50
8R109025059,1974.50
8R109025067,1974.50
8R111001000,489.50
8R111001001,489.50
8R111001008,489.50
8R111001009,489.50
8R111001019,489.50
8R111001023,489.50
8R111001046,489.50
8R111001067,489.50
8R111002000,489.50
8R111002001,489.50
8R111002008,489.50
8R111002009,489.50
8R111002019,489.50
8R111002023,489.50
8R111002046,489.50
8R111002067,489.50
8R111003000,489.50
8R111003001,489.50
8R111003008,489.50
8R111003009,489.50
8R111003019,489.50
8R111003023,489.50
8R111003046,489.50
8R111003067,489.50
8R111004000,489.50
8R111004001,489.50
8R111004008,489.50
8R111004009,489.50
8R111004019,489.50
8R111004023,489.50
8R111004046,489.50
8R111004067,489.50
8R111005000,434.50
8R111005001,434.50
8R111005008,434.50
8R111005009,434.50
8R111005019,434.50
8R111005023,434.50
8R111005046,434.50
8R111005067,434.50
8R111006000,434.50
8R111006001,434.50
8R111006008,434.50
8R111006009,434.50
8R111006019,434.50
8R111006023,434.50
8R111006046,434.50
8R111006067,434.50
8R111007000,434.50
8R111007001,434.50
8R111007008,434.50
8R111007009,434.50
8R111007019,434.50
8R111007023,434.50
8R111007046,434.50
8R111007067,434.50
8R111008000,434.50
8R111008001,434.50
8R111008008,434.50
8R111008009,434.50
8R111008019,434.50
8R111008023,434.50
8R111008046,434.50
8R111008067,434.50
8R111009000,330.00
8R111009001,330.00
8R111009008,330.00
8R111009009,330.00
8R111009019,330.00
8R111009023,330.00
8R111009046,330.00
8R111009067,330.00
8R111010000,330.00
8R111010001,330.00
8R111010008,330.00
8R111010009,330.00
8R111010019,330.00
8R111010023,330.00
8R111010046,330.00
8R111010067,330.00
8R111011000,412.50
8R111011001,412.50
8R111011008,412.50
8R111011009,412.50
8R111011019,412.50
8R111011023,412.50
8R111011046,412.50
8R111011067,412.50
8R111012000,412.50
8R111012001,412.50
8R111012008,412.50
8R111012009,412.50
8R111012019,412.50
8R111012023,412.50
8R111012046,412.50
8R111012067,412.50
8R111015000,2414.50
8R111015001,2414.50
8R111015008,2414.50
8R111015009,2414.50
8R111015019,2414.50
8R111015023,2414.50
8R111015046,2414.50
8R111015067,2414.50
8R111016000,2414.50
8R111016001,2414.50
8R111016008,2414.50
8R111016009,2414.50
8R111016019,2414.50
8R111016023,2414.50
8R111016046,2414.50
8R111016067,2414.50
8R115001001,709.50
8R115001006,709.50
8R115001046,709.50
8R115001065,709.50
8R115001067,709.50
8R115001105,709.50
8R115001107,709.50
8R115001111,709.50
8R115002001,1094.50
8R115002006,1094.50
8R115002046,1094.50
8R115002065,1094.50
8R115002067,1094.50
8R115002105,1094.50
8R115002107,1094.50
8R115002111,1094.50
8R115003001,654.50
8R115003006,654.50
8R115003046,654.50
8R115003065,654.50
8R115003067,654.50
8R115003105,654.50
8R115003107,654.50
8R115003111,654.50
8R115004001,764.50
8R115004006,764.50
8R115004046,764.50
8R115004065,764.50
8R115004067,764.50
8R115004105,764.50
8R115004107,764.50
8R115004111,764.50
8R115005001,874.50
8R115005001-CH,929.50
8R115005001-SK,929.50
8R115005006,874.50
8R115005006-CH,929.50
8R115005006-SK,929.50
8R115005046,874.50
8R115005046-CH,929.50
8R115005046-SK,929.50
8R115005065,874.50
8R115005065-CH,929.50
8R115005065-SK,929.50
8R115005067,874.50
8R115005067-CH,929.50
8R115005067-SK,929.50
8R115005105,874.50
8R115005105-CH,929.50
8R115005105-SK,929.50
8R115005107,874.50
8R115005107-CH,929.50
8R115005107-SK,929.50
8R115006001,764.50
8R115006006,764.50
8R115006046,764.50
8R115006065,764.50
8R115006067,764.50
8R115006105,764.50
8R115006107,764.50
8R115007001,1204.50
8R115007006,1204.50
8R115007046,1204.50
8R115007065,1204.50
8R115007067,1204.50
8R115007105,1204.50
8R115007107,1204.50
8R115008001,929.50
8R115008001-CH,984.50
8R115008001-SK,984.50
8R115008006,929.50
8R115008006-CH,984.50
8R115008006-SK,984.50
8R115008046,929.50
8R115008046-CH,984.50
8R115008046-SK,984.50
8R115008065,929.50
8R115008065-CH,984.50
8R115008065-SK,984.50
8R115008067,929.50
8R115008067-CH,984.50
8R115008067-SK,984.50
8R115008105,929.50
8R115008105-CH,984.50
8R115008105-SK,984.50
8R115008107,929.50
8R115008107-CH,984.50
8R115008107-SK,984.50
8R115009001,1204.50
8R115009006,1204.50
8R115009046,1204.50
8R115009065,1204.50
8R115009067,1204.50
8R115009105,1204.50
8R115009107,1204.50
8R115010001,2304.50
8R115010006,2304.50
8R115010046,2304.50
8R115010065,2304.50
8R115010067,2304.50
8R115010105,2304.50
8R115010107,2304.50
8R116001000,4614.50
8R116001008,4614.50
8R116001009,4614.50
8R116001083,6814.50
8R116002000,5659.50
8R116002008,5659.50
8R116002009,5659.50
8R116002083,8079.50
8R116011000,5054.50
8R116011008,5054.50
8R116011009,5054.50
8R116011083,7254.50
8R116012000,6044.50
8R116012008,6044.50
8R116012009,6044.50
8R116012083,8519.50
8R116021000,5659.50
8R116021008,5659.50
8R116021009,5659.50
8R116021083,7859.50
8R116022000,6704.50
8R116022008,6704.50
8R116022009,6704.50
8R116022083,9124.50
8R116031000,10279.50
8R116031008,10279.50
8R116031009,10279.50
8R116031083,12644.50
8R116032000,11269.50
8R116032008,11269.50
8R116032009,11269.50
8R116032083,13909.50
8R116041000,17209.50
8R116041008,17209.50
8R116041009,17209.50
8R116041083,21939.50
8R116042000,19299.50
8R116042008,19299.50
8R116042009,19299.50
8R116042083,24414.50
8R116051000,5054.50
8R116051008,5054.50
8R116051009,5054.50
8R116051083,7914.50
8R116052000,6319.50
8R116052008,6319.50
8R116052009,6319.50
8R116052083,9894.50
8R116103000,5769.50
8R116103008,5769.50
8R116103009,5769.50
8R116103083,7969.50
8R116104000,6814.50
8R116104008,6814.50
8R116104009,6814.50
8R116104083,9179.50
8R116113000,6154.50
8R116113008,6154.50
8R116113009,6154.50
8R116113083,8354.50
8R116114000,7199.50
8R116114008,7199.50
8R116114009,7199.50
8R116114083,9564.50
8R116123000,6759.50
8R116123008,6759.50
8R116123009,6759.50
8R116123083,9014.50
8R116124000,7749.50
8R116124008,7749.50
8R116124009,7749.50
8R116124083,10224.50
8R116133000,11324.50
8R116133008,11324.50
8R116133009,11324.50
8R116133083,13744.50
8R116134000,12314.50
8R116134008,12314.50
8R116134009,12314.50
8R116134083,14954.50
8R116143000,19409.50
8R116143008,19409.50
8R116143009,19409.50
8R116143083,22104.50
8R116144000,20399.50
8R116144008,20399.50
8R116144009,20399.50
8R116144083,23314.50
8R116153000,5879.50
8R116153008,5879.50
8R116153009,5879.50
8R116153083,8684.50
8R116154000,7089.50
8R116154008,7089.50
8R116154009,7089.50
8R116154083,10664.50
8R116203000,5769.50
8R116203008,5769.50
8R116203009,5769.50
8R116203083,7969.50
8R116204000,6814.50
8R116204008,6814.50
8R116204009,6814.50
8R116204083,9179.50
8R116213000,6154.50
8R116213008,6154.50
8R116213009,6154.50
8R116213083,8354.50
8R116214000,7199.50
8R116214008,7199.50
8R116214009,7199.50
8R116214083,9564.50
8R116223000,6759.50
8R116223008,6759.50
8R116223009,6759.50
8R116223083,9014.50
8R116224000,7749.50
8R116224008,7749.50
8R116224009,7749.50
8R116224083,10224.50
8R116233000,11324.50
8R116233008,11324.50
8R116233009,11324.50
8R116233083,13744.50
8R116234000,12314.50
8R116234008,12314.50
8R116234009,12314.50
8R116234083,14954.50
8R116243000,19409.50
8R116243008,19409.50
8R116243009,19409.50
8R116243083,22104.50
8R116244000,20399.50
8R116244008,20399.50
8R116244009,20399.50
8R116244083,23314.50
8R116253000,5879.50
8R116253008,5879.50
8R116253009,5879.50
8R116253083,8684.50
8R116254000,7089.50
8R116254008,7089.50
8R116254009,7089.50
8R116254083,10664.50
8R117001000,599.50
8R117001001,599.50
8R117001008,599.50
8R117001009,599.50
8R117001019,599.50
8R117001046,599.50
8R117001054,599.50
8R117001059,599.50
8R117001067,599.50
8R117002000,544.50
8R117002001,544.50
8R117002008,544.50
8R117002009,544.50
8R117002019,544.50
8R117002046,544.50
8R117002054,544.50
8R117002059,544.50
8R117002067,544.50
8R117003000,599.50
8R117003001,599.50
8R117003008,599.50
8R117003009,599.50
8R117003019,599.50
8R117003046,599.50
8R117003054,599.50
8R117003059,599.50
8R117003067,599.50
8R117004000,654.50
8R117004001,654.50
8R117004008,654.50
8R117004009,654.50
8R117004019,654.50
8R117004046,654.50
8R117004054,654.50
8R117004059,654.50
8R117004067,654.50
8R117005000,654.50
8R117005001,654.50
8R117005008,654.50
8R117005009,654.50
8R117005019,654.50
8R117005046,654.50
8R117005054,654.50
8R117005059,654.50
8R117005067,654.50
8R117006000,599.50
8R117006001,599.50
8R117006008,599.50
8R117006009,599.50
8R117006019,599.50
8R117006046,599.50
8R117006054,599.50
8R117006059,599.50
8R117006067,599.50
8R117007000,599.50
8R117007001,599.50
8R117007008,599.50
8R117007009,599.50
8R117007019,599.50
8R117007046,599.50
8R117007054,599.50
8R117007059,599.50
8R117007067,599.50
8R117008000,544.50
8R117008001,544.50
8R117008008,544.50
8R117008009,544.50
8R117008019,544.50
8R117008046,544.50
8R117008054,544.50
8R117008059,544.50
8R117008067,544.50
8R119001000,1094.50
8R119001001,1094.50
8R119001006,1094.50
8R119001019,1094.50
8R119001054,1094.50
8R119001059,1094.50
8R119001065,1094.50
8R119001067,1094.50
8R119001134,1094.50
8R119002000,1094.50
8R119002001,1094.50
8R119002006,1094.50
8R119002019,1094.50
8R119002054,1094.50
8R119002059,1094.50
8R119002065,1094.50
8R119002067,1094.50
8R119002134,1094.50
8R119003000,984.50
8R119003001,984.50
8R119003006,984.50
8R119003019,984.50
8R119003054,984.50
8R119003059,984.50
8R119003065,984.50
8R119003067,984.50
8R119003134,984.50
8R119004000,1369.50
8R119004001,1369.50
8R119004006,1369.50
8R119004019,1369.50
8R119004054,1369.50
8R119004059,1369.50
8R119004065,1369.50
8R119004067,1369.50
8R119004134,1369.50
8R119005000,984.50
8R119005001,984.50
8R119005006,984.50
8R119005019,984.50
8R119005054,984.50
8R119005059,984.50
8R119005065,984.50
8R119005067,984.50
8R119005134,984.50
8R119006000,1369.50
8R119006001,1369.50
8R119006006,1369.50
8R119006019,1369.50
8R119006054,1369.50
8R119006059,1369.50
8R119006065,1369.50
8R119006067,1369.50
8R119006134,1369.50
8R119007000,1039.50
8R119007001,1039.50
8R119007006,1039.50
8R119007019,1039.50
8R119007054,1039.50
8R119007059,1039.50
8R119007065,1039.50
8R119007067,1039.50
8R119007134,1039.50
8R119008000,1149.50
8R119008000-CH,1204.50
8R119008000-SK,1204.50
8R119008001,1149.50
8R119008001-CH,1204.50
8R119008001-SK,1204.50
8R119008006,1149.50
8R119008006-CH,1204.50
8R119008006-SK,1204.50
8R119008019,1149.50
8R119008019-CH,1204.50
8R119008019-SK,1204.50
8R119008054,1149.50
8R119008054-CH,1204.50
8R119008054-SK,1204.50
8R119008059,1149.50
8R119008059-CH,1204.50
8R119008059-SK,1204.50
8R119008065,1149.50
8R119008065-CH,1204.50
8R119008065-SK,1204.50
8R119008067,1149.50
8R119008067-CH,1204.50
8R119008067-SK,1204.50
8R119008134,1149.50
8R119008134-CH,1204.50
8R119008134-SK,1204.50
8R119009000,1039.50
8R119009001,1039.50
8R119009006,1039.50
8R119009019,1039.50
8R119009054,1039.50
8R119009059,1039.50
8R119009065,1039.50
8R119009067,1039.50
8R119009134,1039.50
8R119010000,1149.50
8R119010000-CH,1204.50
8R119010000-SK,1204.50
8R119010001,1149.50
8R119010001-CH,1204.50
8R119010001-SK,1204.50
8R119010006,1149.50
8R119010006-CH,1204.50
8R119010006-SK,1204.50
8R119010019,1149.50
8R119010019-CH,1204.50
8R119010019-SK,1204.50
8R119010054,1149.50
8R119010054-CH,1204.50
8R119010054-SK,1204.50
8R119010059,1149.50
8R119010059-CH,1204.50
8R119010059-SK,1204.50
8R119010065,1149.50
8R119010065-CH,1204.50
8R119010065-SK,1204.50
8R119010067,1149.50
8R119010067-CH,1204.50
8R119010067-SK,1204.50
8R119010134,1149.50
8R119010134-CH,1204.50
8R119010134-SK,1204.50
8R119011000,1094.50
8R119011001,1094.50
8R119011006,1094.50
8R119011019,1094.50
8R119011054,1094.50
8R119011059,1094.50
8R119011065,1094.50
8R119011067,1094.50
8R119011134,1094.50
8R119012000,1259.50
8R119012000-CH,1314.50
8R119012000-SK,1314.50
8R119012001,1259.50
8R119012001-CH,1314.50
8R119012001-SK,1314.50
8R119012006,1259.50
8R119012006-CH,1314.50
8R119012006-SK,1314.50
8R119012019,1259.50
8R119012019-CH,1314.50
8R119012019-SK,1314.50
8R119012054,1259.50
8R119012054-CH,1314.50
8R119012054-SK,1314.50
8R119012059,1259.50
8R119012059-CH,1314.50
8R119012059-SK,1314.50
8R119012065,1259.50
8R119012065-CH,1314.50
8R119012065-SK,1314.50
8R119012067,1259.50
8R119012067-CH,1314.50
8R119012067-SK,1314.50
8R119012134,1259.50
8R119012134-CH,1314.50
8R119012134-SK,1314.50
8R119013000,1534.50
8R119013001,1534.50
8R119013006,1534.50
8R119013019,1534.50
8R119013054,1534.50
8R119013059,1534.50
8R119013065,1534.50
8R119013067,1534.50
8R119013134,1534.50
8R119014000,1094.50
8R119014001,1094.50
8R119014006,1094.50
8R119014019,1094.50
8R119014054,1094.50
8R119014059,1094.50
8R119014065,1094.50
8R119014067,1094.50
8R119014134,1094.50
8R119015000,1259.50
8R119015000-CH,1314.50
8R119015000-SK,1314.50
8R119015001,1259.50
8R119015001-CH,1314.50
8R119015001-SK,1314.50
8R119015006,1259.50
8R119015006-CH,1314.50
8R119015006-SK,1314.50
8R119015019,1259.50
8R119015019-CH,1314.50
8R119015019-SK,1314.50
8R119015054,1259.50
8R119015054-CH,1314.50
8R119015054-SK,1314.50
8R119015059,1259.50
8R119015059-CH,1314.50
8R119015059-SK,1314.50
8R119015065,1259.50
8R119015065-CH,1314.50
8R119015065-SK,1314.50
8R119015067,1259.50
8R119015067-CH,1314.50
8R119015067-SK,1314.50
8R119015134,1259.50
8R119015134-CH,1314.50
8R119015134-SK,1314.50
8R119016000,1534.50
8R119016001,1534.50
8R119016006,1534.50
8R119016019,1534.50
8R119016054,1534.50
8R119016059,1534.50
8R119016065,1534.50
8R119016067,1534.50
8R119016134,1534.50
8R119017000,2524.50
8R119017001,2524.50
8R119017006,2524.50
8R119017019,2524.50
8R119017054,2524.50
8R119017059,2524.50
8R119017065,2524.50
8R119017067,2524.50
8R119017134,2524.50
8R119018000,2524.50
8R119018001,2524.50
8R119018006,2524.50
8R119018019,2524.50
8R119018054,2524.50
8R119018059,2524.50
8R119018065,2524.50
8R119018067,2524.50
8R119018134,2524.50
8R119019000,2689.50
8R119019001,2689.50
8R119019006,2689.50
8R119019019,2689.50
8R119019054,2689.50
8R119019059,2689.50
8R119019065,2689.50
8R119019067,2689.50
8R119019134,2689.50
8R119020000,2689.50
8R119020001,2689.50
8R119020006,2689.50
8R119020019,2689.50
8R119020054,2689.50
8R119020059,2689.50
8R119020065,2689.50
8R119020067,2689.50
8R119020134,2689.50
8R119021000,984.50
8R119021001,984.50
8R119021006,984.50
8R119021019,984.50
8R119021054,984.50
8R119021059,984.50
8R119021065,984.50
8R119021067,984.50
8R119021134,984.50
8R119022000,984.50
8R119022001,984.50
8R119022006,984.50
8R119022019,984.50
8R119022054,984.50
8R119022059,984.50
8R119022065,984.50
8R119022067,984.50
8R119022134,984.50
8R119023000,984.50
8R119023001,984.50
8R119023006,984.50
8R119023019,984.50
8R119023054,984.50
8R119023059,984.50
8R119023065,984.50
8R119023067,984.50
8R119023134,984.50
8R119024000,984.50
8R119024001,984.50
8R119024006,984.50
8R119024019,984.50
8R119024054,984.50
8R119024059,984.50
8R119024065,984.50
8R119024067,984.50
8R119024134,984.50
8R119025000,929.50
8R119025001,929.50
8R119025006,929.50
8R119025019,929.50
8R119025054,929.50
8R119025059,929.50
8R119025065,929.50
8R119025067,929.50
8R119025134,929.50
8R119026000,929.50
8R119026001,929.50
8R119026006,929.50
8R119026019,929.50
8R119026054,929.50
8R119026059,929.50
8R119026065,929.50
8R119026067,929.50
8R119026134,929.50
8R119027000,1039.50
8R119027001,1039.50
8R119027006,1039.50
8R119027019,1039.50
8R119027054,1039.50
8R119027059,1039.50
8R119027065,1039.50
8R119027067,1039.50
8R119027134,1039.50
8R119028000,1039.50
8R119028001,1039.50
8R119028006,1039.50
8R119028019,1039.50
8R119028054,1039.50
8R119028059,1039.50
8R119028065,1039.50
8R119028067,1039.50
8R119028134,1039.50
8R119029000,1479.50
8R119029001,1479.50
8R119029006,1479.50
8R119029019,1479.50
8R119029054,1479.50
8R119029059,1479.50
8R119029065,1479.50
8R119029067,1479.50
8R119029134,1479.50
8R119030000,1479.50
8R119030001,1479.50
8R119030006,1479.50
8R119030019,1479.50
8R119030054,1479.50
8R119030059,1479.50
8R119030065,1479.50
8R119030067,1479.50
8R119030134,1479.50
8R120001006,544.50
8R120001009,544.50
8R120001046,544.50
8R120001054,544.50
8R120001059,544.50
8R120001101,544.50
8R120001105,544.50
8R121001065,7529.50
8R121001065-CH,7529.50
8R121001065-UK,7529.50
8R121001066,7529.50
8R121001066-CH,7529.50
8R121001066-UK,7529.50
8R121001105,7529.50
8R121001105-CH,7529.50
8R121001105-UK,7529.50
8R121001107,7529.50
8R121001107-CH,7529.50
8R121001107-UK,7529.50
8R121002065,5769.50
8R121002065-CH,5769.50
8R121002065-UK,5769.50
8R121002066,5769.50
8R121002066-CH,5769.50
8R121002066-UK,5769.50
8R121002105,5769.50
8R121002105-CH,5769.50
8R121002105-UK,5769.50
8R121002107,5769.50
8R121002107-CH,5769.50
8R121002107-UK,5769.50
8R122001046,929.50
8R122001059,929.50
8R122001082,1589.50
8R122001084,1589.50
8R122001092,984.50
8R122001101,929.50
8R122001105,929.50
8R122001107,929.50
8R122001110,929.50
8R122002046,984.50
8R122002059,984.50
8R122002082,1644.50
8R122002084,1644.50
8R122002092,1039.50
8R122002101,984.50
8R122002105,984.50
8R122002107,984.50
8R122002110,984.50
8R122003046,1039.50
8R122003059,1039.50
8R122003082,1699.50
8R122003084,1699.50
8R122003092,1094.50
8R122003101,1039.50
8R122003105,1039.50
8R122003107,1039.50
8R122003110,1039.50
8R122004046,1589.50
8R122004059,1589.50
8R122004082,2359.50
8R122004084,2359.50
8R122004092,1644.50
8R122004101,1589.50
8R122004105,1589.50
8R122004107,1589.50
8R122004110,1589.50
8R122005046,2414.50
8R122005059,2414.50
8R122005082,3899.50
8R122005084,3899.50
8R122005092,2524.50
8R122005101,2414.50
8R122005105,2414.50
8R122005107,2414.50
8R122005110,2414.50
8R124001014,1204.50
8R124001014-CH,1204.50
8R124001014-UK,1204.50
8R124001015,1204.50
8R124001015-CH,1204.50
8R124001015-UK,1204.50
8R124001056,1204.50
8R124001056-CH,1204.50
8R124001056-UK,1204.50
8R124001065,1204.50
8R124001065-CH,1204.50
8R124001065-UK,1204.50
8R124001105,1204.50
8R124001105-CH,1204.50
8R124001105-UK,1204.50
8R124001107,1204.50
8R124001107-CH,1204.50
8R124001107-UK,1204.50
8R124001133,1204.50
8R124001133-CH,1204.50
8R124001133-UK,1204.50
8R124002014,1094.50
8R124002014-CH,1094.50
8R124002014-UK,1094.50
8R124002015,1094.50
8R124002015-CH,1094.50
8R124002015-UK,1094.50
8R124002056,1094.50
8R124002056-CH,1094.50
8R124002056-UK,1094.50
8R124002065,1094.50
8R124002065-CH,1094.50
8R124002065-UK,1094.50
8R124002105,1094.50
8R124002105-CH,1094.50
8R124002105-UK,1094.50
8R124002107,1094.50
8R124002107-CH,1094.50
8R124002107-UK,1094.50
8R124002133,1094.50
8R124002133-CH,1094.50
8R124002133-UK,1094.50
8R125001006,385.00
8R125001014,385.00
8R125001046,385.00
8R125001056,385.00
8R125001059,385.00
8R125001068,385.00
8R125001101,385.00
8R125001105,385.00
8R125001107,385.00
8R125001109,385.00
8R125002006,385.00
8R125002014,385.00
8R125002046,385.00
8R125002056,385.00
8R125002059,385.00
8R125002068,385.00
8R125002101,385.00
8R125002105,385.00
8R125002107,385.00
8R125002109,385.00
8R126001006,1259.50
8R126001014,1259.50
8R126001054,1259.50
8R126001056,1259.50
8R126001066,1259.50
8R126001068,1259.50
8R126001101,1259.50
8R126001105,1259.50
8R126001107,1259.50
8R126001109,1259.50
8R126001110,1259.50
8R126001111,1259.50
8R126001113,1259.50
8R126002006,1259.50
8R126002014,1259.50
8R126002054,1259.50
8R126002056,1259.50
8R126002066,1259.50
8R126002068,1259.50
8R126002101,1259.50
8R126002105,1259.50
8R126002107,1259.50
8R126002109,1259.50
8R126002110,1259.50
8R126002111,1259.50
8R126002113,1259.50
8R126003006,1259.50
8R126003014,1259.50
8R126003054,1259.50
8R126003056,1259.50
8R126003066,1259.50
8R126003068,1259.50
8R126003101,1259.50
8R126003105,1259.50
8R126003107,1259.50
8R126003109,1259.50
8R126003110,1259.50
8R126003111,1259.50
8R126003113,1259.50
8R126004006,1259.50
8R126004014,1259.50
8R126004054,1259.50
8R126004056,1259.50
8R126004066,1259.50
8R126004068,1259.50
8R126004101,1259.50
8R126004105,1259.50
8R126004107,1259.50
8R126004109,1259.50
8R126004110,1259.50
8R126004111,1259.50
8R126004113,1259.50
8R126005006,1259.50
8R126005014,1259.50
8R126005054,1259.50
8R126005056,1259.50
8R126005066,1259.50
8R126005068,1259.50
8R126005101,1259.50
8R126005105,1259.50
8R126005107,1259.50
8R126005109,1259.50
8R126005110,1259.50
8R126005111,1259.50
8R126005113,1259.50
8R126006006,1259.50
8R126006014,1259.50
8R126006054,1259.50
8R126006056,1259.50
8R126006066,1259.50
8R126006068,1259.50
8R126006101,1259.50
8R126006105,1259.50
8R126006107,1259.50
8R126006109,1259.50
8R126006110,1259.50
8R126006111,1259.50
8R126006113,1259.50
8R126007006,1259.50
8R126007014,1259.50
8R126007054,1259.50
8R126007056,1259.50
8R126007066,1259.50
8R126007068,1259.50
8R126007101,1259.50
8R126007105,1259.50
8R126007107,1259.50
8R126007109,1259.50
8R126007110,1259.50
8R126007111,1259.50
8R126007113,1259.50
8R126008006,1259.50
8R126008014,1259.50
8R126008054,1259.50
8R126008056,1259.50
8R126008066,1259.50
8R126008068,1259.50
8R126008101,1259.50
8R126008105,1259.50
8R126008107,1259.50
8R126008109,1259.50
8R126008110,1259.50
8R126008111,1259.50
8R126008113,1259.50
8R126009006,1259.50
8R126009014,1259.50
8R126009054,1259.50
8R126009056,1259.50
8R126009066,1259.50
8R126009068,1259.50
8R126009101,1259.50
8R126009105,1259.50
8R126009107,1259.50
8R126009109,1259.50
8R126009110,1259.50
8R126009111,1259.50
8R126009113,1259.50
8R126010006,1259.50
8R126010014,1259.50
8R126010054,1259.50
8R126010056,1259.50
8R126010066,1259.50
8R126010068,1259.50
8R126010101,1259.50
8R126010105,1259.50
8R126010107,1259.50
8R126010109,1259.50
8R126010110,1259.50
8R126010111,1259.50
8R126010113,1259.50
8R126011006,1259.50
8R126011014,1259.50
8R126011054,1259.50
8R126011056,1259.50
8R126011066,1259.50
8R126011068,1259.50
8R126011101,1259.50
8R126011105,1259.50
8R126011107,1259.50
8R126011109,1259.50
8R126011110,1259.50
8R126011111,1259.50
8R126011113,1259.50
8R126012006,1259.50
8R126012014,1259.50
8R126012054,1259.50
8R126012056,1259.50
8R126012066,1259.50
8R126012068,1259.50
8R126012101,1259.50
8R126012105,1259.50
8R126012107,1259.50
8R126012109,1259.50
8R126012110,1259.50
8R126012111,1259.50
8R126012113,1259.50
8R127006006,929.50
8R127006046,929.50
8R127006059,929.50
8R127006065,929.50
8R127006067,929.50
8R127006101,929.50
8R127006105,929.50
8R127006107,929.50
8R127006109,929.50
8R127006110,929.50
8R127006111,929.50
8R127007006,929.50
8R127007046,929.50
8R127007059,929.50
8R127007065,929.50
8R127007067,929.50
8R127007101,929.50
8R127007105,929.50
8R127007107,929.50
8R127007109,929.50
8R127007110,929.50
8R127007111,929.50
8R127008006,984.50
8R127008046,984.50
8R127008059,984.50
8R127008065,984.50
8R127008067,984.50
8R127008101,984.50
8R127008105,984.50
8R127008107,984.50
8R127008109,984.50
8R127008110,984.50
8R127008111,984.50
8R127009006,984.50
8R127009046,984.50
8R127009059,984.50
8R127009065,984.50
8R127009067,984.50
8R127009101,984.50
8R127009105,984.50
8R127009107,984.50
8R127009109,984.50
8R127009110,984.50
8R127009111,984.50
8R127010006,1534.50
8R127010046,1534.50
8R127010059,1534.50
8R127010065,1534.50
8R127010067,1534.50
8R127010101,1534.50
8R127010105,1534.50
8R127010107,1534.50
8R127010109,1534.50
8R127010110,1534.50
8R127010111,1534.50
8R127011006,1534.50
8R127011046,1534.50
8R127011059,1534.50
8R127011065,1534.50
8R127011067,1534.50
8R127011101,1534.50
8R127011105,1534.50
8R127011107,1534.50
8R127011109,1534.50
8R127011110,1534.50
8R127011111,1534.50
8R127012006,1589.50
8R127012046,1589.50
8R127012059,1589.50
8R127012065,1589.50
8R127012067,1589.50
8R127012101,1589.50
8R127012105,1589.50
8R127012107,1589.50
8R127012109,1589.50
8R127012110,1589.50
8R127012111,1589.50
8R127013006,1589.50
8R127013046,1589.50
8R127013059,1589.50
8R127013065,1589.50
8R127013067,1589.50
8R127013101,1589.50
8R127013105,1589.50
8R127013107,1589.50
8R127013109,1589.50
8R127013110,1589.50
8R127013111,1589.50
8R127014006,2359.50
8R127014046,2359.50
8R127014059,2359.50
8R127014065,2359.50
8R127014067,2359.50
8R127014101,2359.50
8R127014105,2359.50
8R127014107,2359.50
8R127014109,2359.50
8R127014110,2359.50
8R127014111,2359.50
8R127015006,2414.50
8R127015046,2414.50
8R127015059,2414.50
8R127015065,2414.50
8R127015067,2414.50
8R127015101,2414.50
8R127015105,2414.50
8R127015107,2414.50
8R127015109,2414.50
8R127015110,2414.50
8R127015111,2414.50
8R128001001,489.50
8R128001006,489.50
8R128001019,489.50
8R128001023,489.50
8R128001046,489.50
8R128001059,489.50
8R128001065,489.50
8R128001067,489.50
8R128002001,599.50
8R128002006,599.50
8R128002019,599.50
8R128002023,599.50
8R128002046,599.50
8R128002059,599.50
8R128002065,599.50
8R128002067,599.50
8R128003001,599.50
8R128003006,599.50
8R128003019,599.50
8R128003023,599.50
8R128003046,599.50
8R128003059,599.50
8R128003065,599.50
8R128003067,599.50
8R128005001,654.50
8R128005006,654.50
8R128005019,654.50
8R128005023,654.50
8R128005046,654.50
8R128005059,654.50
8R128005065,654.50
8R128005067,654.50
8R128006001,874.50
8R128006001-CH,929.50
8R128006001-SK,929.50
8R128006006,874.50
8R128006006-CH,929.50
8R128006006-SK,929.50
8R128006019,874.50
8R128006019-CH,929.50
8R128006019-SK,929.50
8R128006023,874.50
8R128006023-CH,929.50
8R128006023-SK,929.50
8R128006046,874.50
8R128006046-CH,929.50
8R128006046-SK,929.50
8R128006059,874.50
8R128006059-CH,929.50
8R128006059-SK,929.50
8R128006065,874.50
8R128006065-CH,929.50
8R128006065-SK,929.50
8R128006067,874.50
8R128006067-CH,929.50
8R128006067-SK,929.50
8R128007001,1094.50
8R128007006,1094.50
8R128007019,1094.50
8R128007023,1094.50
8R128007046,1094.50
8R128007059,1094.50
8R128007065,1094.50
8R128007067,1094.50
8R128008001,1644.50
8R128008006,1644.50
8R128008019,1644.50
8R128008023,1644.50
8R128008046,1644.50
8R128008059,1644.50
8R128008065,1644.50
8R128008067,1644.50
8R128009001,2084.50
8R128009006,2084.50
8R128009019,2084.50
8R128009023,2084.50
8R128009046,2084.50
8R128009059,2084.50
8R128009065,2084.50
8R128009067,2084.50
8R130001000,1204.50
8R130001008,1204.50
8R130001009,1204.50
8R130001046,1204.50
8R130001070,1864.50
8R130001072,1864.50
8R130003000,819.50
8R130003008,819.50
8R130003009,819.50
8R130003046,819.50
8R130003070,1369.50
8R130003072,1369.50
8R130005000,1204.50
8R130005008,1204.50
8R130005009,1204.50
8R130005046,1204.50
8R130005070,1864.50
8R130005072,1864.50
8R130007000,1039.50
8R130007008,1039.50
8R130007009,1039.50
8R130007046,1039.50
8R130007070,1644.50
8R130007072,1644.50
8R130009000,1094.50
8R130009008,1094.50
8R130009009,1094.50
8R130009046,1094.50
8R130009070,1534.50
8R130009072,1534.50
8R130011000,4284.50
8R130011008,4284.50
8R130011009,4284.50
8R130011046,4284.50
8R130011070,4724.50
8R130011072,4724.50
8R130013000,5164.50
8R130013008,5164.50
8R130013009,5164.50
8R130013046,5164.50
8R130013070,6044.50
8R130013072,6044.50
8R130015000,1754.50
8R130015008,1754.50
8R130015009,1754.50
8R130015046,1754.50
8R130015070,2304.50
8R130015072,2304.50
8R130017000,1534.50
8R130017008,1534.50
8R130017009,1534.50
8R130017046,1534.50
8R130017070,2084.50
8R130017072,2084.50
8R130102000,1864.50
8R130102008,1864.50
8R130102009,1864.50
8R130102046,1864.50
8R130102070,2524.50
8R130102072,2524.50
8R130104000,1204.50
8R130104008,1204.50
8R130104009,1204.50
8R130104046,1204.50
8R130104070,1644.50
8R130104072,1644.50
8R130106000,1919.50
8R130106008,1919.50
8R130106009,1919.50
8R130106046,1919.50
8R130106070,2579.50
8R130106072,2579.50
8R130108000,1754.50
8R130108008,1754.50
8R130108009,1754.50
8R130108046,1754.50
8R130108070,2359.50
8R130108072,2359.50
8R130110000,1809.50
8R130110008,1809.50
8R130110009,1809.50
8R130110046,1809.50
8R130110070,2469.50
8R130110072,2469.50
8R130112000,4834.50
8R130112008,4834.50
8R130112009,4834.50
8R130112046,4834.50
8R130112070,5494.50
8R130112072,5494.50
8R130114000,6429.50
8R130114008,6429.50
8R130114009,6429.50
8R130114046,6429.50
8R130114070,7584.50
8R130114072,7584.50
8R130116000,2469.50
8R130116008,2469.50
8R130116009,2469.50
8R130116046,2469.50
8R130116070,3074.50
8R130116072,3074.50
8R130118000,2249.50
8R130118008,2249.50
8R130118009,2249.50
8R130118046,2249.50
8R130118070,2854.50
8R130118072,2854.50
8R131001001,544.50
8R131001001-CH,544.50
8R131001001-UK,544.50
8R131001014,544.50
8R131001014-CH,544.50
8R131001014-UK,544.50
8R131001068,544.50
8R131001068-CH,544.50
8R131001068-UK,544.50
8R131001070,709.50
8R131001070-CH,709.50
8R131001070-UK,709.50
8R131001072,709.50
8R131001072-CH,709.50
8R131001072-UK,709.50
8R131001080,929.50
8R131001080-CH,929.50
8R131001080-UK,929.50
8R131001082,929.50
8R131001082-CH,929.50
8R131001082-UK,929.50
8R131001101,544.50
8R131001101-CH,544.50
8R131001101-UK,544.50
8R131001105,544.50
8R131001105-CH,544.50
8R131001105-UK,544.50
8R131001107,544.50
8R131001107-CH,544.50
8R131001107-UK,544.50
8R131001109,544.50
8R131001109-CH,544.50
8R131001109-UK,544.50
8R131001110,544.50
8R131001110-CH,544.50
8R131001110-UK,544.50
8R131001111,544.50
8R131001111-CH,544.50
8R131001111-UK,544.50
8R131002001,544.50
8R131002001-CH,544.50
8R131002001-UK,544.50
8R131002014,544.50
8R131002014-CH,544.50
8R131002014-UK,544.50
8R131002068,544.50
8R131002068-CH,544.50
8R131002068-UK,544.50
8R131002070,709.50
8R131002070-CH,709.50
8R131002070-UK,709.50
8R131002072,709.50
8R131002072-CH,709.50
8R131002072-UK,709.50
8R131002080,929.50
8R131002080-CH,929.50
8R131002080-UK,929.50
8R131002082,929.50
8R131002082-CH,929.50
8R131002082-UK,929.50
8R131002101,544.50
8R131002101-CH,544.50
8R131002101-UK,544.50
8R131002105,544.50
8R131002105-CH,544.50
8R131002105-UK,544.50
8R131002107,544.50
8R131002107-CH,544.50
8R131002107-UK,544.50
8R131002109,544.50
8R131002109-CH,544.50
8R131002109-UK,544.50
8R131002110,544.50
8R131002110-CH,544.50
8R131002110-UK,544.50
8R131002111,544.50
8R131002111-CH,544.50
8R131002111-UK,544.50
8R131003001,544.50
8R131003014,544.50
8R131003068,544.50
8R131003070,709.50
8R131003072,709.50
8R131003080,929.50
8R131003082,929.50
8R131003101,544.50
8R131003105,544.50
8R131003107,544.50
8R131003109,544.50
8R131003110,544.50
8R131003111,544.50
8R131004001,544.50
8R131004014,544.50
8R131004068,544.50
8R131004070,709.50
8R131004072,709.50
8R131004080,929.50
8R131004082,929.50
8R131004101,544.50
8R131004105,544.50
8R131004107,544.50
8R131004109,544.50
8R131004110,544.50
8R131004111,544.50
8R131005001,489.50
8R131005014,489.50
8R131005068,489.50
8R131005070,654.50
8R131005072,654.50
8R131005080,874.50
8R131005082,874.50
8R131005101,489.50
8R131005105,489.50
8R131005107,489.50
8R131005109,489.50
8R131005110,489.50
8R131005111,489.50
8R131006001,489.50
8R131006014,489.50
8R131006068,489.50
8R131006070,654.50
8R131006072,654.50
8R131006080,874.50
8R131006082,874.50
8R131006101,489.50
8R131006105,489.50
8R131006107,489.50
8R131006109,489.50
8R131006110,489.50
8R131006111,489.50
8R131007001,489.50
8R131007014,489.50
8R131007068,489.50
8R131007070,709.50
8R131007072,709.50
8R131007080,874.50
8R131007082,874.50
8R131007101,489.50
8R131007105,489.50
8R131007107,489.50
8R131007109,489.50
8R131007110,489.50
8R131007111,489.50
8R131008001,489.50
8R131008014,489.50
8R131008068,489.50
8R131008070,709.50
8R131008072,709.50
8R131008080,874.50
8R131008082,874.50
8R131008101,489.50
8R131008105,489.50
8R131008107,489.50
8R131008109,489.50
8R131008110,489.50
8R131008111,489.50
8R131009001,544.50
8R131009014,544.50
8R131009068,544.50
8R131009070,709.50
8R131009072,709.50
8R131009080,929.50
8R131009082,929.50
8R131009101,544.50
8R131009105,544.50
8R131009107,544.50
8R131009109,544.50
8R131009110,544.50
8R131009111,544.50
8R131010001,544.50
8R131010014,544.50
8R131010068,544.50
8R131010070,709.50
8R131010072,709.50
8R131010080,929.50
8R131010082,929.50
8R131010101,544.50
8R131010105,544.50
8R131010107,544.50
8R131010109,544.50
8R131010110,544.50
8R131010111,544.50
8R131011001,874.50
8R131011014,874.50
8R131011068,874.50
8R131011070,984.50
8R131011072,984.50
8R131011080,1314.50
8R131011082,1314.50
8R131011101,874.50
8R131011105,874.50
8R131011107,874.50
8R131011109,874.50
8R131011110,874.50
8R131011111,874.50
8R131012001,874.50
8R131012014,874.50
8R131012068,874.50
8R131012070,984.50
8R131012072,984.50
8R131012080,1314.50
8R131012082,1314.50
8R131012101,874.50
8R131012105,874.50
8R131012107,874.50
8R131012109,874.50
8R131012110,874.50
8R131012111,874.50
8R131013001,1259.50
8R131013014,1259.50
8R131013068,1259.50
8R131013070,1424.50
8R131013072,1424.50
8R131013080,1699.50
8R131013082,1699.50
8R131013101,1259.50
8R131013105,1259.50
8R131013107,1259.50
8R131013109,1259.50
8R131013110,1259.50
8R131013111,1259.50
8R131014001,1259.50
8R131014014,1259.50
8R131014068,1259.50
8R131014070,1424.50
8R131014072,1424.50
8R131014080,1699.50
8R131014082,1699.50
8R131014101,1259.50
8R131014105,1259.50
8R131014107,1259.50
8R131014109,1259.50
8R131014110,1259.50
8R131014111,1259.50
8R131015001,1644.50
8R131015014,1644.50
8R131015068,1644.50
8R131015070,1919.50
8R131015072,1919.50
8R131015080,2469.50
8R131015082,2469.50
8R131015101,1644.50
8R131015105,1644.50
8R131015107,1644.50
8R131015109,1644.50
8R131015110,1644.50
8R131015111,1644.50
8R131016001,1644.50
8R131016014,1644.50
8R131016068,1644.50
8R131016070,1919.50
8R131016072,1919.50
8R131016080,2469.50
8R131016082,2469.50
8R131016101,1644.50
8R131016105,1644.50
8R131016107,1644.50
8R131016109,1644.50
8R131016110,1644.50
8R131016111,1644.50
8R133001000,1369.50
8R133001009,1369.50
8R133001019,1369.50
8R133001066,1369.50
8R133001067,1369.50
8R133001080,2029.50
8R133001082,2029.50
8R133001105,1369.50
8R133003000,1369.50
8R133003009,1369.50
8R133003019,1369.50
8R133003066,1369.50
8R133003067,1369.50
8R133003080,2084.50
8R133003082,2084.50
8R133003105,1369.50
8R133005000,1369.50
8R133005009,1369.50
8R133005019,1369.50
8R133005066,1369.50
8R133005067,1369.50
8R133005080,2029.50
8R133005082,2029.50
8R133005105,1369.50
8R133007000,874.50
8R133007009,874.50
8R133007019,874.50
8R133007066,874.50
8R133007067,874.50
8R133007080,1369.50
8R133007082,1369.50
8R133007105,874.50
8R133009000,1369.50
8R133009009,1369.50
8R133009019,1369.50
8R133009066,1369.50
8R133009067,1369.50
8R133009080,1754.50
8R133009082,1754.50
8R133009105,1369.50
8R133011000,1369.50
8R133011009,1369.50
8R133011019,1369.50
8R133011066,1369.50
8R133011067,1369.50
8R133011080,1754.50
8R133011082,1754.50
8R133011105,1369.50
8R133013000,1699.50
8R133013009,1699.50
8R133013019,1699.50
8R133013066,1699.50
8R133013067,1699.50
8R133013080,2414.50
8R133013082,2414.50
8R133013105,1699.50
8R133015000,1864.50
8R133015009,1864.50
8R133015019,1864.50
8R133015066,1864.50
8R133015067,1864.50
8R133015080,2579.50
8R133015082,2579.50
8R133015105,1864.50
8R133017000,2469.50
8R133017009,2469.50
8R133017019,2469.50
8R133017066,2469.50
8R133017067,2469.50
8R133017080,3239.50
8R133017082,3239.50
8R133017105,2469.50
8R133019000,6869.50
8R133019009,6869.50
8R133019019,6869.50
8R133019066,6869.50
8R133019067,6869.50
8R133019080,8739.50
8R133019082,8739.50
8R133019105,6869.50
8R133021000,8409.50
8R133021009,8409.50
8R133021019,8409.50
8R133021066,8409.50
8R133021067,8409.50
8R133021080,10279.50
8R133021082,10279.50
8R133021105,8409.50
8R133102000,1919.50
8R133102009,1919.50
8R133102019,1919.50
8R133102066,1919.50
8R133102067,1919.50
8R133102080,2689.50
8R133102082,2689.50
8R133102105,1919.50
8R133104000,1919.50
8R133104009,1919.50
8R133104019,1919.50
8R133104066,1919.50
8R133104067,1919.50
8R133104080,2634.50
8R133104082,2634.50
8R133104105,1919.50
8R133106000,1919.50
8R133106009,1919.50
8R133106019,1919.50
8R133106066,1919.50
8R133106067,1919.50
8R133106080,2634.50
8R133106082,2634.50
8R133106105,1919.50
8R133108000,1149.50
8R133108009,1149.50
8R133108019,1149.50
8R133108066,1149.50
8R133108067,1149.50
8R133108080,1754.50
8R133108082,1754.50
8R133108105,1149.50
8R133110000,1919.50
8R133110009,1919.50
8R133110019,1919.50
8R133110066,1919.50
8R133110067,1919.50
8R133110080,2634.50
8R133110082,2634.50
8R133110105,1919.50
8R133112000,1919.50
8R133112009,1919.50
8R133112019,1919.50
8R133112066,1919.50
8R133112067,1919.50
8R133112080,2634.50
8R133112082,2634.50
8R133112105,1919.50
8R133114000,2249.50
8R133114009,2249.50
8R133114019,2249.50
8R133114066,2249.50
8R133114067,2249.50
8R133114080,2964.50
8R133114082,2964.50
8R133114105,2249.50
8R133116000,2414.50
8R133116009,2414.50
8R133116019,2414.50
8R133116066,2414.50
8R133116067,2414.50
8R133116080,3184.50
8R133116082,3184.50
8R133116105,2414.50
8R133118000,2964.50
8R133118009,2964.50
8R133118019,2964.50
8R133118066,2964.50
8R133118067,2964.50
8R133118080,3734.50
8R133118082,3734.50
8R133118105,2964.50
8R133120000,9014.50
8R133120009,9014.50
8R133120019,9014.50
8R133120066,9014.50
8R133120067,9014.50
8R133120080,11049.50
8R133120082,11049.50
8R133120105,9014.50
8R133122000,11269.50
8R133122009,11269.50
8R133122019,11269.50
8R133122066,11269.50
8R133122067,11269.50
8R133122080,13744.50
8R133122082,13744.50
8R133122105,11269.50
8R134001000,440.00
8R134001001,440.00
8R134001008,440.00
8R134001009,440.00
8R134001046,440.00
8R134001054,440.00
8R134001059,440.00
8R134001070,764.50
8R134001072,764.50
8R134001092,709.50
8R135001000,984.50
8R135001001,984.50
8R135001008,984.50
8R135001009,984.50
8R135001046,984.50
8R135001054,984.50
8R135001059,984.50
8R135001070,1534.50
8R135001092,1424.50
8R135002000,984.50
8R135002001,984.50
8R135002008,984.50
8R135002009,984.50
8R135002046,984.50
8R135002054,984.50
8R135002059,984.50
8R135002070,1534.50
8R135002092,1424.50
8R136001000,440.00
8R136001001,440.00
8R136001008,440.00
8R136001009,440.00
8R136001046,440.00
8R136001059,440.00
8R136002000,440.00
8R136002001,440.00
8R136002008,440.00
8R136002009,440.00
8R136002046,440.00
8R136002059,440.00
8R136003000,440.00
8R136003001,440.00
8R136003008,440.00
8R136003009,440.00
8R136003046,440.00
8R136003054,440.00
8R136003059,440.00
8R136004000,440.00
8R136004001,440.00
8R136004008,440.00
8R136004009,440.00
8R136004046,440.00
8R136004054,440.00
8R136004059,440.00
8R137002000,984.50
8R137002001,984.50
8R137002014,984.50
8R137002054,984.50
8R137002065,984.50
8R137002068,984.50
8R137002105,984.50
8R137002107,984.50
8R137002110,984.50
8R137002111,984.50
8R137002113,984.50
8R139001001,489.50
8R139001008,489.50
8R139001019,489.50
8R139001046,489.50
8R139001059,489.50
8R139001065,489.50
8R139001066,489.50
8R139001067,489.50
8R139001107,489.50
8R139002001,709.50
8R139002008,709.50
8R139002019,709.50
8R139002046,709.50
8R139002059,709.50
8R139002065,709.50
8R139002066,709.50
8R139002067,709.50
8R139002107,709.50
8R139003001,489.50
8R139003008,489.50
8R139003019,489.50
8R139003046,489.50
8R139003059,489.50
8R139003065,489.50
8R139003066,489.50
8R139003067,489.50
8R139003107,489.50
8R139004001,709.50
8R139004008,709.50
8R139004019,709.50
8R139004046,709.50
8R139004059,709.50
8R139004065,709.50
8R139004066,709.50
8R139004067,709.50
8R139004107,709.50
8R139005001,489.50
8R139005008,489.50
8R139005019,489.50
8R139005046,489.50
8R139005059,489.50
8R139005065,489.50
8R139005066,489.50
8R139005067,489.50
8R139005107,489.50
8R139006001,709.50
8R139006008,709.50
8R139006019,709.50
8R139006046,709.50
8R139006059,709.50
8R139006065,709.50
8R139006066,709.50
8R139006067,709.50
8R139006107,709.50
8R139007001,489.50
8R139007008,489.50
8R139007019,489.50
8R139007046,489.50
8R139007059,489.50
8R139007065,489.50
8R139007066,489.50
8R139007067,489.50
8R139007107,489.50
8R139008001,709.50
8R139008008,709.50
8R139008019,709.50
8R139008046,709.50
8R139008059,709.50
8R139008065,709.50
8R139008066,709.50
8R139008067,709.50
8R139008107,709.50
8R139009001,418.00
8R139009008,418.00
8R139009019,418.00
8R139009046,418.00
8R139009059,418.00
8R139009065,418.00
8R139009066,418.00
8R139009067,418.00
8R139009107,418.00
8R139010001,654.50
8R139010008,654.50
8R139010019,654.50
8R139010046,654.50
8R139010059,654.50
8R139010065,654.50
8R139010066,654.50
8R139010067,654.50
8R139010107,654.50
8R139011001,418.00
8R139011008,418.00
8R139011019,418.00
8R139011046,418.00
8R139011059,418.00
8R139011065,418.00
8R139011066,418.00
8R139011067,418.00
8R139011107,418.00
8R139012001,654.50
8R139012008,654.50
8R139012019,654.50
8R139012046,654.50
8R139012059,654.50
8R139012065,654.50
8R139012066,654.50
8R139012067,654.50
8R139012107,654.50
8R139013001,1809.50
8R139013008,1809.50
8R139013019,1809.50
8R139013046,1809.50
8R139013059,1809.50
8R139013065,1809.50
8R139013066,1809.50
8R139013067,1809.50
8R139013107,1809.50
8R139014001,2304.50
8R139014008,2304.50
8R139014019,2304.50
8R139014046,2304.50
8R139014059,2304.50
8R139014065,2304.50
8R139014066,2304.50
8R139014067,2304.50
8R139014107,2304.50
8R139015001,1809.50
8R139015008,1809.50
8R139015019,1809.50
8R139015046,1809.50
8R139015059,1809.50
8R139015065,1809.50
8R139015066,1809.50
8R139015067,1809.50
8R139015107,1809.50
8R139016001,2304.50
8R139016008,2304.50
8R139016019,2304.50
8R139016046,2304.50
8R139016059,2304.50
8R139016065,2304.50
8R139016066,2304.50
8R139016067,2304.50
8R139016107,2304.50
8R139017001,709.50
8R139017008,709.50
8R139017019,709.50
8R139017046,709.50
8R139017059,709.50
8R139017065,709.50
8R139017066,709.50
8R139017067,709.50
8R139017107,709.50
8R139018001,709.50
8R139018008,709.50
8R139018019,709.50
8R139018046,709.50
8R139018059,709.50
8R139018065,709.50
8R139018066,709.50
8R139018067,709.50
8R139018107,709.50
8R139019001,709.50
8R139019008,709.50
8R139019019,709.50
8R139019046,709.50
8R139019059,709.50
8R139019065,709.50
8R139019066,709.50
8R139019067,709.50
8R139019107,709.50
8R139020001,709.50
8R139020008,709.50
8R139020019,709.50
8R139020046,709.50
8R139020059,709.50
8R139020065,709.50
8R139020066,709.50
8R139020067,709.50
8R139020107,709.50
8R139021001,654.50
8R139021008,654.50
8R139021019,654.50
8R139021046,654.50
8R139021059,654.50
8R139021065,654.50
8R139021066,654.50
8R139021067,654.50
8R139021107,654.50
8R139022001,654.50
8R139022008,654.50
8R139022019,654.50
8R139022046,654.50
8R139022059,654.50
8R139022065,654.50
8R139022066,654.50
8R139022067,654.50
8R139022107,654.50
8R139023001,2304.50
8R139023008,2304.50
8R139023019,2304.50
8R139023046,2304.50
8R139023059,2304.50
8R139023065,2304.50
8R139023066,2304.50
8R139023067,2304.50
8R139023107,2304.50
8R139024001,2304.50
8R139024008,2304.50
8R139024019,2304.50
8R139024046,2304.50
8R139024059,2304.50
8R139024065,2304.50
8R139024066,2304.50
8R139024067,2304.50
8R139024107,2304.50
8R141001000,390.50
8R141001001,390.50
8R141001019,390.50
8R141001023,390.50
8R141001059,390.50
8R141001065,390.50
8R141001066,390.50
8R141001067,390.50
8R141001111,390.50
8R141002000,390.50
8R141002001,390.50
8R141002019,390.50
8R141002023,390.50
8R141002059,390.50
8R141002065,390.50
8R141002066,390.50
8R141002067,390.50
8R141002111,390.50
8R141003000,374.00
8R141003001,374.00
8R141003019,374.00
8R141003023,374.00
8R141003059,374.00
8R141003065,374.00
8R141003066,374.00
8R141003067,374.00
8R141003111,374.00
8R141004000,374.00
8R141004001,374.00
8R141004019,374.00
8R141004023,374.00
8R141004059,374.00
8R141004065,374.00
8R141004066,374.00
8R141004067,374.00
8R141004111,374.00
8R141005000,330.00
8R141005001,330.00
8R141005019,330.00
8R141005023,330.00
8R141005059,330.00
8R141005065,330.00
8R141005066,330.00
8R141005067,330.00
8R141005111,330.00
8R141006000,330.00
8R141006001,330.00
8R141006019,330.00
8R141006023,330.00
8R141006059,330.00
8R141006065,330.00
8R141006066,330.00
8R141006067,330.00
8R141006111,330.00
8R141007000,390.50
8R141007001,390.50
8R141007019,390.50
8R141007023,390.50
8R141007059,390.50
8R141007065,390.50
8R141007066,390.50
8R141007067,390.50
8R141007111,390.50
8R141008000,390.50
8R141008001,390.50
8R141008019,390.50
8R141008023,390.50
8R141008059,390.50
8R141008065,390.50
8R141008066,390.50
8R141008067,390.50
8R141008111,390.50
8R141009000,429.00
8R141009001,429.00
8R141009019,429.00
8R141009023,429.00
8R141009059,429.00
8R141009065,429.00
8R141009066,429.00
8R141009067,429.00
8R141009111,429.00
8R141010000,599.50
8R141010000-CH,654.50
8R141010000-SK,654.50
8R141010001,599.50
8R141010001-CH,654.50
8R141010001-SK,654.50
8R141010019,599.50
8R141010019-CH,654.50
8R141010019-SK,654.50
8R141010023,599.50
8R141010023-CH,654.50
8R141010023-SK,654.50
8R141010059,599.50
8R141010059-CH,654.50
8R141010059-SK,654.50
8R141010065,599.50
8R141010065-CH,654.50
8R141010065-SK,654.50
8R141010066,599.50
8R141010066-CH,654.50
8R141010066-SK,654.50
8R141010067,599.50
8R141010067-CH,654.50
8R141010067-SK,654.50
8R141010111,599.50
8R141010111-CH,654.50
8R141010111-SK,654.50
8R141011000,429.00
8R141011001,429.00
8R141011019,429.00
8R141011023,429.00
8R141011059,429.00
8R141011065,429.00
8R141011066,429.00
8R141011067,429.00
8R141011111,429.00
8R141012000,599.50
8R141012000-CH,654.50
8R141012000-SK,654.50
8R141012001,599.50
8R141012001-CH,654.50
8R141012001-SK,654.50
8R141012019,599.50
8R141012019-CH,654.50
8R141012019-SK,654.50
8R141012023,599.50
8R141012023-CH,654.50
8R141012023-SK,654.50
8R141012059,599.50
8R141012059-CH,654.50
8R141012059-SK,654.50
8R141012065,599.50
8R141012065-CH,654.50
8R141012065-SK,654.50
8R141012066,599.50
8R141012066-CH,654.50
8R141012066-SK,654.50
8R141012067,599.50
8R141012067-CH,654.50
8R141012067-SK,654.50
8R141012111,599.50
8R141012111-CH,654.50
8R141012111-SK,654.50
8R141013000,1424.50
8R141013001,1424.50
8R141013019,1424.50
8R141013023,1424.50
8R141013059,1424.50
8R141013065,1424.50
8R141013066,1424.50
8R141013067,1424.50
8R141013111,1424.50
8R141014000,1424.50
8R141014001,1424.50
8R141014019,1424.50
8R141014023,1424.50
8R141014059,1424.50
8R141014065,1424.50
8R141014066,1424.50
8R141014067,1424.50
8R141014111,1424.50
8R141015000,1644.50
8R141015001,1644.50
8R141015019,1644.50
8R141015023,1644.50
8R141015059,1644.50
8R141015065,1644.50
8R141015066,1644.50
8R141015067,1644.50
8R141015111,1644.50
8R141016000,1644.50
8R141016001,1644.50
8R141016019,1644.50
8R141016023,1644.50
8R141016059,1644.50
8R141016065,1644.50
8R141016066,1644.50
8R141016067,1644.50
8R141016111,1644.50
8R142201046,764.50
8R142201105,764.50
8R142201107,764.50
8R142201110,764.50
8R142202046,654.50
8R142202105,654.50
8R142202107,654.50
8R142202110,654.50
8R142203046,709.50
8R142203105,709.50
8R142203107,709.50
8R142203110,709.50
8R142204046,1094.50
8R142204105,1094.50
8R142204107,1094.50
8R142204110,1094.50
8R144202014,1754.50
8R144202046,1754.50
8R144202105,1754.50
8R144202107,1754.50
8R144202110,1754.50
8R144203014,1754.50
8R144203046,1754.50
8R144203105,1754.50
8R144203107,1754.50
8R144203110,1754.50
8R144205014,1534.50
8R144205046,1534.50
8R144205105,1534.50
8R144205107,1534.50
8R144205110,1534.50
8R144206014,1534.50
8R144206046,1534.50
8R144206105,1534.50
8R144206107,1534.50
8R144206110,1534.50
8R144208014,1369.50
8R144208046,1369.50
8R144208105,1369.50
8R144208107,1369.50
8R144208110,1369.50
8R144209014,1369.50
8R144209046,1369.50
8R144209105,1369.50
8R144209107,1369.50
8R144209110,1369.50
8R144211014,2139.50
8R144211046,2139.50
8R144211105,2139.50
8R144211107,2139.50
8R144211110,2139.50
8R144212014,2139.50
8R144212046,2139.50
8R144212105,2139.50
8R144212107,2139.50
8R144212110,2139.50
8R144214014,5879.50
8R144214046,5879.50
8R144214105,5879.50
8R144214107,5879.50
8R144214110,5879.50
8R144215014,5879.50
8R144215046,5879.50
8R144215105,5879.50
8R144215107,5879.50
8R144215110,5879.50
8R144217014,5384.50
8R144217046,5384.50
8R144217105,5384.50
8R144217107,5384.50
8R144217110,5384.50
8R144218014,5384.50
8R144218046,5384.50
8R144218105,5384.50
8R144218107,5384.50
8R144218110,5384.50
8R147001000,132.00
8R147001001,132.00
8R147001006,132.00
8R147001008,132.00
8R147001009,132.00
8R147001019,132.00
8R147001023,132.00
8R147001046,132.00
8R147001053,132.00
8R147001054,132.00
8R147001059,132.00
8R147001065,132.00
8R147001066,132.00
8R147001105,132.00
8R147001109,132.00
8R147001134,132.00
8R147002000,93.50
8R147002001,93.50
8R147002006,93.50
8R147002008,93.50
8R147002009,93.50
8R147002019,93.50
8R147002023,93.50
8R147002046,93.50
8R147002053,93.50
8R147002054,93.50
8R147002065,93.50
8R147002066,93.50
8R147003000,181.50
8R147003001,181.50
8R147003006,181.50
8R147003008,181.50
8R147003009,181.50
8R147003019,181.50
8R147003023,181.50
8R147003046,181.50
8R147003053,181.50
8R147003054,181.50
8R147003065,181.50
8R147003066,181.50
8R147003109,181.50
8R147003134,181.50
8R147004000,121.00
8R147004001,121.00
8R147004006,121.00
8R147004008,121.00
8R147004009,121.00
8R147004019,121.00
8R147004023,121.00
8R147004046,121.00
8R147004053,121.00
8R147004054,121.00
8R147004059,121.00
8R147004065,121.00
8R147004066,121.00
8R147004105,121.00
8R147005000,121.00
8R147005001,121.00
8R147005006,121.00
8R147005008,121.00
8R147005009,121.00
8R147005019,121.00
8R147005023,121.00
8R147005046,121.00
8R147005053,121.00
8R147005054,121.00
8R147005065,121.00
8R147005066,121.00
8R147006000,170.50
8R147006001,170.50
8R147006006,170.50
8R147006008,170.50
8R147006009,170.50
8R147006019,170.50
8R147006023,170.50
8R147006046,170.50
8R147006053,170.50
8R147006054,170.50
8R147006065,170.50
8R147006066,170.50
8R147006111,170.50
8R147006134,170.50
8R147108998,170.50
8R147109998,170.50
8R147110998,170.50
8R147111998,280.50
8R148001000,709.50
8R148001001,709.50
8R148001008,709.50
8R148001009,709.50
8R148001046,709.50
8R148001070,929.50
8R148001072,929.50
8R148002000,764.50
8R148002001,764.50
8R148002008,764.50
8R148002009,764.50
8R148002046,764.50
8R148002070,984.50
8R148002072,984.50
8R148003000,489.50
8R148003001,489.50
8R148003008,489.50
8R148003009,489.50
8R148003046,489.50
8R148003070,709.50
8R148003072,709.50
8R148004000,654.50
8R148004001,654.50
8R148004008,654.50
8R148004009,654.50
8R148004046,654.50
8R148004070,984.50
8R148004072,984.50
8R148005000,654.50
8R148005001,654.50
8R148005008,654.50
8R148005009,654.50
8R148005046,654.50
8R148005070,984.50
8R148005072,984.50
8R148006000,599.50
8R148006001,599.50
8R148006008,599.50
8R148006009,599.50
8R148006046,599.50
8R148006070,819.50
8R148006072,819.50
8R148007000,764.50
8R148007001,764.50
8R148007008,764.50
8R148007009,764.50
8R148007046,764.50
8R148007070,1149.50
8R148007072,1149.50
8R148008000,1259.50
8R148008001,1259.50
8R148008008,1259.50
8R148008009,1259.50
8R148008046,1259.50
8R148008070,1534.50
8R148008072,1534.50
8R148009000,2249.50
8R148009001,2249.50
8R148009008,2249.50
8R148009009,2249.50
8R148009046,2249.50
8R148009070,2524.50
8R148009072,2524.50
8R148010000,5824.50
8R148010001,5824.50
8R148010008,5824.50
8R148010009,5824.50
8R148010046,5824.50
8R148010070,6429.50
8R148010072,6429.50
8R149001000,929.50
8R149001001,929.50
8R149001008,929.50
8R149001009,929.50
8R149001046,929.50
8R149001070,1534.50
8R149001072,1534.50
8R149002000,764.50
8R149002001,764.50
8R149002008,764.50
8R149002009,764.50
8R149002046,764.50
8R149002070,1094.50
8R149002072,1094.50
8R149003000,1149.50
8R149003001,1149.50
8R149003008,1149.50
8R149003009,1149.50
8R149003046,1149.50
8R149003070,1699.50
8R149003072,1699.50
8R149004000,929.50
8R149004001,929.50
8R149004008,929.50
8R149004009,929.50
8R149004046,929.50
8R149004070,1534.50
8R149004072,1534.50
8R149005000,1039.50
8R149005001,1039.50
8R149005008,1039.50
8R149005009,1039.50
8R149005046,1039.50
8R149005070,1534.50
8R149005072,1534.50
8R149006000,1919.50
8R149006001,1919.50
8R149006008,1919.50
8R149006009,1919.50
8R149006046,1919.50
8R149006070,2469.50
8R149006072,2469.50
8R149007000,4944.50
8R149007001,4944.50
8R149007008,4944.50
8R149007009,4944.50
8R149007046,4944.50
8R149007070,5769.50
8R149007072,5769.50
8R149008000,3899.50
8R149008001,3899.50
8R149008008,3899.50
8R149008009,3899.50
8R149008046,3899.50
8R149008070,4284.50
8R149008072,4284.50
8R149009000,1534.50
8R149009001,1534.50
8R149009008,1534.50
8R149009009,1534.50
8R149009046,1534.50
8R149009070,1919.50
8R149009072,1919.50
8R149010000,4394.50
8R149010001,4394.50
8R149010008,4394.50
8R149010009,4394.50
8R149010046,4394.50
8R149010070,5054.50
8R149010072,5054.50
8R150001000,709.50
8R150001001,709.50
8R150001008,709.50
8R150001009,709.50
8R150001019,709.50
8R150001046,709.50
8R150001054,709.50
8R150001059,709.50
8R150001067,709.50
8R150002000,709.50
8R150002001,709.50
8R150002008,709.50
8R150002009,709.50
8R150002019,709.50
8R150002046,709.50
8R150002054,709.50
8R150002059,709.50
8R150002067,709.50
8R150003000,423.50
8R150003001,423.50
8R150003008,423.50
8R150003009,423.50
8R150003019,423.50
8R150003046,423.50
8R150003054,423.50
8R150003059,423.50
8R150003067,423.50
8R150004000,819.50
8R150004001,819.50
8R150004008,819.50
8R150004009,819.50
8R150004019,819.50
8R150004046,819.50
8R150004054,819.50
8R150004059,819.50
8R150004067,819.50
8R150005000,544.50
8R150005001,544.50
8R150005008,544.50
8R150005009,544.50
8R150005019,544.50
8R150005046,544.50
8R150005054,544.50
8R150005059,544.50
8R150005067,544.50
8R150006000,423.50
8R150006001,423.50
8R150006008,423.50
8R150006009,423.50
8R150006019,423.50
8R150006046,423.50
8R150006054,423.50
8R150006059,423.50
8R150006067,423.50
8R150007000,819.50
8R150007001,819.50
8R150007008,819.50
8R150007009,819.50
8R150007019,819.50
8R150007046,819.50
8R150007054,819.50
8R150007059,819.50
8R150007067,819.50
8R150008000,544.50
8R150008001,544.50
8R150008008,544.50
8R150008009,544.50
8R150008019,544.50
8R150008046,544.50
8R150008054,544.50
8R150008059,544.50
8R150008067,544.50
8R150009000,709.50
8R150009001,709.50
8R150009008,709.50
8R150009009,709.50
8R150009019,709.50
8R150009046,709.50
8R150009054,709.50
8R150009059,709.50
8R150009067,709.50
8R150010000,709.50
8R150010001,709.50
8R150010008,709.50
8R150010009,709.50
8R150010019,709.50
8R150010046,709.50
8R150010054,709.50
8R150010059,709.50
8R150010067,709.50
8R150011000,709.50
8R150011001,709.50
8R150011008,709.50
8R150011009,709.50
8R150011019,709.50
8R150011046,709.50
8R150011054,709.50
8R150011059,709.50
8R150011067,709.50
8R150012000,1094.50
8R150012001,1094.50
8R150012008,1094.50
8R150012009,1094.50
8R150012019,1094.50
8R150012046,1094.50
8R150012054,1094.50
8R150012059,1094.50
8R150012067,1094.50
8R150013000,709.50
8R150013001,709.50
8R150013008,709.50
8R150013009,709.50
8R150013019,709.50
8R150013046,709.50
8R150013054,709.50
8R150013059,709.50
8R150013067,709.50
8R150014000,1094.50
8R150014001,1094.50
8R150014008,1094.50
8R150014009,1094.50
8R150014019,1094.50
8R150014046,1094.50
8R150014054,1094.50
8R150014059,1094.50
8R150014067,1094.50
8R150015000,709.50
8R150015001,709.50
8R150015008,709.50
8R150015009,709.50
8R150015019,709.50
8R150015046,709.50
8R150015054,709.50
8R150015059,709.50
8R150015067,709.50
8R150016000,1094.50
8R150016001,1094.50
8R150016008,1094.50
8R150016009,1094.50
8R150016019,1094.50
8R150016046,1094.50
8R150016054,1094.50
8R150016059,1094.50
8R150016067,1094.50
8R150017000,709.50
8R150017001,709.50
8R150017008,709.50
8R150017009,709.50
8R150017019,709.50
8R150017046,709.50
8R150017054,709.50
8R150017059,709.50
8R150017067,709.50
8R150018000,1094.50
8R150018001,1094.50
8R150018008,1094.50
8R150018009,1094.50
8R150018019,1094.50
8R150018046,1094.50
8R150018054,1094.50
8R150018059,1094.50
8R150018067,1094.50
8R150019000,599.50
8R150019001,599.50
8R150019008,599.50
8R150019009,599.50
8R150019019,599.50
8R150019046,599.50
8R150019054,599.50
8R150019059,599.50
8R150019067,599.50
8R150020000,599.50
8R150020001,599.50
8R150020008,599.50
8R150020009,599.50
8R150020019,599.50
8R150020046,599.50
8R150020054,599.50
8R150020059,599.50
8R150020067,599.50
8R150021000,709.50
8R150021001,709.50
8R150021008,709.50
8R150021009,709.50
8R150021019,709.50
8R150021046,709.50
8R150021054,709.50
8R150021059,709.50
8R150021067,709.50
8R150022000,709.50
8R150022001,709.50
8R150022008,709.50
8R150022009,709.50
8R150022019,709.50
8R150022046,709.50
8R150022054,709.50
8R150022059,709.50
8R150022067,709.50
8R150023000,819.50
8R150023001,819.50
8R150023008,819.50
8R150023009,819.50
8R150023019,819.50
8R150023046,819.50
8R150023054,819.50
8R150023059,819.50
8R150023067,819.50
8R150024000,1259.50
8R150024001,1259.50
8R150024008,1259.50
8R150024009,1259.50
8R150024019,1259.50
8R150024046,1259.50
8R150024054,1259.50
8R150024059,1259.50
8R150024067,1259.50
8R150025000,819.50
8R150025001,819.50
8R150025008,819.50
8R150025009,819.50
8R150025019,819.50
8R150025046,819.50
8R150025054,819.50
8R150025059,819.50
8R150025067,819.50
8R150026000,1259.50
8R150026001,1259.50
8R150026008,1259.50
8R150026009,1259.50
8R150026019,1259.50
8R150026046,1259.50
8R150026054,1259.50
8R150026059,1259.50
8R150026067,1259.50
8R150027000,764.50
8R150027001,764.50
8R150027008,764.50
8R150027009,764.50
8R150027019,764.50
8R150027046,764.50
8R150027054,764.50
8R150027059,764.50
8R150027067,764.50
8R150028000,764.50
8R150028001,764.50
8R150028008,764.50
8R150028009,764.50
8R150028019,764.50
8R150028046,764.50
8R150028054,764.50
8R150028059,764.50
8R150028067,764.50
8R150029000,1369.50
8R150029001,1369.50
8R150029008,1369.50
8R150029009,1369.50
8R150029019,1369.50
8R150029046,1369.50
8R150029054,1369.50
8R150029059,1369.50
8R150029067,1369.50
8R150030000,1369.50
8R150030001,1369.50
8R150030008,1369.50
8R150030009,1369.50
8R150030019,1369.50
8R150030046,1369.50
8R150030054,1369.50
8R150030059,1369.50
8R150030067,1369.50
8R150031000,1259.50
8R150031001,1259.50
8R150031008,1259.50
8R150031009,1259.50
8R150031019,1259.50
8R150031046,1259.50
8R150031054,1259.50
8R150031059,1259.50
8R150031067,1259.50
8R150032000,1259.50
8R150032001,1259.50
8R150032008,1259.50
8R150032009,1259.50
8R150032019,1259.50
8R150032046,1259.50
8R150032054,1259.50
8R150032059,1259.50
8R150032067,1259.50
8R150033000,2249.50
8R150033001,2249.50
8R150033008,2249.50
8R150033009,2249.50
8R150033019,2249.50
8R150033046,2249.50
8R150033054,2249.50
8R150033059,2249.50
8R150033067,2249.50
8R150034000,2249.50
8R150034001,2249.50
8R150034008,2249.50
8R150034009,2249.50
8R150034019,2249.50
8R150034046,2249.50
8R150034054,2249.50
8R150034059,2249.50
8R150034067,2249.50
8R151001000,709.50
8R151001001,709.50
8R151001008,709.50
8R151001009,709.50
8R151001019,709.50
8R151001046,709.50
8R151001054,709.50
8R151001059,709.50
8R151001067,709.50
8R151001070,929.50
8R151001072,929.50
8R151002000,709.50
8R151002001,709.50
8R151002008,709.50
8R151002009,709.50
8R151002019,709.50
8R151002046,709.50
8R151002054,709.50
8R151002059,709.50
8R151002067,709.50
8R151002070,929.50
8R151002072,929.50
8R151003000,423.50
8R151003001,423.50
8R151003008,423.50
8R151003009,423.50
8R151003019,423.50
8R151003046,423.50
8R151003054,423.50
8R151003059,423.50
8R151003067,423.50
8R151003070,544.50
8R151003072,544.50
8R151004000,423.50
8R151004001,423.50
8R151004008,423.50
8R151004009,423.50
8R151004019,423.50
8R151004046,423.50
8R151004054,423.50
8R151004059,423.50
8R151004067,423.50
8R151004070,544.50
8R151004072,544.50
8R151005000,709.50
8R151005001,709.50
8R151005008,709.50
8R151005009,709.50
8R151005019,709.50
8R151005046,709.50
8R151005054,709.50
8R151005059,709.50
8R151005067,709.50
8R151005070,929.50
8R151005072,929.50
8R151006000,709.50
8R151006001,709.50
8R151006008,709.50
8R151006009,709.50
8R151006019,709.50
8R151006046,709.50
8R151006054,709.50
8R151006059,709.50
8R151006067,709.50
8R151006070,929.50
8R151006072,929.50
8R151007000,709.50
8R151007001,709.50
8R151007008,709.50
8R151007009,709.50
8R151007019,709.50
8R151007046,709.50
8R151007054,709.50
8R151007059,709.50
8R151007067,709.50
8R151007070,929.50
8R151007072,929.50
8R151008000,709.50
8R151008001,709.50
8R151008008,709.50
8R151008009,709.50
8R151008019,709.50
8R151008046,709.50
8R151008054,709.50
8R151008059,709.50
8R151008067,709.50
8R151008070,929.50
8R151008072,929.50
8R151009000,709.50
8R151009001,709.50
8R151009008,709.50
8R151009009,709.50
8R151009019,709.50
8R151009046,709.50
8R151009054,709.50
8R151009059,709.50
8R151009067,709.50
8R151009070,929.50
8R151009072,929.50
8R151010000,709.50
8R151010001,709.50
8R151010008,709.50
8R151010009,709.50
8R151010019,709.50
8R151010046,709.50
8R151010054,709.50
8R151010059,709.50
8R151010067,709.50
8R151010070,929.50
8R151010072,929.50
8R151011000,599.50
8R151011001,599.50
8R151011008,599.50
8R151011009,599.50
8R151011019,599.50
8R151011046,599.50
8R151011054,599.50
8R151011059,599.50
8R151011067,599.50
8R151011070,819.50
8R151011072,819.50
8R151012000,599.50
8R151012001,599.50
8R151012008,599.50
8R151012009,599.50
8R151012019,599.50
8R151012046,599.50
8R151012054,599.50
8R151012059,599.50
8R151012067,599.50
8R151012070,819.50
8R151012072,819.50
8R151013000,709.50
8R151013001,709.50
8R151013008,709.50
8R151013009,709.50
8R151013019,709.50
8R151013046,709.50
8R151013054,709.50
8R151013059,709.50
8R151013067,709.50
8R151013070,929.50
8R151013072,929.50
8R151014000,709.50
8R151014001,709.50
8R151014008,709.50
8R151014009,709.50
8R151014019,709.50
8R151014046,709.50
8R151014054,709.50
8R151014059,709.50
8R151014067,709.50
8R151014070,929.50
8R151014072,929.50
8R151015000,764.50
8R151015001,764.50
8R151015008,764.50
8R151015009,764.50
8R151015019,764.50
8R151015046,764.50
8R151015054,764.50
8R151015059,764.50
8R151015067,764.50
8R151015070,984.50
8R151015072,984.50
8R151016000,764.50
8R151016001,764.50
8R151016008,764.50
8R151016009,764.50
8R151016019,764.50
8R151016046,764.50
8R151016054,764.50
8R151016059,764.50
8R151016067,764.50
8R151016070,984.50
8R151016072,984.50
8R151017000,1424.50
8R151017001,1424.50
8R151017008,1424.50
8R151017009,1424.50
8R151017019,1424.50
8R151017046,1424.50
8R151017054,1424.50
8R151017059,1424.50
8R151017067,1424.50
8R151017070,1644.50
8R151017072,1644.50
8R151018000,1424.50
8R151018001,1424.50
8R151018008,1424.50
8R151018009,1424.50
8R151018019,1424.50
8R151018046,1424.50
8R151018054,1424.50
8R151018059,1424.50
8R151018067,1424.50
8R151018070,1644.50
8R151018072,1644.50
8R151019000,1259.50
8R151019001,1259.50
8R151019008,1259.50
8R151019009,1259.50
8R151019019,1259.50
8R151019046,1259.50
8R151019054,1259.50
8R151019059,1259.50
8R151019067,1259.50
8R151019070,1534.50
8R151019072,1534.50
8R151020000,1259.50
8R151020001,1259.50
8R151020008,1259.50
8R151020009,1259.50
8R151020019,1259.50
8R151020046,1259.50
8R151020054,1259.50
8R151020059,1259.50
8R151020067,1259.50
8R151020070,1534.50
8R151020072,1534.50
8R151021000,2304.50
8R151021001,2304.50
8R151021008,2304.50
8R151021009,2304.50
8R151021019,2304.50
8R151021046,2304.50
8R151021054,2304.50
8R151021059,2304.50
8R151021067,2304.50
8R151021070,2689.50
8R151021072,2689.50
8R151022000,2304.50
8R151022001,2304.50
8R151022008,2304.50
8R151022009,2304.50
8R151022019,2304.50
8R151022046,2304.50
8R151022054,2304.50
8R151022059,2304.50
8R151022067,2304.50
8R151022070,2689.50
8R151022072,2689.50
8R152001000,489.50
8R152001001,489.50
8R152001019,489.50
8R152001053,489.50
8R152001059,489.50
8R152001065,489.50
8R152001067,489.50
8R152001109,489.50
8R152002000,440.00
8R152002001,440.00
8R152002019,440.00
8R152002053,440.00
8R152002059,440.00
8R152002065,440.00
8R152002067,440.00
8R152002109,440.00
8R152003000,489.50
8R152003001,489.50
8R152003019,489.50
8R152003053,489.50
8R152003059,489.50
8R152003065,489.50
8R152003067,489.50
8R152003109,489.50
8R152004000,1424.50
8R152004001,1424.50
8R152004019,1424.50
8R152004053,1424.50
8R152004059,1424.50
8R152004065,1424.50
8R152004067,1424.50
8R152004109,1424.50
8R153001006,357.50
8R153001014,357.50
8R153001018,489.50
8R153001046,357.50
8R153001056,357.50
8R153001059,357.50
8R153001066,357.50
8R153001068,357.50
8R153001082,709.50
8R153001105,357.50
8R153001109,357.50
8R153001113,357.50
8R153001133,357.50
8R153002006,357.50
8R153002014,357.50
8R153002018,489.50
8R153002046,357.50
8R153002056,357.50
8R153002059,357.50
8R153002066,357.50
8R153002068,357.50
8R153002082,709.50
8R153002105,357.50
8R153002109,357.50
8R153002113,357.50
8R153002133,357.50
8R153003006,544.50
8R153003014,544.50
8R153003018,874.50
8R153003046,544.50
8R153003056,544.50
8R153003059,544.50
8R153003066,544.50
8R153003068,544.50
8R153003082,929.50
8R153003105,544.50
8R153003109,544.50
8R153003113,544.50
8R153003133,544.50
8R153004006,544.50
8R153004014,544.50
8R153004018,874.50
8R153004046,544.50
8R153004056,544.50
8R153004059,544.50
8R153004066,544.50
8R153004068,544.50
8R153004082,929.50
8R153004105,544.50
8R153004109,544.50
8R153004113,544.50
8R153004133,544.50
8R153005006,489.50
8R153005014,489.50
8R153005018,599.50
8R153005046,489.50
8R153005056,489.50
8R153005059,489.50
8R153005066,489.50
8R153005068,489.50
8R153005082,819.50
8R153005105,489.50
8R153005109,489.50
8R153005113,489.50
8R153005133,489.50
8R153006006,489.50
8R153006014,489.50
8R153006018,599.50
8R153006046,489.50
8R153006056,489.50
8R153006059,489.50
8R153006066,489.50
8R153006068,489.50
8R153006082,819.50
8R153006105,489.50
8R153006109,489.50
8R153006113,489.50
8R153006133,489.50
8R153007006,819.50
8R153007014,819.50
8R153007018,929.50
8R153007046,819.50
8R153007056,819.50
8R153007059,819.50
8R153007066,819.50
8R153007068,819.50
8R153007082,929.50
8R153007105,819.50
8R153007109,819.50
8R153007113,819.50
8R153007133,819.50
8R153008006,819.50
8R153008014,819.50
8R153008018,929.50
8R153008046,819.50
8R153008056,819.50
8R153008059,819.50
8R153008066,819.50
8R153008068,819.50
8R153008082,929.50
8R153008105,819.50
8R153008109,819.50
8R153008113,819.50
8R153008133,819.50
8R153011006,357.50
8R153011014,357.50
8R153011018,489.50
8R153011046,357.50
8R153011056,357.50
8R153011059,357.50
8R153011066,357.50
8R153011068,357.50
8R153011082,709.50
8R153011105,357.50
8R153011109,357.50
8R153011113,357.50
8R153011133,357.50
8R153012006,357.50
8R153012014,357.50
8R153012018,489.50
8R153012046,357.50
8R153012056,357.50
8R153012059,357.50
8R153012066,357.50
8R153012068,357.50
8R153012082,709.50
8R153012105,357.50
8R153012109,357.50
8R153012113,357.50
8R153012133,357.50
8R153013006,544.50
8R153013014,544.50
8R153013018,874.50
8R153013046,544.50
8R153013056,544.50
8R153013059,544.50
8R153013066,544.50
8R153013068,544.50
8R153013082,929.50
8R153013105,544.50
8R153013109,544.50
8R153013113,544.50
8R153013133,544.50
8R153014006,544.50
8R153014014,544.50
8R153014018,874.50
8R153014046,544.50
8R153014056,544.50
8R153014059,544.50
8R153014066,544.50
8R153014068,544.50
8R153014082,929.50
8R153014105,544.50
8R153014109,544.50
8R153014113,544.50
8R153014133,544.50
8R153015006,489.50
8R153015014,489.50
8R153015018,599.50
8R153015046,489.50
8R153015056,489.50
8R153015059,489.50
8R153015066,489.50
8R153015068,489.50
8R153015082,819.50
8R153015105,489.50
8R153015109,489.50
8R153015113,489.50
8R153015133,489.50
8R153016006,489.50
8R153016014,489.50
8R153016018,599.50
8R153016046,489.50
8R153016056,489.50
8R153016059,489.50
8R153016066,489.50
8R153016068,489.50
8R153016082,819.50
8R153016105,489.50
8R153016109,489.50
8R153016113,489.50
8R153016133,489.50
8R153017006,819.50
8R153017014,819.50
8R153017018,929.50
8R153017046,819.50
8R153017056,819.50
8R153017059,819.50
8R153017066,819.50
8R153017068,819.50
8R153017082,929.50
8R153017105,819.50
8R153017109,819.50
8R153017113,819.50
8R153017133,819.50
8R153018006,819.50
8R153018014,819.50
8R153018018,929.50
8R153018046,819.50
8R153018056,819.50
8R153018059,819.50
8R153018066,819.50
8R153018068,819.50
8R153018082,929.50
8R153018105,819.50
8R153018109,819.50
8R153018113,819.50
8R153018133,819.50
8R154001006,412.50
8R154001014,412.50
8R154001046,412.50
8R154001056,412.50
8R154001059,412.50
8R154001068,412.50
8R154001101,412.50
8R154001105,412.50
8R154001107,412.50
8R154001109,412.50
8R154001113,412.50
8R154002006,412.50
8R154002014,412.50
8R154002046,412.50
8R154002056,412.50
8R154002059,412.50
8R154002068,412.50
8R154002101,412.50
8R154002105,412.50
8R154002107,412.50
8R154002109,412.50
8R154002113,412.50
8R154003006,544.50
8R154003014,544.50
8R154003046,544.50
8R154003056,544.50
8R154003059,544.50
8R154003068,544.50
8R154003101,544.50
8R154003105,544.50
8R154003107,544.50
8R154003109,544.50
8R154003113,544.50
8R154004006,544.50
8R154004014,544.50
8R154004046,544.50
8R154004056,544.50
8R154004059,544.50
8R154004068,544.50
8R154004101,544.50
8R154004105,544.50
8R154004107,544.50
8R154004109,544.50
8R154004113,544.50
8R154005006,544.50
8R154005014,544.50
8R154005046,544.50
8R154005056,544.50
8R154005059,544.50
8R154005068,544.50
8R154005101,544.50
8R154005105,544.50
8R154005107,544.50
8R154005109,544.50
8R154005113,544.50
8R154006006,544.50
8R154006014,544.50
8R154006046,544.50
8R154006056,544.50
8R154006059,544.50
8R154006068,544.50
8R154006101,544.50
8R154006105,544.50
8R154006107,544.50
8R154006109,544.50
8R154006113,544.50
8R154007006,819.50
8R154007014,819.50
8R154007046,819.50
8R154007056,819.50
8R154007059,819.50
8R154007068,819.50
8R154007101,819.50
8R154007105,819.50
8R154007107,819.50
8R154007109,819.50
8R154007113,819.50
8R154008006,819.50
8R154008014,819.50
8R154008046,819.50
8R154008056,819.50
8R154008059,819.50
8R154008068,819.50
8R154008101,819.50
8R154008105,819.50
8R154008107,819.50
8R154008109,819.50
8R154008113,819.50
8R154011006,412.50
8R154011014,412.50
8R154011046,412.50
8R154011056,412.50
8R154011059,412.50
8R154011068,412.50
8R154011101,412.50
8R154011105,412.50
8R154011107,412.50
8R154011109,412.50
8R154011113,412.50
8R154012006,412.50
8R154012014,412.50
8R154012046,412.50
8R154012056,412.50
8R154012059,412.50
8R154012068,412.50
8R154012101,412.50
8R154012105,412.50
8R154012107,412.50
8R154012109,412.50
8R154012113,412.50
8R154013006,544.50
8R154013014,544.50
8R154013046,544.50
8R154013056,544.50
8R154013059,544.50
8R154013068,544.50
8R154013101,544.50
8R154013105,544.50
8R154013107,544.50
8R154013109,544.50
8R154013113,544.50
8R154014006,544.50
8R154014014,544.50
8R154014046,544.50
8R154014056,544.50
8R154014059,544.50
8R154014068,544.50
8R154014101,544.50
8R154014105,544.50
8R154014107,544.50
8R154014109,544.50
8R154014113,544.50
8R154015006,544.50
8R154015014,544.50
8R154015046,544.50
8R154015056,544.50
8R154015059,544.50
8R154015068,544.50
8R154015101,544.50
8R154015105,544.50
8R154015107,544.50
8R154015109,544.50
8R154015113,544.50
8R154016006,544.50
8R154016014,544.50
8R154016046,544.50
8R154016056,544.50
8R154016059,544.50
8R154016068,544.50
8R154016101,544.50
8R154016105,544.50
8R154016107,544.50
8R154016109,544.50
8R154016113,544.50
8R154017006,819.50
8R154017014,819.50
8R154017046,819.50
8R154017056,819.50
8R154017059,819.50
8R154017068,819.50
8R154017101,819.50
8R154017105,819.50
8R154017107,819.50
8R154017109,819.50
8R154017113,819.50
8R154018006,819.50
8R154018014,819.50
8R154018046,819.50
8R154018056,819.50
8R154018059,819.50
8R154018068,819.50
8R154018101,819.50
8R154018105,819.50
8R154018107,819.50
8R154018109,819.50
8R154018113,819.50
8R156001001,1369.50
8R156001006,1369.50
8R156001053,1369.50
8R156001105,1369.50
8R156001107,1369.50
8R156001110,1369.50
8R156002001,1369.50
8R156002006,1369.50
8R156002053,1369.50
8R156002105,1369.50
8R156002107,1369.50
8R156002110,1369.50
8R156003001,1754.50
8R156003006,1754.50
8R156003053,1754.50
8R156003105,1754.50
8R156003107,1754.50
8R156003110,1754.50
8R156004001,1754.50
8R156004006,1754.50
8R156004053,1754.50
8R156004105,1754.50
8R156004107,1754.50
8R156004110,1754.50
8R156005001,1809.50
8R156005006,1809.50
8R156005053,1809.50
8R156005105,1809.50
8R156005107,1809.50
8R156005110,1809.50
8R156006001,1809.50
8R156006006,1809.50
8R156006053,1809.50
8R156006105,1809.50
8R156006107,1809.50
8R156006110,1809.50
8R156007001,2249.50
8R156007006,2249.50
8R156007053,2249.50
8R156007105,2249.50
8R156007107,2249.50
8R156007110,2249.50
8R156008001,2249.50
8R156008006,2249.50
8R156008053,2249.50
8R156008105,2249.50
8R156008107,2249.50
8R156008110,2249.50
8R162001000,764.50
8R162001001,764.50
8R162001006,764.50
8R162001023,764.50
8R162001046,764.50
8R162001056,764.50
8R162001065,764.50
8R162001101,764.50
8R162001109,764.50
8R162001110,764.50
8R162002000,1094.50
8R162002001,1094.50
8R162002006,1094.50
8R162002023,1094.50
8R162002046,1094.50
8R162002056,1094.50
8R162002065,1094.50
8R162002101,1094.50
8R162002109,1094.50
8R162002110,1094.50
8R162007000,764.50
8R162007001,764.50
8R162007006,764.50
8R162007023,764.50
8R162007046,764.50
8R162007056,764.50
8R162007065,764.50
8R162007101,764.50
8R162007109,764.50
8R162007110,764.50
8R162012000,929.50
8R162012001,929.50
8R162012006,929.50
8R162012023,929.50
8R162012046,929.50
8R162012056,929.50
8R162012065,929.50
8R162012101,929.50
8R162012109,929.50
8R162012110,929.50
8R162017000,1094.50
8R162017001,1094.50
8R162017006,1094.50
8R162017023,1094.50
8R162017046,1094.50
8R162017056,1094.50
8R162017065,1094.50
8R162017101,1094.50
8R162017109,1094.50
8R162017110,1094.50
8R162022000,1259.50
8R162022001,1259.50
8R162022006,1259.50
8R162022023,1259.50
8R162022046,1259.50
8R162022056,1259.50
8R162022065,1259.50
8R162022101,1259.50
8R162022109,1259.50
8R162022110,1259.50
8R162031000,1589.50
8R162031000-CH,1644.50
8R162031000-SK,1644.50
8R162031001,1589.50
8R162031001-CH,1644.50
8R162031001-SK,1644.50
8R162031006,1589.50
8R162031006-CH,1644.50
8R162031006-SK,1644.50
8R162031023,1589.50
8R162031023-CH,1644.50
8R162031023-SK,1644.50
8R162031046,1589.50
8R162031046-CH,1644.50
8R162031046-SK,1644.50
8R162031056,1589.50
8R162031056-CH,1644.50
8R162031056-SK,1644.50
8R162031065,1589.50
8R162031065-CH,1644.50
8R162031065-SK,1644.50
8R162031101,1589.50
8R162031101-CH,1644.50
8R162031101-SK,1644.50
8R162031109,1589.50
8R162031109-CH,1644.50
8R162031109-SK,1644.50
8R162031110,1589.50
8R162031110-CH,1644.50
8R162031110-SK,1644.50
8R162035000,1699.50
8R162035001,1699.50
8R162035006,1699.50
8R162035023,1699.50
8R162035046,1699.50
8R162035056,1699.50
8R162035065,1699.50
8R162035101,1699.50
8R162035109,1699.50
8R162035110,1699.50
8R162036000,764.50
8R162036001,764.50
8R162036006,764.50
8R162036023,764.50
8R162036046,764.50
8R162036056,764.50
8R162036065,764.50
8R162036101,764.50
8R162036109,764.50
8R162036110,764.50
8R162037000,764.50
8R162037001,764.50
8R162037006,764.50
8R162037023,764.50
8R162037046,764.50
8R162037056,764.50
8R162037065,764.50
8R162037101,764.50
8R162037109,764.50
8R162037110,764.50
8R162038000,929.50
8R162038001,929.50
8R162038006,929.50
8R162038023,929.50
8R162038046,929.50
8R162038056,929.50
8R162038065,929.50
8R162038101,929.50
8R162038109,929.50
8R162038110,929.50
8R162039000,1094.50
8R162039001,1094.50
8R162039006,1094.50
8R162039023,1094.50
8R162039046,1094.50
8R162039056,1094.50
8R162039065,1094.50
8R162039101,1094.50
8R162039109,1094.50
8R162039110,1094.50
8R162111000,1149.50
8R162111001,1149.50
8R162111006,1149.50
8R162111023,1149.50
8R162111046,1149.50
8R162111056,1149.50
8R162111065,1149.50
8R162111101,1149.50
8R162111109,1149.50
8R162111110,1149.50
8R162116000,1314.50
8R162116001,1314.50
8R162116006,1314.50
8R162116023,1314.50
8R162116046,1314.50
8R162116056,1314.50
8R162116065,1314.50
8R162116101,1314.50
8R162116109,1314.50
8R162116110,1314.50
8R162121000,1424.50
8R162121001,1424.50
8R162121006,1424.50
8R162121023,1424.50
8R162121046,1424.50
8R162121056,1424.50
8R162121065,1424.50
8R162121101,1424.50
8R162121109,1424.50
8R162121110,1424.50
8R162133000,1919.50
8R162133000-CH,2029.50
8R162133000-SK,2029.50
8R162133001,1919.50
8R162133001-CH,2029.50
8R162133001-SK,2029.50
8R162133006,1919.50
8R162133006-CH,2029.50
8R162133006-SK,2029.50
8R162133023,1919.50
8R162133023-CH,2029.50
8R162133023-SK,2029.50
8R162133046,1919.50
8R162133046-CH,2029.50
8R162133046-SK,2029.50
8R162133056,1919.50
8R162133056-CH,2029.50
8R162133056-SK,2029.50
8R162133065,1919.50
8R162133065-CH,2029.50
8R162133065-SK,2029.50
8R162133101,1919.50
8R162133101-CH,2029.50
8R162133101-SK,2029.50
8R162133109,1919.50
8R162133109-CH,2029.50
8R162133109-SK,2029.50
8R162133110,1919.50
8R162133110-CH,2029.50
8R162133110-SK,2029.50
8R162135000,2029.50
8R162135001,2029.50
8R162135006,2029.50
8R162135023,2029.50
8R162135046,2029.50
8R162135056,2029.50
8R162135065,2029.50
8R162135101,2029.50
8R162135109,2029.50
8R162135110,2029.50
8R162211000,1149.50
8R162211001,1149.50
8R162211006,1149.50
8R162211023,1149.50
8R162211046,1149.50
8R162211056,1149.50
8R162211065,1149.50
8R162211101,1149.50
8R162211109,1149.50
8R162211110,1149.50
8R162216000,1314.50
8R162216001,1314.50
8R162216006,1314.50
8R162216023,1314.50
8R162216046,1314.50
8R162216056,1314.50
8R162216065,1314.50
8R162216101,1314.50
8R162216109,1314.50
8R162216110,1314.50
8R162221000,1424.50
8R162221001,1424.50
8R162221006,1424.50
8R162221023,1424.50
8R162221046,1424.50
8R162221056,1424.50
8R162221065,1424.50
8R162221101,1424.50
8R162221109,1424.50
8R162221110,1424.50
8R162233000,1919.50
8R162233000-CH,2029.50
8R162233000-SK,2029.50
8R162233001,1919.50
8R162233001-CH,2029.50
8R162233001-SK,2029.50
8R162233006,1919.50
8R162233006-CH,2029.50
8R162233006-SK,2029.50
8R162233023,1919.50
8R162233023-CH,2029.50
8R162233023-SK,2029.50
8R162233046,1919.50
8R162233046-CH,2029.50
8R162233046-SK,2029.50
8R162233056,1919.50
8R162233056-CH,2029.50
8R162233056-SK,2029.50
8R162233065,1919.50
8R162233065-CH,2029.50
8R162233065-SK,2029.50
8R162233101,1919.50
8R162233101-CH,2029.50
8R162233101-SK,2029.50
8R162233109,1919.50
8R162233109-CH,2029.50
8R162233109-SK,2029.50
8R162233110,1919.50
8R162233110-CH,2029.50
8R162233110-SK,2029.50
8R162235000,2029.50
8R162235001,2029.50
8R162235006,2029.50
8R162235023,2029.50
8R162235046,2029.50
8R162235056,2029.50
8R162235065,2029.50
8R162235101,2029.50
8R162235109,2029.50
8R162235110,2029.50
8R162306000,1094.50
8R162306001,1094.50
8R162306006,1094.50
8R162306023,1094.50
8R162306046,1094.50
8R162306056,1094.50
8R162306065,1094.50
8R162306101,1094.50
8R162306109,1094.50
8R162306110,1094.50
8R162326000,1699.50
8R162326001,1699.50
8R162326006,1699.50
8R162326023,1699.50
8R162326046,1699.50
8R162326056,1699.50
8R162326065,1699.50
8R162326101,1699.50
8R162326109,1699.50
8R162326110,1699.50
8R163001000,874.50
8R163001008,874.50
8R163001046,874.50
8R163001054,874.50
8R163001070,1149.50
8R163001072,1149.50
8R163002000,489.50
8R163002008,489.50
8R163002046,489.50
8R163002054,489.50
8R163002070,764.50
8R163002072,764.50
8R163002092,654.50
8R163003000,1204.50
8R163003008,1204.50
8R163003046,1204.50
8R163003054,1204.50
8R163003070,1479.50
8R163003072,1479.50
8R163004000,709.50
8R163004008,709.50
8R163004046,709.50
8R163004054,709.50
8R163004070,929.50
8R163004072,929.50
8R163005000,929.50
8R163005008,929.50
8R163005046,929.50
8R163005054,929.50
8R163005070,1204.50
8R163005072,1204.50
8R164001000,489.50
8R164001001,489.50
8R164001008,489.50
8R164001009,489.50
8R164001046,489.50
8R164001059,489.50
8R164001070,764.50
8R164001072,764.50
8R164002000,709.50
8R164002001,709.50
8R164002008,709.50
8R164002009,709.50
8R164002046,709.50
8R164002059,709.50
8R164002070,1094.50
8R164002072,1094.50
8R164003000,654.50
8R164003001,654.50
8R164003008,654.50
8R164003009,654.50
8R164003046,654.50
8R164003059,654.50
8R164003070,1094.50
8R164003072,1094.50
8R164004000,709.50
8R164004001,709.50
8R164004008,709.50
8R164004009,709.50
8R164004046,709.50
8R164004059,709.50
8R164004070,1094.50
8R164004072,1094.50
8R164005000,709.50
8R164005001,709.50
8R164005008,709.50
8R164005009,709.50
8R164005046,709.50
8R164005059,709.50
8R164005070,1094.50
8R164005072,1094.50
8R164006000,709.50
8R164006001,709.50
8R164006008,709.50
8R164006009,709.50
8R164006046,709.50
8R164006059,709.50
8R164006070,1094.50
8R164006072,1094.50
8R164007000,599.50
8R164007001,599.50
8R164007008,599.50
8R164007009,599.50
8R164007046,599.50
8R164007059,599.50
8R164007070,984.50
8R164007072,984.50
8R164008000,819.50
8R164008001,819.50
8R164008008,819.50
8R164008009,819.50
8R164008046,819.50
8R164008059,819.50
8R164008070,1204.50
8R164008072,1204.50
8R164009000,1479.50
8R164009001,1479.50
8R164009008,1479.50
8R164009009,1479.50
8R164009046,1479.50
8R164009059,1479.50
8R164009070,1809.50
8R164009072,1809.50
8R164010000,1314.50
8R164010001,1314.50
8R164010008,1314.50
8R164010009,1314.50
8R164010046,1314.50
8R164010059,1314.50
8R164010070,1699.50
8R164010072,1699.50
8R164011000,2084.50
8R164011001,2084.50
8R164011008,2084.50
8R164011009,2084.50
8R164011046,2084.50
8R164011059,2084.50
8R164011070,2854.50
8R164011072,2854.50
8R165001609,77.00
8R165001610,77.00
8R165002609,77.00
8R165003606,132.00
8R165003609,77.00
8R165004609,104.50
8R165005606,132.00
8R165005609,110.00
8R165006605,77.00
8R165006606,104.50
8R165007605,132.00
8R165007606,132.00
8R165009606,396.00
8R165009608,412.50
8R165010606,429.00
8R165010608,489.50
8R165011601,132.00
8R165011602,132.00
8R165012609,77.00
8R165012610,77.00
8R165013609,82.50
8R165013617,132.00
8R165014609,104.50
8R165014617,143.00
8R165015606,88.00
8R165015607,88.00
8R165016606,242.00
8R165019001,137.50
8R165019006,137.50
8R165019046,137.50
8R165019065,137.50
8R165019067,137.50
8R165019105,137.50
8R165019107,137.50
8R165019109,137.50
8R165019110,137.50
8R165020606,385.00
8R165021606,385.00
8R165022609,66.00
8R165024602,203.50
8R165024603,203.50
8R165026610,247.50
8R165027602,544.50
8R165028602,319.00
8R165031601,88.00
8R165033609,82.50
8R165034609,104.50
8R165035609,77.00
8R165035610,77.00
8R165037609,137.50
8R165038609,159.50
8R165039609,159.50
8R165040609,77.00
8R165041609,82.50
8R165042609,77.00
8R165043602,115.50
8R165044609,66.00
8R165051609,77.00
8R165052609,77.00
8R165053609,104.50
8R165054609,110.00
8R165055605,77.00
8R165055606,77.00
8R165056605,82.50
8R165056606,82.50
8R165057609,77.00
8R165057610,77.00
8R165058609,82.50
8R165058610,82.50
8R165059000,176.00
8R165059001,176.00
8R165059019,176.00
8R165059053,176.00
8R165059059,176.00
8R165059065,176.00
8R165059067,176.00
8R165059105,176.00
8R165059109,176.00
8R165066601,93.50
8R165067609,77.00
8R165068609,99.00
8R165069601,71.50
8R165070601,82.50
8R165071611,88.00
8R165072612,88.00
8R165073602,192.50
8R165073603,192.50
8R165074605,121.00
8R165074606,121.00
8R165075018,115.50
8R165075606,115.50
8R165076610,115.50
8R165085609,258.50
8R165090616,93.50
8R165091615,214.50
8R165091616,214.50
8R165092612,599.50
8R165095609,132.00
8R165095610,132.00
8R165108609,132.00
8R165111609,104.50
8R165111610,115.50
8R165112609,71.50
8R165113609,71.50
8R166001014,1204.50
8R166001014-CH,1204.50
8R166001014-UK,1204.50
8R166001066,1149.50
8R166001066-CH,1204.50
8R166001066-UK,1204.50
8R166001101,1204.50
8R166001101-CH,1204.50
8R166001101-UK,1204.50
8R166001107,1204.50
8R166001107-CH,1204.50
8R166001107-UK,1204.50
8R166001109,1204.50
8R166001109-CH,1204.50
8R166001109-UK,1204.50
8R166001110,1204.50
8R166001110-CH,1204.50
8R166001110-UK,1204.50
8R166001111,1204.50
8R166001111-CH,1204.50
8R166001111-UK,1204.50
8R166002014,1424.50
8R166002014-CH,1424.50
8R166002014-UK,1424.50
8R166002066,1424.50
8R166002066-CH,1424.50
8R166002066-UK,1424.50
8R166002101,1424.50
8R166002101-CH,1424.50
8R166002101-UK,1424.50
8R166002107,1424.50
8R166002107-CH,1424.50
8R166002107-UK,1424.50
8R166002109,1424.50
8R166002109-CH,1424.50
8R166002109-UK,1424.50
8R166002110,1424.50
8R166002110-CH,1424.50
8R166002110-UK,1424.50
8R166002111,1424.50
8R166002111-CH,1424.50
8R166002111-UK,1424.50
8R166003014,2304.50
8R166003014-CH,2304.50
8R166003014-UK,2304.50
8R166003066,2304.50
8R166003066-CH,2304.50
8R166003066-UK,2304.50
8R166003101,2304.50
8R166003101-CH,2304.50
8R166003101-UK,2304.50
8R166003107,2304.50
8R166003107-CH,2304.50
8R166003107-UK,2304.50
8R166003109,2304.50
8R166003109-CH,2304.50
8R166003109-UK,2304.50
8R166003110,2304.50
8R166003110-CH,2304.50
8R166003110-UK,2304.50
8R166003111,2304.50
8R166003111-CH,2304.50
8R166003111-UK,2304.50
8R167001014,819.50
8R167001056,819.50
8R167001065,819.50
8R167001066,819.50
8R167001067,819.50
8R167001068,819.50
8R167001082,1149.50
8R167001084,1149.50
8R167001101,819.50
8R167001105,819.50
8R167001107,819.50
8R167001109,819.50
8R167001111,819.50
8R167001113,819.50
8R167002014,819.50
8R167002056,819.50
8R167002065,819.50
8R167002066,819.50
8R167002067,819.50
8R167002068,819.50
8R167002082,1149.50
8R167002084,1149.50
8R167002101,819.50
8R167002105,819.50
8R167002107,819.50
8R167002109,819.50
8R167002111,819.50
8R167002113,819.50
8R167003014,709.50
8R167003056,709.50
8R167003065,709.50
8R167003066,709.50
8R167003067,709.50
8R167003068,709.50
8R167003082,1039.50
8R167003084,1039.50
8R167003101,709.50
8R167003105,709.50
8R167003107,709.50
8R167003109,709.50
8R167003111,709.50
8R167003113,709.50
8R167004014,709.50
8R167004056,709.50
8R167004065,709.50
8R167004066,709.50
8R167004067,709.50
8R167004068,709.50
8R167004082,1039.50
8R167004084,1039.50
8R167004101,709.50
8R167004105,709.50
8R167004107,709.50
8R167004109,709.50
8R167004111,709.50
8R167004113,709.50
8R167005014,819.50
8R167005056,819.50
8R167005065,819.50
8R167005066,819.50
8R167005067,819.50
8R167005068,819.50
8R167005082,1149.50
8R167005084,1149.50
8R167005101,819.50
8R167005105,819.50
8R167005107,819.50
8R167005109,819.50
8R167005111,819.50
8R167005113,819.50
8R167006014,819.50
8R167006056,819.50
8R167006065,819.50
8R167006066,819.50
8R167006067,819.50
8R167006068,819.50
8R167006082,1149.50
8R167006084,1149.50
8R167006101,819.50
8R167006105,819.50
8R167006107,819.50
8R167006109,819.50
8R167006111,819.50
8R167006113,819.50
8R175023000,3184.50
8R175023046,3184.50
8R175023067,3184.50
8R175023101,3184.50
8R175023105,3184.50
8R175023107,3184.50
8R175023110,3184.50
8R175024000,3184.50
8R175024046,3184.50
8R175024067,3184.50
8R175024101,3184.50
8R175024105,3184.50
8R175024107,3184.50
8R175024110,3184.50
8R175025000,3624.50
8R175025046,3624.50
8R175025067,3624.50
8R175025101,3624.50
8R175025105,3624.50
8R175025107,3624.50
8R175025110,3624.50
8R175026000,5659.50
8R175026046,5659.50
8R175026067,5659.50
8R175026101,5659.50
8R175026105,5659.50
8R175026107,5659.50
8R175026110,5659.50
8R175027000,5659.50
8R175027046,5659.50
8R175027067,5659.50
8R175027101,5659.50
8R175027105,5659.50
8R175027107,5659.50
8R175027110,5659.50
8R175028000,6099.50
8R175028046,6099.50
8R175028067,6099.50
8R175028101,6099.50
8R175028105,6099.50
8R175028107,6099.50
8R175028110,6099.50
8R175029000,8189.50
8R175029046,8189.50
8R175029067,8189.50
8R175029101,8189.50
8R175029105,8189.50
8R175029107,8189.50
8R175029110,8189.50
8R175030000,8189.50
8R175030046,8189.50
8R175030067,8189.50
8R175030101,8189.50
8R175030105,8189.50
8R175030107,8189.50
8R175030110,8189.50
8R175031000,9069.50
8R175031046,9069.50
8R175031067,9069.50
8R175031101,9069.50
8R175031105,9069.50
8R175031107,9069.50
8R175031110,9069.50
8R175032000,3184.50
8R175032046,3184.50
8R175032067,3184.50
8R175032101,3184.50
8R175032105,3184.50
8R175032107,3184.50
8R175032110,3184.50
8R175033000,3184.50
8R175033046,3184.50
8R175033067,3184.50
8R175033101,3184.50
8R175033105,3184.50
8R175033107,3184.50
8R175033110,3184.50
8R175034000,3624.50
8R175034046,3624.50
8R175034067,3624.50
8R175034101,3624.50
8R175034105,3624.50
8R175034107,3624.50
8R175034110,3624.50
8R175035000,5659.50
8R175035046,5659.50
8R175035067,5659.50
8R175035101,5659.50
8R175035105,5659.50
8R175035107,5659.50
8R175035110,5659.50
8R175036000,5659.50
8R175036046,5659.50
8R175036067,5659.50
8R175036101,5659.50
8R175036105,5659.50
8R175036107,5659.50
8R175036110,5659.50
8R175037000,6099.50
8R175037046,6099.50
8R175037067,6099.50
8R175037101,6099.50
8R175037105,6099.50
8R175037107,6099.50
8R175037110,6099.50
8R175038000,8189.50
8R175038046,8189.50
8R175038067,8189.50
8R175038101,8189.50
8R175038105,8189.50
8R175038107,8189.50
8R175038110,8189.50
8R175039000,8189.50
8R175039046,8189.50
8R175039067,8189.50
8R175039101,8189.50
8R175039105,8189.50
8R175039107,8189.50
8R175039110,8189.50
8R175040000,9069.50
8R175040046,9069.50
8R175040067,9069.50
8R175040101,9069.50
8R175040105,9069.50
8R175040107,9069.50
8R175040110,9069.50
8R175223067,3184.50
8R175223101,3184.50
8R175223105,3184.50
8R175223110,3184.50
8R175224067,3184.50
8R175224101,3184.50
8R175224105,3184.50
8R175224110,3184.50
8R175225067,3624.50
8R175225101,3624.50
8R175225105,3624.50
8R175225110,3624.50
8R175226067,5659.50
8R175226101,5659.50
8R175226105,5659.50
8R175226110,5659.50
8R175227067,5659.50
8R175227101,5659.50
8R175227105,5659.50
8R175227110,5659.50
8R175228067,6099.50
8R175228101,6099.50
8R175228105,6099.50
8R175228110,6099.50
8R175229067,8189.50
8R175229101,8189.50
8R175229105,8189.50
8R175229110,8189.50
8R175230067,8189.50
8R175230101,8189.50
8R175230105,8189.50
8R175230110,8189.50
8R175231067,9069.50
8R175231101,9069.50
8R175231105,9069.50
8R175231110,9069.50
8R175232067,3184.50
8R175232101,3184.50
8R175232105,3184.50
8R175232110,3184.50
8R175233067,3184.50
8R175233101,3184.50
8R175233105,3184.50
8R175233110,3184.50
8R175234067,3624.50
8R175234101,3624.50
8R175234105,3624.50
8R175234110,3624.50
8R175235067,5659.50
8R175235101,5659.50
8R175235105,5659.50
8R175235110,5659.50
8R175236067,5659.50
8R175236101,5659.50
8R175236105,5659.50
8R175236110,5659.50
8R175237067,6099.50
8R175237101,6099.50
8R175237105,6099.50
8R175237110,6099.50
8R175238067,8189.50
8R175238101,8189.50
8R175238105,8189.50
8R175238110,8189.50
8R175239067,8189.50
8R175239101,8189.50
8R175239105,8189.50
8R175239110,8189.50
8R175240067,9069.50
8R175240101,9069.50
8R175240105,9069.50
8R175240110,9069.50
8R177010000,1204.50
8R177010046,1204.50
8R177010065,1204.50
8R177010068,1204.50
8R177010101,1204.50
8R177010105,1204.50
8R177010107,1204.50
8R177010109,1204.50
8R177010110,1204.50
8R177010133,1204.50
8R177011000,1204.50
8R177011046,1204.50
8R177011065,1204.50
8R177011068,1204.50
8R177011101,1204.50
8R177011105,1204.50
8R177011107,1204.50
8R177011109,1204.50
8R177011110,1204.50
8R177011133,1204.50
8R177014000,1424.50
8R177014046,1424.50
8R177014065,1424.50
8R177014068,1424.50
8R177014101,1424.50
8R177014105,1424.50
8R177014107,1424.50
8R177014109,1424.50
8R177014110,1424.50
8R177014133,1424.50
8R177015000,1424.50
8R177015046,1424.50
8R177015065,1424.50
8R177015068,1424.50
8R177015101,1424.50
8R177015105,1424.50
8R177015107,1424.50
8R177015109,1424.50
8R177015110,1424.50
8R177015133,1424.50
8R177018000,1094.50
8R177018046,1094.50
8R177018065,1094.50
8R177018068,1094.50
8R177018101,1094.50
8R177018105,1094.50
8R177018107,1094.50
8R177018109,1094.50
8R177018110,1094.50
8R177018133,1094.50
8R177019000,1094.50
8R177019046,1094.50
8R177019065,1094.50
8R177019068,1094.50
8R177019101,1094.50
8R177019105,1094.50
8R177019107,1094.50
8R177019109,1094.50
8R177019110,1094.50
8R177019133,1094.50
8R177022000,929.50
8R177022046,929.50
8R177022065,929.50
8R177022068,929.50
8R177022101,929.50
8R177022105,929.50
8R177022107,929.50
8R177022109,929.50
8R177022110,929.50
8R177022133,929.50
8R177023000,929.50
8R177023046,929.50
8R177023065,929.50
8R177023068,929.50
8R177023101,929.50
8R177023105,929.50
8R177023107,929.50
8R177023109,929.50
8R177023110,929.50
8R177023133,929.50
8R177026000,1479.50
8R177026046,1479.50
8R177026065,1479.50
8R177026068,1479.50
8R177026101,1479.50
8R177026105,1479.50
8R177026107,1479.50
8R177026109,1479.50
8R177026110,1479.50
8R177026133,1479.50
8R177027000,1479.50
8R177027046,1479.50
8R177027065,1479.50
8R177027068,1479.50
8R177027101,1479.50
8R177027105,1479.50
8R177027107,1479.50
8R177027109,1479.50
8R177027110,1479.50
8R177027133,1479.50
8R177030000,1644.50
8R177030046,1644.50
8R177030065,1644.50
8R177030068,1644.50
8R177030101,1644.50
8R177030105,1644.50
8R177030107,1644.50
8R177030109,1644.50
8R177030110,1644.50
8R177030133,1644.50
8R177031000,1644.50
8R177031046,1644.50
8R177031065,1644.50
8R177031068,1644.50
8R177031101,1644.50
8R177031105,1644.50
8R177031107,1644.50
8R177031109,1644.50
8R177031110,1644.50
8R177031133,1644.50
8R177034000,1314.50
8R177034046,1314.50
8R177034065,1314.50
8R177034068,1314.50
8R177034101,1314.50
8R177034105,1314.50
8R177034107,1314.50
8R177034109,1314.50
8R177034110,1314.50
8R177034133,1314.50
8R177035000,1314.50
8R177035046,1314.50
8R177035065,1314.50
8R177035068,1314.50
8R177035101,1314.50
8R177035105,1314.50
8R177035107,1314.50
8R177035109,1314.50
8R177035110,1314.50
8R177035133,1314.50
8R177038000,1094.50
8R177038046,1094.50
8R177038065,1094.50
8R177038068,1094.50
8R177038101,1094.50
8R177038105,1094.50
8R177038107,1094.50
8R177038109,1094.50
8R177038110,1094.50
8R177038133,1094.50
8R177039000,1094.50
8R177039046,1094.50
8R177039065,1094.50
8R177039068,1094.50
8R177039101,1094.50
8R177039105,1094.50
8R177039107,1094.50
8R177039109,1094.50
8R177039110,1094.50
8R177039133,1094.50
8R177042000,1589.50
8R177042046,1589.50
8R177042065,1589.50
8R177042068,1589.50
8R177042101,1589.50
8R177042105,1589.50
8R177042107,1589.50
8R177042109,1589.50
8R177042110,1589.50
8R177042133,1589.50
8R177043000,1589.50
8R177043046,1589.50
8R177043065,1589.50
8R177043068,1589.50
8R177043101,1589.50
8R177043105,1589.50
8R177043107,1589.50
8R177043109,1589.50
8R177043110,1589.50
8R177043133,1589.50
8R177046000,1809.50
8R177046046,1809.50
8R177046065,1809.50
8R177046068,1809.50
8R177046101,1809.50
8R177046105,1809.50
8R177046107,1809.50
8R177046109,1809.50
8R177046110,1809.50
8R177046133,1809.50
8R177047000,1809.50
8R177047046,1809.50
8R177047065,1809.50
8R177047068,1809.50
8R177047101,1809.50
8R177047105,1809.50
8R177047107,1809.50
8R177047109,1809.50
8R177047110,1809.50
8R177047133,1809.50
8R177050000,1479.50
8R177050046,1479.50
8R177050065,1479.50
8R177050068,1479.50
8R177050101,1479.50
8R177050105,1479.50
8R177050107,1479.50
8R177050109,1479.50
8R177050110,1479.50
8R177050133,1479.50
8R177051000,1479.50
8R177051046,1479.50
8R177051065,1479.50
8R177051068,1479.50
8R177051101,1479.50
8R177051105,1479.50
8R177051107,1479.50
8R177051109,1479.50
8R177051110,1479.50
8R177051133,1479.50
8R177054000,1204.50
8R177054046,1204.50
8R177054065,1204.50
8R177054068,1204.50
8R177054101,1204.50
8R177054105,1204.50
8R177054107,1204.50
8R177054109,1204.50
8R177054110,1204.50
8R177054133,1204.50
8R177055000,1204.50
8R177055046,1204.50
8R177055065,1204.50
8R177055068,1204.50
8R177055101,1204.50
8R177055105,1204.50
8R177055107,1204.50
8R177055109,1204.50
8R177055110,1204.50
8R177055133,1204.50
8R177058000,1149.50
8R177058046,1149.50
8R177058065,1149.50
8R177058068,1149.50
8R177058101,1149.50
8R177058105,1149.50
8R177058107,1149.50
8R177058109,1149.50
8R177058110,1149.50
8R177058133,1149.50
8R177060000,1369.50
8R177060046,1369.50
8R177060065,1369.50
8R177060068,1369.50
8R177060101,1369.50
8R177060105,1369.50
8R177060107,1369.50
8R177060109,1369.50
8R177060110,1369.50
8R177060133,1369.50
8R177062000,1039.50
8R177062046,1039.50
8R177062065,1039.50
8R177062068,1039.50
8R177062101,1039.50
8R177062105,1039.50
8R177062107,1039.50
8R177062109,1039.50
8R177062110,1039.50
8R177062133,1039.50
8R177064000,819.50
8R177064046,819.50
8R177064065,819.50
8R177064068,819.50
8R177064101,819.50
8R177064105,819.50
8R177064107,819.50
8R177064109,819.50
8R177064110,819.50
8R177064133,819.50
8R177066000,1259.50
8R177066046,1259.50
8R177066065,1259.50
8R177066068,1259.50
8R177066101,1259.50
8R177066105,1259.50
8R177066107,1259.50
8R177066109,1259.50
8R177066110,1259.50
8R177066133,1259.50
8R177067000,1259.50
8R177067046,1259.50
8R177067065,1259.50
8R177067068,1259.50
8R177067101,1259.50
8R177067105,1259.50
8R177067107,1259.50
8R177067109,1259.50
8R177067110,1259.50
8R177067133,1259.50
8R177068000,1534.50
8R177068046,1534.50
8R177068065,1534.50
8R177068068,1534.50
8R177068101,1534.50
8R177068105,1534.50
8R177068107,1534.50
8R177068109,1534.50
8R177068110,1534.50
8R177068133,1534.50
8R177069000,1534.50
8R177069046,1534.50
8R177069065,1534.50
8R177069068,1534.50
8R177069101,1534.50
8R177069105,1534.50
8R177069107,1534.50
8R177069109,1534.50
8R177069110,1534.50
8R177069133,1534.50
8R177070000,1259.50
8R177070000-CH,1259.50
8R177070000-UK,1259.50
8R177070046,1259.50
8R177070046-CH,1259.50
8R177070046-UK,1259.50
8R177070065,1259.50
8R177070065-CH,1259.50
8R177070065-UK,1259.50
8R177070068,1259.50
8R177070068-CH,1259.50
8R177070068-UK,1259.50
8R177070101,1259.50
8R177070101-CH,1259.50
8R177070101-UK,1259.50
8R177070105,1259.50
8R177070105-CH,1259.50
8R177070105-UK,1259.50
8R177070107,1259.50
8R177070107-CH,1259.50
8R177070107-UK,1259.50
8R177070109,1259.50
8R177070109-CH,1259.50
8R177070109-UK,1259.50
8R177070110,1259.50
8R177070110-CH,1259.50
8R177070110-UK,1259.50
8R177070133,1259.50
8R177070133-CH,1259.50
8R177070133-UK,1259.50
8R177071000,1259.50
8R177071000-CH,1259.50
8R177071000-UK,1259.50
8R177071046,1259.50
8R177071046-CH,1259.50
8R177071046-UK,1259.50
8R177071065,1259.50
8R177071065-CH,1259.50
8R177071065-UK,1259.50
8R177071068,1259.50
8R177071068-CH,1259.50
8R177071068-UK,1259.50
8R177071101,1259.50
8R177071101-CH,1259.50
8R177071101-UK,1259.50
8R177071105,1259.50
8R177071105-CH,1259.50
8R177071105-UK,1259.50
8R177071107,1259.50
8R177071107-CH,1259.50
8R177071107-UK,1259.50
8R177071109,1259.50
8R177071109-CH,1259.50
8R177071109-UK,1259.50
8R177071110,1259.50
8R177071110-CH,1259.50
8R177071110-UK,1259.50
8R177071133,1259.50
8R177071133-CH,1259.50
8R177071133-UK,1259.50
8R177072000,1534.50
8R177072000-CH,1534.50
8R177072000-UK,1534.50
8R177072046,1534.50
8R177072046-CH,1534.50
8R177072046-UK,1534.50
8R177072065,1534.50
8R177072065-CH,1534.50
8R177072065-UK,1534.50
8R177072068,1534.50
8R177072068-CH,1534.50
8R177072068-UK,1534.50
8R177072101,1534.50
8R177072101-CH,1534.50
8R177072101-UK,1534.50
8R177072105,1534.50
8R177072105-CH,1534.50
8R177072105-UK,1534.50
8R177072107,1534.50
8R177072107-CH,1534.50
8R177072107-UK,1534.50
8R177072109,1534.50
8R177072109-CH,1534.50
8R177072109-UK,1534.50
8R177072110,1534.50
8R177072110-CH,1534.50
8R177072110-UK,1534.50
8R177072133,1534.50
8R177072133-CH,1534.50
8R177072133-UK,1534.50
8R177073000,1534.50
8R177073000-CH,1534.50
8R177073000-UK,1534.50
8R177073046,1534.50
8R177073046-CH,1534.50
8R177073046-UK,1534.50
8R177073065,1534.50
8R177073065-CH,1534.50
8R177073065-UK,1534.50
8R177073068,1534.50
8R177073068-CH,1534.50
8R177073068-UK,1534.50
8R177073101,1534.50
8R177073101-CH,1534.50
8R177073101-UK,1534.50
8R177073105,1534.50
8R177073105-CH,1534.50
8R177073105-UK,1534.50
8R177073107,1534.50
8R177073107-CH,1534.50
8R177073107-UK,1534.50
8R177073109,1534.50
8R177073109-CH,1534.50
8R177073109-UK,1534.50
8R177073110,1534.50
8R177073110-CH,1534.50
8R177073110-UK,1534.50
8R177073133,1534.50
8R177073133-CH,1534.50
8R177073133-UK,1534.50
8R178001014,819.50
8R178001066,819.50
8R178001068,819.50
8R178001070,1259.50
8R178001072,1259.50
8R178001080,1589.50
8R178001082,1589.50
8R178001101,819.50
8R178001105,819.50
8R178001107,819.50
8R178001109,819.50
8R178001110,819.50
8R178001111,819.50
8R178002014,819.50
8R178002066,819.50
8R178002068,819.50
8R178002070,1259.50
8R178002072,1259.50
8R178002080,1589.50
8R178002082,1589.50
8R178002101,819.50
8R178002105,819.50
8R178002107,819.50
8R178002109,819.50
8R178002110,819.50
8R178002111,819.50
8R178003014,819.50
8R178003066,819.50
8R178003068,819.50
8R178003070,1259.50
8R178003072,1259.50
8R178003080,1589.50
8R178003082,1589.50
8R178003101,819.50
8R178003105,819.50
8R178003107,819.50
8R178003109,819.50
8R178003110,819.50
8R178003111,819.50
8R178004014,819.50
8R178004066,819.50
8R178004068,819.50
8R178004070,1259.50
8R178004072,1259.50
8R178004080,1589.50
8R178004082,1589.50
8R178004101,819.50
8R178004105,819.50
8R178004107,819.50
8R178004109,819.50
8R178004110,819.50
8R178004111,819.50
8R178005014,819.50
8R178005066,819.50
8R178005068,819.50
8R178005070,1259.50
8R178005072,1259.50
8R178005080,1589.50
8R178005082,1589.50
8R178005101,819.50
8R178005105,819.50
8R178005107,819.50
8R178005109,819.50
8R178005110,819.50
8R178005111,819.50
8R178006014,819.50
8R178006066,819.50
8R178006068,819.50
8R178006070,1259.50
8R178006072,1259.50
8R178006080,1589.50
8R178006082,1589.50
8R178006101,819.50
8R178006105,819.50
8R178006107,819.50
8R178006109,819.50
8R178006110,819.50
8R178006111,819.50
8R178011014,3129.50
8R178011066,3129.50
8R178011068,3129.50
8R178011070,3624.50
8R178011072,3624.50
8R178011080,4009.50
8R178011082,4009.50
8R178011101,3129.50
8R178011105,3129.50
8R178011107,3129.50
8R178011109,3129.50
8R178011110,3129.50
8R178011111,3129.50
8R178012014,3129.50
8R178012066,3129.50
8R178012068,3129.50
8R178012070,3624.50
8R178012072,3624.50
8R178012080,4009.50
8R178012082,4009.50
8R178012101,3129.50
8R178012105,3129.50
8R178012107,3129.50
8R178012109,3129.50
8R178012110,3129.50
8R178012111,3129.50
8R178013014,3899.50
8R178013066,3899.50
8R178013068,3899.50
8R178013070,4834.50
8R178013072,4834.50
8R178013080,5604.50
8R178013082,5604.50
8R178013101,3899.50
8R178013105,3899.50
8R178013107,3899.50
8R178013109,3899.50
8R178013110,3899.50
8R178013111,3899.50
8R178014014,3899.50
8R178014066,3899.50
8R178014068,3899.50
8R178014070,4834.50
8R178014072,4834.50
8R178014080,5604.50
8R178014082,5604.50
8R178014101,3899.50
8R178014105,3899.50
8R178014107,3899.50
8R178014109,3899.50
8R178014110,3899.50
8R178014111,3899.50
8R179001014,440.00
8R179001046,440.00
8R179001057,440.00
8R179001066,440.00
8R179001072,764.50
8R179001075,764.50
8R179001082,764.50
8R179001084,764.50
8R179001105,440.00
8R179001107,440.00
8R179001109,440.00
8R179001110,440.00
8R179001111,440.00
8R179001113,440.00
8R179001114,440.00
8R179001131,654.50
8R179001132,654.50
8R179001134,440.00
8R179002014,440.00
8R179002046,440.00
8R179002057,440.00
8R179002066,440.00
8R179002072,764.50
8R179002075,764.50
8R179002082,764.50
8R179002084,764.50
8R179002105,440.00
8R179002107,440.00
8R179002109,440.00
8R179002110,440.00
8R179002111,440.00
8R179002113,440.00
8R179002114,440.00
8R179002131,654.50
8R179002132,654.50
8R179002134,440.00
8R179003014,819.50
8R179003046,819.50
8R179003057,819.50
8R179003066,819.50
8R179003072,1094.50
8R179003075,1094.50
8R179003082,1149.50
8R179003084,1149.50
8R179003105,819.50
8R179003107,819.50
8R179003109,819.50
8R179003110,819.50
8R179003111,819.50
8R179003113,819.50
8R179003114,819.50
8R179003131,984.50
8R179003132,984.50
8R179003134,819.50
8R179004014,819.50
8R179004046,819.50
8R179004057,819.50
8R179004066,819.50
8R179004072,1094.50
8R179004075,1094.50
8R179004082,1149.50
8R179004084,1149.50
8R179004105,819.50
8R179004107,819.50
8R179004109,819.50
8R179004110,819.50
8R179004111,819.50
8R179004113,819.50
8R179004114,819.50
8R179004131,984.50
8R179004132,984.50
8R179004134,819.50
8R179005014,1259.50
8R179005046,1259.50
8R179005057,1259.50
8R179005066,1259.50
8R179005072,1534.50
8R179005075,1534.50
8R179005082,1589.50
8R179005084,1589.50
8R179005105,1259.50
8R179005107,1259.50
8R179005109,1259.50
8R179005110,1259.50
8R179005111,1259.50
8R179005113,1259.50
8R179005114,1259.50
8R179005131,1424.50
8R179005132,1424.50
8R179005134,1259.50
8R179006014,1259.50
8R179006046,1259.50
8R179006057,1259.50
8R179006066,1259.50
8R179006072,1534.50
8R179006075,1534.50
8R179006082,1589.50
8R179006084,1589.50
8R179006105,1259.50
8R179006107,1259.50
8R179006109,1259.50
8R179006110,1259.50
8R179006111,1259.50
8R179006113,1259.50
8R179006114,1259.50
8R179006131,1424.50
8R179006132,1424.50
8R179006134,1259.50
8R179007014,1589.50
8R179007046,1589.50
8R179007057,1589.50
8R179007066,1589.50
8R179007072,1864.50
8R179007075,1864.50
8R179007082,1919.50
8R179007084,1919.50
8R179007105,1589.50
8R179007107,1589.50
8R179007109,1589.50
8R179007110,1589.50
8R179007111,1589.50
8R179007113,1589.50
8R179007114,1589.50
8R179007131,1754.50
8R179007132,1754.50
8R179007134,1589.50
8R179008014,1589.50
8R179008046,1589.50
8R179008057,1589.50
8R179008066,1589.50
8R179008072,1864.50
8R179008075,1864.50
8R179008082,1919.50
8R179008084,1919.50
8R179008105,1589.50
8R179008107,1589.50
8R179008109,1589.50
8R179008110,1589.50
8R179008111,1589.50
8R179008113,1589.50
8R179008114,1589.50
8R179008131,1754.50
8R179008132,1754.50
8R179008134,1589.50
8R179009014,2304.50
8R179009046,2304.50
8R179009057,2304.50
8R179009066,2304.50
8R179009072,2854.50
8R179009075,2854.50
8R179009082,2909.50
8R179009084,2909.50
8R179009105,2304.50
8R179009107,2304.50
8R179009109,2304.50
8R179009110,2304.50
8R179009111,2304.50
8R179009113,2304.50
8R179009114,2304.50
8R179009131,2634.50
8R179009132,2634.50
8R179009134,2304.50
8R179010014,2304.50
8R179010046,2304.50
8R179010057,2304.50
8R179010066,2304.50
8R179010072,2854.50
8R179010075,2854.50
8R179010082,2909.50
8R179010084,2909.50
8R179010105,2304.50
8R179010107,2304.50
8R179010109,2304.50
8R179010110,2304.50
8R179010111,2304.50
8R179010113,2304.50
8R179010114,2304.50
8R179010131,2634.50
8R179010132,2634.50
8R179010134,2304.50
8R182001046,1479.50
8R182001065,1479.50
8R182001101,1479.50
8R182001105,1479.50
8R182001107,1479.50
8R182002046,1479.50
8R182002065,1479.50
8R182002101,1479.50
8R182002105,1479.50
8R182002107,1479.50
8R182003046,1479.50
8R182003065,1479.50
8R182003101,1479.50
8R182003105,1479.50
8R182003107,1479.50
8R182004046,1479.50
8R182004065,1479.50
8R182004101,1479.50
8R182004105,1479.50
8R182004107,1479.50
8R182005046,1589.50
8R182005065,1589.50
8R182005101,1589.50
8R182005105,1589.50
8R182005107,1589.50
8R182006046,1589.50
8R182006065,1589.50
8R182006101,1589.50
8R182006105,1589.50
8R182006107,1589.50
8R182013046,3349.50
8R182013065,3349.50
8R182013101,3349.50
8R182013105,3349.50
8R182013107,3349.50
8R182014046,3349.50
8R182014065,3349.50
8R182014101,3349.50
8R182014105,3349.50
8R182014107,3349.50
8R182015046,3349.50
8R182015065,3349.50
8R182015101,3349.50
8R182015105,3349.50
8R182015107,3349.50
8R182016046,3349.50
8R182016065,3349.50
8R182016101,3349.50
8R182016105,3349.50
8R182016107,3349.50
8R182017046,3459.50
8R182017065,3459.50
8R182017101,3459.50
8R182017105,3459.50
8R182017107,3459.50
8R182018046,3459.50
8R182018065,3459.50
8R182018101,3459.50
8R182018105,3459.50
8R182018107,3459.50
8R182019046,3624.50
8R182019065,3624.50
8R182019101,3624.50
8R182019105,3624.50
8R182019107,3624.50
8R182020046,3624.50
8R182020065,3624.50
8R182020101,3624.50
8R182020105,3624.50
8R182020107,3624.50
8R182021046,3679.50
8R182021065,3679.50
8R182021101,3679.50
8R182021105,3679.50
8R182021107,3679.50
8R182022046,3679.50
8R182022065,3679.50
8R182022101,3679.50
8R182022105,3679.50
8R182022107,3679.50
8R182023046,3734.50
8R182023065,3734.50
8R182023101,3734.50
8R182023105,3734.50
8R182023107,3734.50
8R182024046,3734.50
8R182024065,3734.50
8R182024101,3734.50
8R182024105,3734.50
8R182024107,3734.50
8R182031046,1479.50
8R182031065,1479.50
8R182031101,1479.50
8R182031105,1479.50
8R182031107,1479.50
8R182032046,1479.50
8R182032065,1479.50
8R182032101,1479.50
8R182032105,1479.50
8R182032107,1479.50
8R182033046,1479.50
8R182033065,1479.50
8R182033101,1479.50
8R182033105,1479.50
8R182033107,1479.50
8R182034046,1479.50
8R182034065,1479.50
8R182034101,1479.50
8R182034105,1479.50
8R182034107,1479.50
8R182035046,1589.50
8R182035065,1589.50
8R182035101,1589.50
8R182035105,1589.50
8R182035107,1589.50
8R182036046,1589.50
8R182036065,1589.50
8R182036101,1589.50
8R182036105,1589.50
8R182036107,1589.50
8R182037046,3349.50
8R182037065,3349.50
8R182037101,3349.50
8R182037105,3349.50
8R182037107,3349.50
8R182038046,3349.50
8R182038065,3349.50
8R182038101,3349.50
8R182038105,3349.50
8R182038107,3349.50
8R182039046,3349.50
8R182039065,3349.50
8R182039101,3349.50
8R182039105,3349.50
8R182039107,3349.50
8R182040046,3349.50
8R182040065,3349.50
8R182040101,3349.50
8R182040105,3349.50
8R182040107,3349.50
8R182041046,3459.50
8R182041065,3459.50
8R182041101,3459.50
8R182041105,3459.50
8R182041107,3459.50
8R182042046,3459.50
8R182042065,3459.50
8R182042101,3459.50
8R182042105,3459.50
8R182042107,3459.50
8R182043046,3624.50
8R182043065,3624.50
8R182043101,3624.50
8R182043105,3624.50
8R182043107,3624.50
8R182044046,3624.50
8R182044065,3624.50
8R182044101,3624.50
8R182044105,3624.50
8R182044107,3624.50
8R182045046,3679.50
8R182045065,3679.50
8R182045101,3679.50
8R182045105,3679.50
8R182045107,3679.50
8R182046046,3679.50
8R182046065,3679.50
8R182046101,3679.50
8R182046105,3679.50
8R182046107,3679.50
8R182047046,3734.50
8R182047065,3734.50
8R182047101,3734.50
8R182047105,3734.50
8R182047107,3734.50
8R182048046,3734.50
8R182048065,3734.50
8R182048101,3734.50
8R182048105,3734.50
8R182048107,3734.50
8R182201014,1479.50
8R182201056,1479.50
8R182201068,1479.50
8R182201134,1479.50
8R182202014,1479.50
8R182202056,1479.50
8R182202068,1479.50
8R182202134,1479.50
8R182203014,1479.50
8R182203056,1479.50
8R182203068,1479.50
8R182203134,1479.50
8R182204014,1479.50
8R182204056,1479.50
8R182204068,1479.50
8R182204134,1479.50
8R182205014,1589.50
8R182205056,1589.50
8R182205068,1589.50
8R182205134,1589.50
8R182206014,1589.50
8R182206056,1589.50
8R182206068,1589.50
8R182206134,1589.50
8R182213014,3349.50
8R182213056,3349.50
8R182213068,3349.50
8R182213134,3349.50
8R182214014,3349.50
8R182214056,3349.50
8R182214068,3349.50
8R182214134,3349.50
8R182215014,3349.50
8R182215056,3349.50
8R182215068,3349.50
8R182215134,3349.50
8R182216014,3349.50
8R182216056,3349.50
8R182216068,3349.50
8R182216134,3349.50
8R182217014,3459.50
8R182217056,3459.50
8R182217068,3459.50
8R182217134,3459.50
8R182218014,3459.50
8R182218056,3459.50
8R182218068,3459.50
8R182218134,3459.50
8R182219014,3624.50
8R182219056,3624.50
8R182219068,3624.50
8R182219134,3624.50
8R182220014,3624.50
8R182220056,3624.50
8R182220068,3624.50
8R182220134,3624.50
8R182221014,3679.50
8R182221056,3679.50
8R182221068,3679.50
8R182221134,3679.50
8R182222014,3679.50
8R182222056,3679.50
8R182222068,3679.50
8R182222134,3679.50
8R182223014,3734.50
8R182223056,3734.50
8R182223068,3734.50
8R182223134,3734.50
8R182224014,3734.50
8R182224056,3734.50
8R182224068,3734.50
8R182224134,3734.50
8R182231014,1479.50
8R182231056,1479.50
8R182231068,1479.50
8R182231134,1479.50
8R182232014,1479.50
8R182232056,1479.50
8R182232068,1479.50
8R182232134,1479.50
8R182233014,1479.50
8R182233056,1479.50
8R182233068,1479.50
8R182233134,1479.50
8R182234014,1479.50
8R182234056,1479.50
8R182234068,1479.50
8R182234134,1479.50
8R182235014,1589.50
8R182235056,1589.50
8R182235068,1589.50
8R182235134,1589.50
8R182236014,1589.50
8R182236056,1589.50
8R182236068,1589.50
8R182236134,1589.50
8R182237014,3349.50
8R182237056,3349.50
8R182237068,3349.50
8R182237134,3349.50
8R182238014,3349.50
8R182238056,3349.50
8R182238068,3349.50
8R182238134,3349.50
8R182239014,3349.50
8R182239056,3349.50
8R182239068,3349.50
8R182239134,3349.50
8R182240014,3349.50
8R182240056,3349.50
8R182240068,3349.50
8R182240134,3349.50
8R182241014,3459.50
8R182241056,3459.50
8R182241068,3459.50
8R182241134,3459.50
8R182242014,3459.50
8R182242056,3459.50
8R182242068,3459.50
8R182242134,3459.50
8R182243014,3624.50
8R182243056,3624.50
8R182243068,3624.50
8R182243134,3624.50
8R182244014,3624.50
8R182244056,3624.50
8R182244068,3624.50
8R182244134,3624.50
8R182245014,3679.50
8R182245056,3679.50
8R182245068,3679.50
8R182245134,3679.50
8R182246014,3679.50
8R182246056,3679.50
8R182246068,3679.50
8R182246134,3679.50
8R182247014,3734.50
8R182247056,3734.50
8R182247068,3734.50
8R182247134,3734.50
8R182248014,3734.50
8R182248056,3734.50
8R182248068,3734.50
8R182248134,3734.50
8R182301014,1479.50
8R182301056,1479.50
8R182301068,1479.50
8R182301134,1479.50
8R182302014,1479.50
8R182302056,1479.50
8R182302068,1479.50
8R182302134,1479.50
8R182303014,1479.50
8R182303056,1479.50
8R182303068,1479.50
8R182303134,1479.50
8R182304014,1479.50
8R182304056,1479.50
8R182304068,1479.50
8R182304134,1479.50
8R182305014,1589.50
8R182305056,1589.50
8R182305068,1589.50
8R182305134,1589.50
8R182306014,1589.50
8R182306056,1589.50
8R182306068,1589.50
8R182306134,1589.50
8R182313014,3349.50
8R182313056,3349.50
8R182313068,3349.50
8R182313134,3349.50
8R182314014,3349.50
8R182314056,3349.50
8R182314068,3349.50
8R182314134,3349.50
8R182315014,3349.50
8R182315056,3349.50
8R182315068,3349.50
8R182315134,3349.50
8R182316014,3349.50
8R182316056,3349.50
8R182316068,3349.50
8R182316134,3349.50
8R182317014,3459.50
8R182317056,3459.50
8R182317068,3459.50
8R182317134,3459.50
8R182318014,3459.50
8R182318056,3459.50
8R182318068,3459.50
8R182318134,3459.50
8R182319014,3624.50
8R182319056,3624.50
8R182319068,3624.50
8R182319134,3624.50
8R182320014,3624.50
8R182320056,3624.50
8R182320068,3624.50
8R182320134,3624.50
8R182321014,3679.50
8R182321056,3679.50
8R182321068,3679.50
8R182321134,3679.50
8R182322014,3679.50
8R182322056,3679.50
8R182322068,3679.50
8R182322134,3679.50
8R182323014,3734.50
8R182323056,3734.50
8R182323068,3734.50
8R182323134,3734.50
8R182324014,3734.50
8R182324056,3734.50
8R182324068,3734.50
8R182324134,3734.50
8R182331014,1479.50
8R182331056,1479.50
8R182331068,1479.50
8R182331134,1479.50
8R182332014,1479.50
8R182332056,1479.50
8R182332068,1479.50
8R182332134,1479.50
8R182333014,1479.50
8R182333056,1479.50
8R182333068,1479.50
8R182333134,1479.50
8R182334014,1479.50
8R182334056,1479.50
8R182334068,1479.50
8R182334134,1479.50
8R182335014,1589.50
8R182335056,1589.50
8R182335068,1589.50
8R182335134,1589.50
8R182336014,1589.50
8R182336056,1589.50
8R182336068,1589.50
8R182336134,1589.50
8R182337014,3349.50
8R182337056,3349.50
8R182337068,3349.50
8R182337134,3349.50
8R182338014,3349.50
8R182338056,3349.50
8R182338068,3349.50
8R182338134,3349.50
8R182339014,3349.50
8R182339056,3349.50
8R182339068,3349.50
8R182339134,3349.50
8R182340014,3349.50
8R182340056,3349.50
8R182340068,3349.50
8R182340134,3349.50
8R182341014,3459.50
8R182341056,3459.50
8R182341068,3459.50
8R182341134,3459.50
8R182342014,3459.50
8R182342056,3459.50
8R182342068,3459.50
8R182342134,3459.50
8R182343014,3624.50
8R182343056,3624.50
8R182343068,3624.50
8R182343134,3624.50
8R182344014,3624.50
8R182344056,3624.50
8R182344068,3624.50
8R182344134,3624.50
8R182345014,3679.50
8R182345056,3679.50
8R182345068,3679.50
8R182345134,3679.50
8R182346014,3679.50
8R182346056,3679.50
8R182346068,3679.50
8R182346134,3679.50
8R182347014,3734.50
8R182347056,3734.50
8R182347068,3734.50
8R182347134,3734.50
8R182348014,3734.50
8R182348056,3734.50
8R182348068,3734.50
8R182348134,3734.50
8R190001014,379.50
8R190001046,379.50
8R190001053,379.50
8R190001054,379.50
8R190001059,379.50
8R190001065,379.50
8R190001066,379.50
8R190001101,379.50
8R190001105,379.50
8R190001107,379.50
8R190001109,379.50
8R190001110,379.50
8R190001111,379.50
8R190001113,379.50
8R190002014,379.50
8R190002046,379.50
8R190002053,379.50
8R190002054,379.50
8R190002059,379.50
8R190002065,379.50
8R190002066,379.50
8R190002101,379.50
8R190002105,379.50
8R190002107,379.50
8R190002109,379.50
8R190002110,379.50
8R190002111,379.50
8R190002113,379.50
8R191001014,4504.50
8R191001046,4504.50
8R191001054,4504.50
8R191001056,4504.50
8R191001101,4504.50
8R191001105,4504.50
8R191001107,4504.50
8R191001110,4504.50
8R191002014,3954.50
8R191002046,3954.50
8R191002054,3954.50
8R191002056,3954.50
8R191002101,3954.50
8R191002105,3954.50
8R191002107,3954.50
8R191002110,3954.50
8R191003014,3899.50
8R191003014-CH,3899.50
8R191003014-UK,3899.50
8R191003046,3899.50
8R191003046-CH,3899.50
8R191003046-UK,3899.50
8R191003101,3899.50
8R191003101-CH,3899.50
8R191003101-UK,3899.50
8R191003105,3899.50
8R191003105-CH,3899.50
8R191003105-UK,3899.50
8R191003107,3899.50
8R191003107-CH,3899.50
8R191003107-UK,3899.50
8R191003110,3899.50
8R191003110-CH,3899.50
8R191003110-UK,3899.50
8R192001001,544.50
8R192001014,544.50
8R192001046,544.50
8R192001065,544.50
8R192001068,544.50
8R192001101,544.50
8R192001107,544.50
8R192001109,544.50
8R192001110,544.50
8R192001111,544.50
8R192001113,544.50
8R192001133,544.50
8R192001134,544.50
8R193001001,489.50
8R193001014,489.50
8R193001046,489.50
8R193001065,489.50
8R193001068,489.50
8R193001101,489.50
8R193001107,489.50
8R193001109,489.50
8R193001110,489.50
8R193001111,489.50
8R193001113,489.50
8R193001133,489.50
8R193001134,489.50
900136N,87.42
900137N,101.92
900166N,87.42
900167N,223.47
900178N,14.03
900288N,88.83
900292N,45.82
900379N,14.03
900381N,27.12
900436N,4.68
900437N,14.03
900494N,116.88
900617N,79.48
900738N,27.12
900828N,179.99
900829N,179.99
901003N,126.69
901097N,92.57
901098N,144.93
93994,4.68
94187,64.52
94713,154.28
94714,191.68
94788,92.57
94831,88.83
94832,101.92
95118N,35.06
96037,75.27
96038,75.27
96104,288.92
96375N,35.06
96376N,36.93
96477,101.92
96566,86.49
96981N,87.42
96982N,116.88
96983N,156.61
97241,70.12
97242,73.87
97261,107.53
97296,129.97
97366,107.53
97368,359.98
97718,8.42
97793,223.47
97841N,186.07
97845N,133.24
97854N,32.73
97855N,42.08
98056N,53.76
98273N,101.92
98397N,17.77
98398N,36.47
98399N,55.17
98408N,73.87
98592,382.42
98615N,14.03
98651N,98.18
98653,257.12
98654,588.12
98661N,42.54
98663N,107.53
98687N,92.57
98713N,14.03
98719N,98.18
98752N,88.83
98754N,214.12
99201/55,58.34
99222,68.84
99345N,154.28
99346N,83.22
99353,135.58
99408,163.62
99413,247.78
99444,59.35
99457N,111.27
99464N,92.57
99466,27.12
99544N,8.42
99545N,27.12
99591N,8.42
99592N,27.12
99614N,88.83
99616N,88.83
99624,288.92
99665N,98.18
99666N,144.93
99691N,18.70
99777,74.78
99888,83.08
99983/05,150.89
99983/06,150.89
99983/13,150.89
99988/05,164.24
99988/06,164.24
99988/13,164.24
99990,15.43
99999,56.97
9B2211,6.78
9B22LED11L,8.87
9B22LED13L,8.67
9B22LED15,7.32
9B22LED17,7.85
9B22LED18,11.28
9B22LED21,8.98
9B22LED22,10.12
9B22LED23,10.67
9B22LED24,11.76
9B22LED25,17.12
9B22LED26,15.74
9B22LED27,15.74
9B22LED28,14.61
9B22LED29,12.94
9B22LED30,15.83
9B22LEDA60DC,6.29
9B22LEDSP95DC,7.13
9B22LEDST64DC,7.13
9E14LED13,3.51
9E14LED13F,2.45
9E27LED14F,5.28
9E27LED15A,7.72
9E27LED15F,6.95
9E27LED19DC,11.81
9E27LED20,9.22
9E27LED21,8.98
9E27LED22,10.12
9E27LED23,10.67
9E27LED24,11.76
9E27LED25,17.12
9E27LED27,15.74
9E27LED28,14.61
9E27LED30,15.83
9E27LED31,19.46
9E27LED32,17.34
9E27LEDA60DC,7.18
9E27LEDG95A,6.02
9E27LEDP38WW,9.57
9E27LEDSP125DC,8.69
9E27LEDSP95DC,7.13
9E27LEDST64DA,7.13
9E27LEDST64DC,7.13
9GU10LED4-4,4.22
9GU10LED9-3,9.80
9GU10LED9-4,9.80
9GU10LED9-5,9.80
9GU10LED9D-5,13.27
A-CAR-G9525E27,14.30
A-CAR-ST5825E27,14.30
A-FCL22/830,12.10
A-FCL22/865,12.10
A-FCL40/840,19.58
A-GU10ER-28,10.78
A-J118ER-120,4.18
A-J118ER-160,4.18
A-J118ER-230,4.18
A-JC20F-GY6.35,2.75
A-LED-21104227,17.38
A-LED-21203222,23.98
A-LED-21706127,21.78
A-LED-21706140,21.78
A-LED-21706240,21.78
A-LED-21906127,20.90
A-LED-21906140,20.90
A-LED-21906240,20.90
A-LED-22102427,12.10
A-LED-22102440,12.10
A-LED-22104227,14.30
A-LED-22104240,14.30
A-LED-22104427,14.30
A-LED-22104440,14.30
A-LED-22704227,16.50
A-LED-22704427,16.50
A-LED-23104227,19.58
A-LED-23205222,28.38
A-LED-23704227,21.78
A-LED-23704240,21.78
A-LED-24104227,26.18
A-LED-24205222,37.18
A-LED-24706227,28.38
A-LED-24706240,28.38
A-LED-24710240,31.90
A-LED-25104127,14.30
A-LED-25104140,14.30
A-LED-25104427,14.30
A-LED-25104440,14.30
A-LED-25704427,16.50
A-LED-26104127,19.58
A-LED-26104227,19.58
A-LED-26305222,26.18
A-LED-26706227,23.98
A-LED-28101427,12.10
A-LED-41050140,6.49
A-LED-41050340,6.49
A-LED-42050140,6.49
A-LED-42050240,6.49
A-LED-610384030,14.30
A-LED-620554060,8.25
A-LED-620555060,8.25
A-LED-670754060,9.35
A-LED-680795060,26.18
A-LED-690754060,9.35
A-LED-7107230,4.18
A-LED-7107240,4.18
A-LED-7109140,4.62
A-LED-7109230,4.62
A-LED-7109240,4.62
A-LED-73072,21.89
A-LED-7407140,5.39
A-LED-7409130,6.49
A-LED-7409140,6.49
A-LED-7710240,20.90
A-LED-812840,9.90
A-LED-8306227CS,27.50
A-LED-8506227CS,34.98
A-LED-864640,11.00
A-LED-875540,9.35
A-LED-8902222,32.78
A-LED-9103840,12.10
A-LED-970653055,16.50
A-LED-970654055,16.50
A-LED-L1180927,25.19
A-LVLH/1000,13.20
A-LVLH/300,6.60
A-LVLH/5,11.00
A-MR16-EXN-ULTRA,5.39
A-MR16-WFL-XENON,5.50
A-OVEN-15E14C,7.70
A-R63ER-28E27,10.78
A-SUCTIONCAP,2.20
A11131CH,22.00
A11132CH,38.50
A11133CH,44.00
A13011BC,21.52
A13011BLK,19.39
A13011WHT,19.39
A13011YEL,18.14
A13021BC,45.88
A13021BLK,44.13
A13021WHT,44.13
A13021YEL,41.27
A13022BLK,78.51
A13022WHT,78.51
A13041BC,22.24
A13041BLK,19.39
A13041WHT,19.39
A13041YEL,10.21
A13111BLK,5.02
A1504,83.01
A1506,83.01
A18631BLK,5.50
A18632WHT,22.54
A18633BLK,19.25
A18633WHT,33.79
A18634BLK,19.25
A18634WHT,45.06
A19411CHY,28.07
A19421AB,75.70
A19421BC,75.70
A19421BLK,67.85
A19421WHT,67.85
A2002,61.83
A2003,71.15
A20031AB,14.18
A21311BLK,42.35
A21311BLU,36.56
A21311GRN,23.65
A21311WHT,42.35
A21341BLK,40.74
A21341BLU,21.96
A21341PNK,21.96
A21341WHT,40.74
A223,143.14
A2325,143.14
A2333,143.14
A2334,143.14
A2335,151.61
A2336,151.61
A2515,26.26
A29111,67.91
A29111WHT,67.91
A29121WHT,99.10
A3180,313.39
A3183,352.35
A3192,80.47
A33511WHT,39.69
A34121,122.21
A3480,53.36
A3484,106.72
A3512,85.55
A3513,85.55
A3514,85.55
A3520,75.38
A36011,87.49
A38011BC,44.22
A38111WHT,24.26
A45411NKL,85.61
A45611,44.16
A49721BLK,97.01
A49731BLK,91.92
A49731WHT,83.00
A56211,105.08
A86321BLK,88.77
A86321WHT,92.19
A89391BLK-3,66.07
A96611BLK,85.68
A98511WHT,16.75
AB-60-Gold,3078.18
ABBEY1,256.04
ABBEY2,286.15
ABGHF200BLRDR,12.28
ABGHF200BLSQR,12.28
ABGHF200WHRDR,12.28
ABGHF200WHSQR,12.28
ABGHF250BLRDR,14.78
ABGHF250BLSQR,14.78
ABGHF250WHRDR,14.78
ABGHF250WHSQR,14.78
ABGHFLED200BLRDR,41.04
ABGHFLED200BLSQR,41.04
ABGHFLED200WHRDR,41.04
ABGHFLED200WHSQR,41.04
ABGHFLED250BLRDR,45.12
ABGHFLED250BLSQR,45.12
ABGHFLED250WHRDR,45.12
ABGHFLED250WHSQR,45.12
ACIEN-1P Long 31W,608.96
ACIEN-1P Round 49W,852.61
ACIEN-A1 10W,235.40
ACTRON- D/L S/STEEL,14.74
ACTRON-D/L WHITE,13.26
ADAM TL-BK,36.93
ADELAIDE-28 Led Mirror,351.94
ADELAIDE-36 Led Mirror,469.65
ADRIA TL-CHWH,79.01
ADRIA TL-GDBK,79.01
ADRIA-Aluminium,93.61
ADRIA-Black,93.61
ADRIA-Copper,148.72
ADRIA-Red,93.61
AERO1PBLK,79.20
AERO1PSC,101.20
AERO1PWH,79.20
AFRIKA-Black,101.48
AGRA TL-WHGY,41.98
AGRY-60 Black  Veneer,445.23
AGRY-60 Wood Veneer,445.23
AGRY-80 Black Veneer,653.46
AGRY-80 Wood Veneer,653.46
AHERN PE15-BSOP,1583.89
AHERN PE3-BSOP,410.47
AHERN PE6-BSOP,560.07
AIP2661,379.46
AIP2662,379.46
AIP2663,379.46
AIP2664,483.64
AIP2665,483.64
AIP2666,483.64
AIPL2667,433.66
AIPL2668,433.66
AIPL2669,433.66
AIPL2670,532.76
AIPL2671,532.76
AIPL2672,532.76
AIR-REM-V2,53.90
AKEN2,58.75
AKENTRI1,105.38
AKENTRI2,105.38
AKIRA BF-BKOAK,14.49
AKIRA BF-WHCP,14.49
AKIRA BF-WHOAK,14.49
AKIRA TL-WHCH,27.12
AKIRA TL-WHCP,27.12
AKRON TLL-BKAG,148.67
AKRON TLL-WHAG,148.67
ALA1204BL,134.79
ALA1204BL-L,168.78
ALA1204WH,130.67
ALA1204WH-L,164.66
ALA1304BL,147.57
ALA1304BL-L,185.76
ALA1304WH,143.45
ALA1304WH-L,181.64
ALB03-W,79.20
ALCONA FL-BE,172.04
ALCONA FL-BK,172.04
ALCONA FL-GN,172.04
ALEXY-9L,206.97
ALIANO-770 Black 12W,164.56
ALIANO-770 Chrome 12W,164.56
ALIANO-910 Gold,176.50
ALICANTE-12 Chr,2046.44
ALICANTE-3 Chr,748.11
ALICANTE-6 Chr,1098.90
ALICANTE-8 Chr,1478.90
ALICE-1 Black,87.89
ALICE-1 Silver,87.89
ALICE-2 Black,102.74
ALICE-2 Silver,102.74
ALISON BF30-AG,46.66
ALISON BF30-BK,46.66
ALISON BF30-CH,46.66
ALLURE TL-BKGD,92.57
ALLURE TL-BRSGD,97.24
ALLURE TL-NKSL,97.24
ALLURE TL-WHSL,92.57
ALP-760B-BA,160.93
ALP-760B-BK,143.99
ALP-760B-KO,160.93
ALP-760B-TE,160.93
ALP-760B-WH,143.99
ALP-760M-BK,247.17
ALP-760M-WH,247.17
ALP-780B-BA,182.49
ALP-780B-BK,165.55
ALP-780B-KO,182.49
ALP-780B-TE,182.49
ALP-780B-WH,165.55
ALP-780M-BK,281.05
ALP-780M-WH,281.05
ALST1WLGE,163.90
ALST1WSML,82.50
ALTA1,85.29
ALTA1W,88.33
ALTA2,85.29
ALTA2W,88.33
ALTA3,85.29
ALTA3W,88.33
ALTEZ OY50-WH3C,111.27
ALU-1800EXT-BK,43.12
ALU-1800EXT-WH,43.12
ALU-1PN-19W-GD,129.36
ALU-1PN-31W-GD,174.02
ALU-30CT-19W-GD,107.80
ALU-40CT-31W-GD,151.69
ALU-50CT-48W-GD,200.97
ALU-760B-BA,408.10
ALU-760B-BK,391.16
ALU-760B-KO,408.10
ALU-760B-TE,408.10
ALU-760W-BA,408.10
ALU-760W-KO,408.10
ALU-760W-TE,408.10
ALU-760W-WH,391.16
ALU-780B-BA,463.54
ALU-780B-BK,446.60
ALU-780B-KO,463.54
ALU-780B-TE,463.54
ALU-780W-BA,463.54
ALU-780W-KO,463.54
ALU-780W-TE,463.54
ALU-780W-WH,446.60
ALU-900EXT-BK,23.10
ALU-900EXT-WH,23.10
ALU-LED24-BK,47.74
ALU-LED24-WH,47.74
ALVEY SP1-BK,11.50
ALVEY SP1-WH,11.50
ALVEY SP2B-BK,27.91
ALVEY SP2B-GDBK,28.52
ALVEY SP2B-WH,27.91
ALVEY SP3B-BK,43.01
ALVEY SP3B-GDBK,46.28
ALVEY SP3B-WH,43.01
ALVEY SP4B-BK,62.55
ALVEY SP4B-GDBK,66.85
ALVEY SP4B-WH,62.55
ALYA-DOWN BLACK,48.40
AM2600,143.14
AM2605,151.61
AMA02-W,108.90
AMADEUS-1P Gold,1094.50
AMATRICE-3L,430.32
AMATRICE-5L,698.34
AMATRICE-8+4L,1487.42
AMATRICE-8L,1040.77
AMATRICE-A1,117.65
AMBIA TL-BK,45.82
AMBIA TL-GN,45.82
AMBIA TL-PK,45.82
AMBIA TL-WH,45.82
AMBIA TL.U-BK,45.82
AMBIA TL.U-WH,45.82
AMEL1PBLK,159.50
AMEL2WBLK,97.90
AMEL3CTCBLK,240.90
AMEL3PBLK,262.90
AMEL6PBLK,361.90
AMEL8PBLK,493.90
AMELIA 60XL.R-3C,242.17
AMELIA OY28-3C,49.04
AMELIA OY40-3C,69.05
AMITY FL35-BKSM,158.02
AMITY FL35-BRSAM,158.02
AMITY FL35-BRSOP,158.02
AMITY TL25-BKSM,89.06
AMITY TL25-BRSAM,89.06
AMITY TL25-BRSOP,89.06
AMITY WB25-BKSM,99.06
AMITY WB25-BRSAM,99.06
AMITY WB25-BRSOP,99.06
AMPARO FL-BK,306.68
AMUN1,97.86
AMUN2,97.86
AMUN3,130.99
AMUN4,165.64
ANANAS TL-CHM,199.11
ANCORA TL-GDBK,57.50
ANCORA TL-SL,57.50
ANDELA OYRD-850,139.32
ANDELA OYSQ-850,139.32
ANGL1EBLK,78.65
ANGL1EWHT,78.65
ANGOLO-BLACK,98.95
ANGOLO-WHITE,98.95
ANKA 0600-BK,15.85
ANKA 0600-WH,15.85
ANKA 1200-BK,21.46
ANKA 1200-WH,21.46
ANNA TL-BKDGY,57.97
ANNA TL-BLDGY,57.97
ANNA TL-WHDGY,57.97
ANNER-B/FIX,27.56
ANNI TL-CMWH,38.52
ANTARES-4 PDT,267.85
ANTERA PE40-BK,101.92
ANTERA PE40-NAT,101.92
ANTERA PE60-BK,156.15
ANTERA PE60-NAT,156.15
ANTHO-38 12W Chrome Vanity,118.91
ANTHO-68 18W Chrome Vanity,163.84
ANTON-1P,139.10
AOLED-24W-BK,46.20
AOLED-24W-WH,46.20
AOSTA PE06-BKFR,219.12
AOSTA PE13-BKFR,40.11
AOSTA PE15-BKFR,40.11
AOSTA PE20-BKFR,47.31
APIS1,63.97
APIS2A,66.20
APO02-F-APO02BL-SH,246.40
AQU-150LN-24W-ASH,422.73
AQU-150LN-24W-BK,422.73
AQU-150LN-24W-WAL,422.73
AQU-200LN-32W-ASH,662.97
AQU-200LN-32W-BK,662.97
AQU-200LN-32W-WAL,662.97
ARAGON PE35-WH,122.06
ARAGON PE52-WH,183.07
ARAGON PE75-WH,330.15
ARAS TL-GDBK,92.57
ARAS TL-SLBK,92.57
ARC3,6.55
ARC5,6.55
ARC6,6.55
ARC8,6.55
ARCA1PBLK,125.40
ARCA1PGLD,152.90
ARCA1PSC,141.90
ARCA3PBLK,218.90
ARCA3PGLD,258.50
ARCA3PSC,235.40
ARCA6PBLK,361.90
ARCA6PGLD,412.50
ARCA6PSC,379.50
ARCAN-4L BLACK,438.90
ARCAN-4L BRUSHED CHROME,493.90
ARCAN-4L BRUSHED GOLD,548.90
ARCAN-5L BLACK,504.90
ARCAN-5L BRUSHED CHROME,603.90
ARCAN-5L BRUSHED GOLD,658.90
ARCHER PE6-AG3K,670.40
ARCHER PE9-AG3K,1210.83
ARCHER WB3-AG3K,269.28
ARCO-6,1561.78
ARCOBALENO-25P,3298.90
AREMA CTC-WH3C,130.90
AREZZO PE150-BK,252.12
AREZZO PE150-SL,252.12
AREZZO PE240-BK,390.18
AREZZO PE240-SL,390.18
AREZZO-6L Black,263.99
AREZZO-6L Gold,274.99
AREZZO-6L White,263.99
ARGIA-1,133.98
ARGO-1P BLACK,114.51
ARGOS PE3-AGBK,156.33
ARGOS PE3-AGIV,156.33
ARGOS PE5-AGBK,221.13
ARGOS PE5-AGIV,221.13
ARGOS PE8-AGBK,356.89
ARGOS PE8-AGIV,356.89
ARGOS TL-AGBK,48.34
ARGOS TL-AGIV,48.34
ARGOS WB-AGBK,50.40
ARGOS WB-AGIV,50.40
ARIVA PE106-BK,606.25
ARIVA PE106-WH,606.25
ARIVA PE180-BK,246.09
ARIVA PE180-WH,246.09
ARIVA PE62-BK,244.04
ARIVA PE62-WH,244.04
ARIVA PE80-BK,315.10
ARIVA PE80-WH,315.10
ARIZ1ELGBLK,158.95
ARIZ1ESMBLK,109.45
ARMIS1,186.12
ARMIS2,186.12
ARMIS3,186.12
ARMIS4,155.08
ARMIS5,155.08
ARMIS6,155.08
ARMIS7,201.62
ARMIS8,201.62
ARMIS9,201.62
ARO1,62.56
ARO2,73.98
ARRIBA-F1,138.34
ARRIBA-F2,138.34
ARRIBA-T1,85.36
ARRIBA-T2,85.36
ART1SBLK,26.40
ART2RBLK,97.90
ART4RBLK,174.90
ARTEM-F/Lamp Black,304.87
ARTEM-F/Lamp Wood,304.87
ARTEMIS 58" Brushed Nickel,597.30
ARTEMIS 58" Distressed Koa,597.30
ARTEMIS 58" Maple,597.30
ARTEMIS 58" White,597.30
ARTHUR TL-BZWH,78.17
ARTHUR TL-RUSWH,78.17
ARTICHOKE-1L Copper,519.64
ARTICHOKE-1L Silver,519.64
ARTICHOKE-1L White,519.64
ARTICHOKE-3L Copper,718.96
ARTICHOKE-3L Silver,718.96
ARTICHOKE-3L White,718.96
ARTIZO TL-WHGD,96.02
ARVANE TL-BE,148.06
ARVANE TL-BK,148.06
ARVIN WB40-AG3C,70.12
ARVIN WB40-CH3C,70.12
ARVIN WB60-AG3C,96.02
ARVIN WB60-BK3C,74.05
ARVIN WB60-CH3C,96.02
ARVIN WB80-AG3C,114.07
ARVIN WB80-BK3C,87.05
ARVIN WB80-CH3C,114.07
ARZA3PGLD,295.90
ARZA5PGLD,438.90
ARZANO WB25-AB,93.22
ARZANO WB25-BK,93.22
ARZANO WB35-AB,109.96
ARZANO WB35-BK,109.96
AS142WU,67.10
ASPIN--1P Black,118.75
ASPIN-1P Chrome,125.02
ASPIN-1P White,118.75
ASSISI-T/LAMP Black Shade,141.08
ASSISI-T/LAMP White Shade,141.08
ASTANA CTC-BE3C,186.07
ASTANA CTC-GY3C,186.07
ASTR1PLEDBLK,350.90
ASTR1PLEDWHT,350.90
ASTRID OY33-BK3C,44.04
ASTRID OY33-CH3C,44.04
ASTRID OY33-SL3C,44.04
ASTRID OY43-BK3C,59.05
ASTRID OY43-SL3C,59.05
AT2610,133.83
AT2615,143.14
ATALA WB40-BKGD,83.03
ATALA WB40-WH,83.03
ATALA WB60-BKGD,97.52
ATALA WB60-WH,97.52
ATEN1,70.74
ATEN2,70.74
ATHENSG2,153.49
ATICO PE1-AGCHM,61.71
ATICO PE1-AGSM,61.71
ATICO PE15-AG,652.07
ATLANTA,130.24
ATOM-Bollard Black,389.29
ATOM-Bollard Silver,389.29
AU14380,218.70
AU1533-CC,205.99
AU1533-CC-1,105.75
AU2111-CC,117.50
AU2112-CC,299.75
AU2812-RU,134.89
AU2813-RU,364.62
AU3573-CC,259.23
AU5430-AB,166.07
AU5430-CC,166.07
AU5430-SS,166.07
AU5481-SI,145.92
AU700186,76.25
AU700187,174.22
AU700405,72.90
AU8021-BK,89.09
AU8022-BK,113.42
AU8082-GY,178.29
AU8082-SS,198.44
AUDRY-1L BLACK,308.22
AUL022BLK,89.87
AUL023WHT,61.06
AUL027WHT,19.49
AUL1023BLK,28.05
AUL1073WHT,46.66
AUL1079WHT,22.22
AUL1080BLK,22.22
AUL1110WHT,6.26
AUL1113BLK,19.31
AUL1113WHT,19.31
AUL1118,38.71
AUL1118BLK,38.71
AULDANA-20 Black G9,581.90
AULDANA-20 Gold G9,614.90
AULDANA-24 Black G9,735.90
AULDANA-24 Gold G9,768.90
AURO20WLEDCHR,143.00
AURO20WLEDGLD,143.00
AURO20WLEDWHT,115.50
AURO30WLEDCHR,181.50
AURO30WLEDGLD,181.50
AURO30WLEDWHT,154.00
AURORA PE20-RBW,102.85
AURORA PE30-RBW,143.06
AURORA PE40-RBW,223.47
AUSTRA-5L Black,193.38
AUTUMN01,124.07
AUTUMN02,279.22
AUTUMN03W,108.46
AUTUMN04TL,155.08
AVENUE-10+5,1935.40
AVENUE-12L,1488.74
AVENUE-3L,288.69
AVENUE-5L,416.74
AVENUE-8L,713.90
AVENUE-A1,133.82
AVERA EX15-BRS,246.09
AVI-1PN-25-E27-AM-GD,133.21
AVI-1PN-25-E27-CL-GD,133.21
AVI-1PN-25-E27-SM-GD,133.21
AVO-150LN-24W-ASH,377.30
AVO-150LN-24W-BK,377.30
AVO-150LN-24W-WAL,377.30
AVO-200LN-32W-ASH,585.97
AVO-200LN-32W-BK,585.97
AVO-200LN-32W-WAL,585.97
AYDIN PE28-AB,126.23
AYDIN PE35-AB,154.28
AZALEA TL-BKAG,49.04
AZALEA TL-WHCH,49.04
AZARO OYSQ-850,83.22
Amun2,97.86
Amun3,130.99
Amun4,165.64
Atlanta,130.24
B589,77.44
B659,67.98
BABA-1L COPPER,141.46
BAC-448-BK,147.84
BAC-448-WH,147.84
BAC-452-BK,160.16
BAC-452-WH,160.16
BACI TL-BLWH,69.10
BACI TL-BSWH,69.10
BACI TL-GYWH,69.10
BACO-1.2,300.52
BACO-1.25,300.52
BACO-20 W/B-Blk/Opal,139.10
BACO-25-W/B-Blk/Opal,232.93
BACO-2P,564.36
BACO-30-W/B-Blk/Opal,248.60
BACO-3P,623.75
BACO-58,467.45
BACO-A2 W/B,295.46
BACO-PM-20,139.10
BACO-PM-25,201.69
BACO-PT-20,139.10
BACO-PT-25,186.01
BACO61-30,649.17
BAFFLE-BL,6.00
BAFFLE-WH,6.00
BAFFO-2.2W LED,26.79
BAGOTA,230.88
BAHAMAS-A1,79.86
BAL-PLC218,24.10
BAL-PLC226,29.26
BAL-T818,22.19
BAL-T830,24.82
BAL-T836,26.86
BAL-T922,22.19
BAL-T932,22.19
BAL-T940,29.14
BALLANDO-1000 Black,3298.90
BALLANDO-1000 Chrome,3298.90
BALLANDO-1000 Gold,3298.90
BALLANDO-50 LONG BLACK,2354.00
BALLANDO-50 LONG CHROME,2483.47
BALLANDO-50 LONG GOLD,2588.24
BALLANDO-50 SMALL BLACK,1534.83
BALLANDO-50 SMALL CHROME,1568.93
BALLANDO-50 SMALL GOLD,1646.65
BALLANDO-75 BLACK,3295.60
BALLANDO-75 CHROME,3401.53
BALLANDO-75 GOLD,3529.85
BALLE1,45.39
BALLE1R,47.21
BALLE2,45.39
BALLE2R,47.21
BALLE3,45.39
BALLE3R,47.21
BALLY PE 08-AGMB,60.17
BALLY PE 08-AGOM,60.17
BALLY PE 08-BKOM,60.17
BALLY PE 08-NKOM,60.17
BALLY PE 10-AGMB,81.25
BALLY PE 10-AGOM,81.25
BALLY PE 10-BKOM,81.25
BALLY PE 10-NKOM,81.25
BALLY PE 12-AGMB,107.99
BALLY PE 12-AGOM,107.99
BALLY PE 12-BKOM,107.99
BALLY PE 12-NKOM,107.99
BALLY PE16-AGMB,173.82
BALLY PE16-AGOM,173.82
BALLY PE16-BKOM,173.82
BALLY PE16-NKOM,173.82
BALMORE-3 Black,364.10
BALMORE-3 Bronze,364.10
BALMORE-3 Chrome,364.10
BALMORE-5 Black,489.89
BALMORE-5 Bronze,489.89
BALMORE-5 Chrome,489.89
BALONE-4L 4X7W LED,297.71
BALTIMORE-P/Mount,319.00
BALTIMORE-P/T IP44,306.90
BALTIMORE-W/B IP44,324.50
BANCA-T1,79.64
BANCA-T2,79.64
BANCA-T3,79.64
BANDA1,71.01
BANDA2,118.26
BANDA3,189.72
BANDA4,271.69
BANDA5,71.01
BANDA6,118.26
BANDA7,189.72
BANDA8,271.69
BANDERA-1P Gold,823.90
BANEGA-40 Black,281.44
BANEGA-40 Wood,281.44
BANEGA-50 Black,341.00
BANEGA-50 Wood,341.00
BANEGA-60 Black,473.33
BANEGA-60 Wood,473.33
BANGKOK-PDT Black,269.34
BANGKOK-PDT Natural,269.34
BANQUET1,557.51
BAP-448-BK,121.66
BAP-448-BK-L,140.91
BAP-448-WH,121.66
BAP-448-WH-L,140.91
BAP-452-BK,132.44
BAP-452-BK-L,151.69
BAP-452-WH,132.44
BAP-452-WH-L,151.69
BAR-Opal,30.96
BARBA-0401-Up-Blk,56.43
BARBA-0402-Dn-Black,56.43
BARBARA-40 Black,116.00
BARCELONA,208.79
BARDO-Black,44.61
BARDO-White,44.61
BARDOT-25 Black/Clear,105.82
BARDOT-35 Black/Clear,141.13
BARDOT-40 Black/Clear,188.21
BARELLA-T/L (Gold/Grey Marble),187.17
BARK1P,75.90
BARK3P,163.90
BARRIQUE1,851.39
BARRIQUE2,762.83
BARROSA,31.90
BARRY,10.04
BASILO TL-AGOP,121.55
BASTON-1 Black,104.06
BASTON-1 Gold,118.91
BAT001,29.15
BAT002,35.32
BATFIX01,2.43
BAYRON-36 Black,206.97
BAYRON-36 Wood,206.97
BAYRON-58 Black,360.09
BAYRON-58 Wood,360.09
BAYRON-80 Black,653.46
BAYRON-80 Wood,653.46
BAYZ TL32-GY,64.52
BAYZ TL32-SD,64.52
BAYZ TL40-GY,83.22
BAYZ TL40-SD,83.22
BAZ-EL-413-WH,1.31
BB6-WH,32.62
BC-M-WH,37.77
BD2-448-BK,165.55
BD2-448-BK-L,184.80
BD2-448-WH,165.55
BD2-448-WH-L,184.80
BD2-452-BK,177.10
BD2-452-BK-L,196.35
BD2-452-WH,177.10
BD2-452-WH-L,196.35
BDC-448-BK,167.09
BDC-448-WH,167.09
BDC-452-BK,178.64
BDC-452-WH,178.64
BDL10,25.68
BE190ESPWH,112.42
BE220FSPWH,66.39
BE240ESPWH,96.57
BE3200SPWH,42.86
BE320ESPBK,51.98
BE320ESPWH,58.61
BE3300SPWH,48.18
BE330ESPBK,61.80
BE330ESPWH,70.85
BE3400SPSL,35.37
BE3400SPWH,42.97
BE340ESPBK,51.98
BE340ESPWH,58.61
BE3500SPWH,48.18
BE350ESPBK,61.80
BE350ESPWH,72.27
BE370ESPWH,82.73
BE380ESPWH,84.27
BE390ESPWH,99.58
BE500ESPBK,114.30
BE501ESPWH,95.83
BE510ESPBK,148.95
BE510ESPWH,148.95
BE511ESPWH,128.91
BE550ESPWH,87.89
BE6200SPWH,90.70
BEA-1 Black Down GU10 Rounded,31.74
BEA-1 White Down GU10 Rounded,31.74
BEACON-PL12-BLK,107.80
BEACON-PL12-BNZ,117.70
BEAT FL-BK,97.71
BEAT FL-CH,107.99
BEL-C1-WB,153.07
BELAZA-49W White,273.90
BELGIUM -SM W/B,59.40
BELGIUM-LG W/B,104.06
BELL1,50.63
BELL1PBLK,152.90
BELL1PGLD,163.90
BELLA 1T/L,124.14
BELLA 2 T/L,176.33
BELLA 3 T/L,186.28
BELLA 4T/L,124.14
BELLA 5 T/L,186.28
BELLA1,54.03
BELLA2,54.03
BELLA3,54.03
BELLAGIO-24 Chrome,687.89
BELLAGIO-32-Chrome,859.87
BELLAGIO-40 Chrome,1086.53
BELLUCCI-3L All Black,1013.38
BELLUCCI-3L Black and White,1013.38
BELMORE FL-TK,135.06
BELMORE FL-WL,135.06
BELMORE TL-TK,72.04
BELMORE TL-WL,72.04
BELVH-1L Adjustable,62.37
BELVH-2Track,93.61
BELVH-4 Plate,203.12
BELVH-4Track,187.44
BENCH-12 LED Black 1180mm,186.12
BENCH-12 LED Silver 1180mm,186.12
BENCH-12 LED White 1180mm,186.12
BENCH-12** nett LED WOOD 1180mm,416.68
BENCH-18 LED Black 1760mm,309.54
BENCH-18 LED Silver 1760mm,309.54
BENCH-18 LED White 1760mm,309.54
BENCH-18**nett LED WOOD 1760mm,532.01
BENCH-24 LED Black 2340mm,402.88
BENCH-24 LED Silver 2340mm,402.88
BENCH-24 LED White 2340mm,402.88
BENCH-24**nett LED WOOD 2340mm,649.72
BEND-BLACK  CCT,54.95
BENS1WBLK,48.40
BENS1WGLD,59.40
BENS1WSC,48.40
BENS1WW,48.40
BERGEN PE150-WL,172.79
BERLINO-3-S/C,135.91
BERLINO-5-S/C,170.28
BERN1PMBLK,64.90
BERN1PSBLK,42.90
BERNA-3-Ch,187.61
BERTY-1P,171.99
BESTRI1,72.36
BESTRI2,72.36
BET002WH,27.64
BEVERLY-25 ALL BLACK,94.05
BEVERLY-35 ALL BLACK,141.13
BEVERLY-40 ALL BLACK,188.21
BEVO1PWHT,99.00
BEXLEY FL-BK,81.25
BEXLEY FL-GN,81.25
BEXLEY FL-WH,81.25
BEXLEY TL-BK,70.97
BEXLEY TL-GN,70.97
BEXLEY TL-WH,70.97
BH152ESWBK,235.29
BH152ESWWH,235.29
BH161ESWBK,231.76
BH161ESWWH,231.76
BH202ESWWH,120.47
BH212ESWBK,143.19
BH212ESWWH,143.19
BICH1EBLK,84.15
BICH1ESLV,84.15
BICH1EWHT,84.15
BICI-3 BLACK,392.43
BICI-3 GOLD,405.96
BIG FELLA,12.91
BIG SLIM,60.31
BIKE-HL8001-2,116.93
BIL-15WL-5W-BR,56.98
BIL-15WL-5W-CH,56.98
BIL-30WL-5W-BR,80.08
BIL-30WL-5W-CH,80.08
BIO-B/FIX,23.65
BION-10L,766.75
BION-14L,996.11
BION-16L,1457.67
BION-6L,504.74
BION-8L,646.20
BIRGET PE30-BRW,74.05
BIRGET PE30-CF,74.05
BITETTO-1L PDT-Black,186.12
BITETTO-1L PDT-White,186.12
BK -under  carton qty(6),2.20
BK 100T (6),35.20
BK 105-S- Silver (6),37.18
BK 105-S- White (6),37.18
BK 1101-Black,38.94
BK 110SA-Black6),53.74
BK 110SA-Silver,53.74
BK 110SA-White(6),53.74
BK 115S-Black (6),56.05
BK 115S-Silver(6),56.05
BK 1201-Beige,43.12
BK 1201-Black,43.12
BK 1201-White,43.12
BK 130T Blk (6),55.77
BK 130T Green (6),55.77
BK 130T Grey (6),55.77
BK 130T White (6),55.77
BK 135-S-Black (6),53.74
BK 135-S-Silver (6),53.74
BK 1410-Black,164.40
BK 1410-White,164.40
BK 160S-Black,59.90
BK 165-S-Black (6),59.90
BK 165-S-Silver (6),59.90
BK 165-S-White (6),59.90
BK 180S-Black,63.97
BK 190S-Black,63.97
BK 2004-Black,62.87
BK 2201-Beige,45.49
BK 2201-Black,45.49
BK 2201-Silver,45.49
BK 2206-Silver,54.01
BK 2306-Beige,26.73
BK 2306-Black,26.73
BK 2306-Silver,26.73
BK 2401-Black,24.53
BK 2406-Beige,26.73
BK 2406-Black,26.73
BK 2406-Silver,26.73
BK 2501-Beige,53.74
BK 2501-Black,53.74
BK 2501-Silver,53.74
BK 26422-White,99.11
BK 500CO/1,204.33
BK 501CO/1,204.33
BK 8100C/1,258.06
BK 8101C/1,231.17
BLACKBAND1,61.24
BLACKBAND1X3,202.08
BLACKBAND2,61.24
BLACKBAND2X3,202.08
BLACKBAND3,69.53
BLACKBAND4,57.90
BLACKBAND5,61.24
BLACKBAND6,61.24
BLADE 36-WH3C,36.00
BLADE- 18W D300 X D600,192.06
BLADE- 36W D300 X D1200,221.87
BLADE- 36W D600 X D600,221.87
BLADE- 48W D600 X D600,281.44
BLADE- 54W D600 X D1200,385.66
BLADE- 72W D600 X D1200,430.32
BLISS 77XL.R-3C,251.52
BLISS 97XL.R-3C,419.81
BLK13,118.64
BLOC EX5-BK3C,37.03
BLOC EX5-SL3C,37.03
BLOC EX5-WH3C,37.03
BLOC EX8-BK3C,60.59
BLOC EX8-SL3C,60.59
BLOC EX8-WH3C,60.59
BLOG-A1 (6602),281.44
BLOSSOM-80 Black,735.40
BO 1851F-Black,389.29
BO 200-100-Silver,490.16
BO 2000-Bollard,428.18
BO 204-90-Silver,730.90
BO 3000-Bollard,389.29
BO 6522-Bollard,217.36
BOBO BF20-AGOM,45.82
BOBO BF20-BKCL,42.08
BOBO BF20-BKOM,42.08
BOBO PE01-AGOM,42.92
BOBO PE01-BKSM,42.92
BOBO PE04-AGOM,186.81
BOBO PE04-BKSM,186.81
BOBO PE05-AGOM,219.73
BOBO PE05-BKSM,219.73
BOBO PE10-AGOM,401.12
BOBO TL2-BKSM,88.83
BOBO TLA-AGOM,64.52
BOBO TLA-BKCL,64.52
BOBO WB1-AGOM,50.02
BOBO WB1-BKSM,50.02
BOCELLI-3,358.00
BOCELLI-8+4,1719.63
BOCINA01,77.94
BOCINA02,77.94
BODUM PE4-NK,324.82
BOEMIA-10L,1539.34
BOEMIA-24L,4981.08
BOEMIA-3L PDT,465.52
BOEMIA-6L,776.76
BOEMIA-8+4L,1678.05
BOEMIA-8L,1145.54
BOEMIA-A2,247.50
BOGO-10W Blk W/B 610x80x110m,94.11
BOK-03,201.69
BOK-06,109.23
BOK-62,107.86
BOK-63,196.84
BOK-83,118.64
BOK-83A,239.03
BOL-4EX-4W-BK,33.88
BOL-6EX-6W-BK,38.50
BOL-8EX-8W-BK,43.12
BOL1A,135.82
BOL2,75.70
BOL2A,135.82
BOL3A,135.82
BOL4A,135.82
BOLD-1L,58.19
BOLD-2L,78.76
BOLINGER-3L Black,234.25
BOLSENA-Black,99.94
BOLSENA-Silver,99.94
BONDI PE20-SM,83.45
BONDI PE30-SM,126.65
BONDI PE40-SM,215.00
BONITO1,297.83
BONITO2,670.23
BONITO3,1264.51
BONITO6,300.85
BONITO7,673.23
BONITO8,1271.28
BONN1PBLK,86.90
BONN1PGLD,93.50
BONN1PWHT,86.90
BONTAK-F/L  Black and Wood,125.73
BONTAK-F/L All Black,125.73
BONURA PE14-BKSM,70.03
BONURA PE14-NKCL,70.03
BONURA PE20-BKSM,119.07
BONURA PE20-NKCL,119.07
BORA-BLACK (3615),101.20
BORA-Bollard S/ST304,139.92
BORAL-Black,176.44
BORAL-Copper,251.63
BORAL-White,176.44
BORDA-97 Vanity 24W,192.78
BORDA1,45.60
BORDA2,45.60
BORDA3,45.60
BORDA4,45.60
BORDA5,57.01
BORDA6,57.01
BORKA-F/L,168.08
BORNEO-25 Black,147.40
BORNEO-25 Walnut,147.40
BORNEO-25 Wood,147.40
BORNEO-33 Wood,177.21
BORNEO-44,266.53
BORNEO-62 Wood,358.71
BOTANICA01,199.86
BOTANICA02,199.86
BOTANICA02A,206.86
BOTANICA03A,220.66
BOTANY-92-LED-D45,787.65
BOTANY-92-LED-D55,981.20
BOTANY-92-LED-D65,1085.43
BOTANY-92-LED-D75,1264.12
BOTANY-92-LED-D95,2329.42
BOUR1PBLK,75.90
BOUR1WBLK,64.90
BOUR3PBLK,152.90
BOUR5PBLK,262.90
BOUR8PBLK,372.90
BOW-120LN-36W-BR,883.19
BOW-1PN-E27-BR,179.41
BOW-20WL-15W-BR,110.11
BOW-25WL-15W-BR,132.44
BOWE-315,79.03
BOWE-410,120.28
BOWE2EBLK,109.45
BOWE2EWHT,109.45
BP-BL,3.35
BP-S,4.08
BRACCI PE-BRS,346.56
BRAMA-T/L (Black/Gold Marble),208.34
BRATA-A1 W/B,133.82
BRAZO-1 Lge,106.92
BRAZO-1 Small,66.33
BREA 3-AL83,29.92
BREA 3-BK83,29.92
BREA 3-BK85,29.92
BREA 3-WH83,29.92
BREA 3-WH85,29.92
BRERA CTC54-BK,226.78
BRERA PE2T-BK,204.20
BRERA PE3T-BK,364.23
BREVAN PE5-AGMB,346.89
BREVAN PE5-BKMB,346.89
BREVAN PE8-AGMB,575.03
BREVAN PE8-BKMB,575.03
BREVAN PE9-AGMB,645.15
BREVAN PE9-BKMB,645.15
BREVAN WB1-AGMB,55.17
BREVAN WB1-BKMB,55.17
BREVAN WB2-AGMB,114.07
BREVAN WB2-BKMB,114.07
BREVIK FL-BE,106.03
BREVIK FL-BK,106.03
BREVIK FL-GN,106.03
BREVIK FL-OG,106.03
BREVIK TL-BE,62.83
BREVIK TL-BK,62.83
BREVIK TL-GN,62.83
BREVIK TL-OG,62.83
BREX DL70-WHSL93,24.26
BREX DL93-WHSL93,26.13
BRF1050,76.76
BRF750,76.76
BRI-2EX-12W-BK,57.75
BRI-2EX-12W-WH,57.75
BRIANA FL-BK,42.08
BRIANA FL-BRW,42.08
BRIANA FL-GN,42.08
BRIANA FL-WH,42.08
BRICKTRI1,75.25
BRICKTRI2,75.25
BRICKTRI3,75.25
BRICKTRI4,75.25
BRIDGE,124.96
BRIELLA-A1 16W 3000K,328.90
BRIELLA-A2 24W 3000K,449.90
BRIGHTON01,137.10
BRIGHTON02,137.10
BRIGIDA-3L Black,87.89
BRIGIDA-5L Black,132.55
BRIGIDA-5L GOLD,151.91
BRIGIDA-A1 Black,79.86
BRIGIT-25 Black/Smoke,112.86
BRIGIT-35 Black/Smoke,150.53
BRIGIT-40 Black/Smoke,199.98
BRILLER1,83.18
BRILLER2,162.54
BRINDISI-Black,200.09
BRINDISI-White,200.09
BRINE PE28-AG,187.51
BRINE PE28-BK,187.51
BRINE PE28-NK,187.51
BRINE PE40-AG,313.18
BRINE PE40-BK,313.18
BRINE PE40-NK,313.18
BRINLEY EX28-BK,135.06
BRINLEY EX35-BK,229.12
BRISTOL,136.28
BRIXON EX30-BK,173.91
BRIXON EX40-BK,188.87
BRIZO TL-ABCL,127.16
BROOKLYN-1 BK GU10,38.45
BROOKLYN-1 P/A GU10,44.50
BROOKLYN-2 BK GU10,55.00
BROOKLYN-2 P/A GU10,66.88
BROTE1,85.76
BROTE2,85.76
BRUG2ECHA,38.50
BRYA1EBLK,141.90
BRYA1EWHT,141.90
BRZ-900EXT-BK,21.56
BRZ-900EXT-WH,21.56
BS024LSWSL,84.05
BS033ETWSL,61.15
BS122ESWWH,65.45
BS124ESWWH,84.15
BS132ESWWH,90.73
BS134ESWWH,114.14
BUDDY,23.66
BUG003,11.40
BUG004,11.40
BUGATTI-60 Vanity 12W,192.78
BUL-150PN-80W-BK,483.56
BUL-150PN-80W-BR,483.56
BUL-200PN-110W-BK,746.90
BUL-200PN-110W-BR,746.90
BULK1,88.59
BULK10,78.27
BULK11,34.38
BULK12,34.38
BULK13,34.38
BULK14,34.38
BULK15,32.92
BULK16,32.92
BULK17,32.92
BULK18,32.92
BULK2A,88.59
BULK3,88.59
BULK7A,91.54
BULK9,78.27
BUNK65-M2 wh-all colours**(24),38.66
BUNKER65- white**(24),40.15
BUNKER67-Black**(24),25.69
BUNKER67-White**(24),25.69
BURCH EX-BK,56.99
BURGESS PE06-BK,564.51
BURS1ELGBLK,153.45
BURS1ELGOBR,164.45
BURS1ESMBLK,96.25
BURS1ESMOBR,103.95
BURTON SP1-WH,32.73
BURTON SP2B-WH,64.52
BURTON SP3B-WH,92.57
BUSS2EBLK,75.90
BZ-104L-BL,179.26
BZ-FLANGE,20.02
BZ-POLE1-BL,27.34
BZ-POLE2-BL,53.36
BZ-POLE60-1BL,46.76
BZ-POLE60-2BL,76.98
BZ-POLE60-3BL,117.38
BZL-104L-BL,238.96
Bagota,230.88
Barrique1,851.39
Barrique2,762.83
Bonito1,297.83
Bonito2,670.23
Bonito3,1264.51
Botanica01,199.86
Botanica02,199.86
Bristol,136.28
Buddy,23.66
C ARGOS PE3-AG,156.33
C ARGOS PE5-AG,221.13
C ARGOS PE8-AG,323.98
C CADIZ FL-AGCHM,144.08
C CADIZ FL-CHCL,144.08
C CHAD FL-WD,156.33
C COLAIR PE5-BRS,904.05
C CRUZ FL-BKIV,185.13
C DOWNEY FL-BK,184.10
C DOWNEY FL-WH,184.10
C ELSON PE06-AG,127.53
C ELSON PE06-BK,127.53
C ETERNA FL2-AG,214.96
C FELTON PE06-AG,178.96
C FELTON PE06-BK,178.96
C FELTON PE09-AG,275.64
C FELTON PE09-BK,275.64
C FELTON PE12-AG,385.69
C FELTON PE12-BK,385.69
C FELTON TL-BK,48.34
C FELTON TL-BKM,48.34
C FELTON TL-WHM,48.34
C FELTON WB1-AG,24.68
C FELTON WB1-BK,24.68
C FELTON WB2-AG,30.86
C FELTON WB2-BK,30.86
C FELTON WBA-AG,42.17
C FELTON WBA-BK,42.17
C GASTON PE2-AG,42.17
C GASTON PE2-BK,42.17
C GASTON PE6-AG,229.36
C GASTON PE6-BK,229.36
C GASTON WB-AG,15.43
C GASTON WB-BK,15.43
C LAINE FL-AGIV,204.67
C LARK FL-AGOP,163.53
C LOVISA FL-OAK,140.90
C MONTE PE12-BRS,1162.21
C MONTE PE16-BRS,1110.78
C MONTE PE8-BRS,821.77
C ORTON PE7-AG,155.30
C ORTON PE7-BK,155.30
C OXFORD FL-ABGD,276.67
C SERENE PE06-BK,472.08
C SERENE PE08-BK,642.81
C SERENE PE09-BK,611.96
C SERENE PE16-BK,889.65
C SKAPA CS-WH,101.82
C TR060.24V,33.94
C TR200.24V,67.88
C TYSON PE06-AG,155.30
C TYSON PE06-BK,155.30
C VALE FL-BK,159.42
C-354-3-3L-CH,130.90
C-354-5-3L-GD,168.30
C-MAR-12- Red Small,305.96
C-MAR-12-Black Small,305.96
C-MAR-12-Black-Large,576.68
C-MAR-12-Chrome Small,305.96
C-MAR-12-Chrome-Large,576.68
C-MAR-12-Gold Small,305.96
C-MAR-12-Gold-Large,576.68
C-MAR-12-Red-Large,576.68
C-MAR-3-Amber,159.50
C-MAR-3-Black,159.50
C-MAR-3-Blue,159.50
C-MAR-3-Chrome,159.50
C-MAR-3-Gold,159.50
C-MAR-3-Purple,159.50
C-MAR-3-Red,159.50
C-MAR-5-Amber,196.90
C-MAR-5-Black,196.90
C-MAR-5-Blue,196.90
C-MAR-5-Chrome,196.90
C-MAR-5-Gold Only Crystal,234.25
C-MAR-5-Red,196.90
C-MAR-8L Black,253.00
C-MAR-8L Clear,253.00
C-MAR-8L Gold,253.00
C-MAR-A1 Black,65.84
C-MAR-A1 Clear,65.84
C-MAR-A1 Gold,65.84
C-MAR-A1 Red,65.84
C-MAR-A2 Black,82.33
C-MAR-A2 Clear,82.33
C-MAR-A2 Gold,82.33
C-MAR-A2 Red,82.33
C2942-BL,76.62
C3005-BL,31.54
C3005-WH,31.54
C3009-BL,31.54
C3009-WH,31.54
C345,196.50
C350,196.50
C351,196.50
C4025L-BL,67.63
C500,178.72
C501,178.72
C502,178.72
C740,175.33
C745,175.33
CADENA FL-BK,125.29
CADENA FL-WH,125.29
CADENA TL-BK,93.50
CADENA TL-WH,93.50
CADIZ FL-AGCRM,144.08
CADIZ TL-AGCRM,60.03
CADIZ TL-CHWH,60.03
CAGE-1P,127.77
CAGE1PLGE,49.50
CAGE1PMED,45.10
CAGE1PSML,31.90
CAGE376,22.07
CAIRO-Black,59.40
CAIRO-Silver,59.40
CAIRO-White,59.40
CALEDONIA-25L Chrome + (FREIGHT)*,4554.99
CALEDONIA-49L Chrome + (FREIGHT)*,7056.11
CALG2EBLK,64.90
CALG2ESLV,64.90
CALIZ1,106.52
CALIZ2,82.83
CALIZ3,100.60
CALIZ4,76.89
CAMB1EBLK,85.80
CAMB1EBRZ,85.80
CAMBRIDGE T/L White Shade,465.91
CAMBRIDGE-1P Copper,206.97
CAMERO WB-WH,36.47
CAMPANA1,71.05
CAMPANA2,71.05
CAMPANA3,71.05
CAMPANA4,71.05
CAN-15CT-GU10-BK,60.83
CAN-15CT-GU10-BR,60.83
CAN-15CT-GU10-WH,60.83
CAN-1PN-30-GU10-BK,100.87
CAN-1PN-30-GU10-BR,100.87
CAN-1PN-30-GU10-WH,100.87
CAN-1PN-50-GU10-BK,129.36
CAN-1PN-50-GU10-BR,129.36
CAN-1PN-50-GU10-WH,129.36
CAN-30CT-GU10-BK,99.33
CAN-30CT-GU10-BR,99.33
CAN-30CT-GU10-WH,99.33
CAN10,12.87
CAN10D,15.46
CAN12-TRI-B-BI-LT,70.36
CAN12-TRI-W-BI-LT,70.36
CAN12-TRI-W-WI-LT,70.36
CAN13,12.87
CAN13D,15.46
CAN16,12.87
CAN16D,15.46
CAN17,4.27
CAN1D,15.46
CAN20,4.27
CAN24,4.27
CAN28A,5.52
CAN2D,15.46
CAN33D,5.03
CAN34D,5.03
CAN35D,5.03
CAN36D,5.03
CAN37D,5.03
CAN38D,5.03
CAN39D,5.03
CAN4,12.87
CAN40D,5.03
CAN4D,15.46
CAN5,12.87
CAN5D,15.46
CAN6D,15.46
CAN7-TRI-B-BI-LT,53.66
CAN7-TRI-W-BI-LT,53.66
CAN7-TRI-W-WI-LT,53.66
CAN8,12.87
CAN8D,15.46
CAN9,12.87
CAN9D,15.46
CANALE-Black,251.63
CANALE-Slim,221.87
CANAMO1,66.76
CANAMO2,66.76
CANASTA1,102.66
CANASTA2,124.34
CANC-3EWW,6.24
CANC-4BWW,5.87
CANC-4SEWW,6.24
CANES-Black,116.93
CANNES,212.04
CANP-4BWW,3.35
CANP-4SEWW,4.20
CANTENA PE15-AB,101.92
CANTENA PE15-BK,101.92
CANTENA PE25-AB,191.68
CANTENA PE25-BK,191.68
CANTENA WB15-AB,124.64
CANTENA WB15-BK,124.64
CANTENA WB25-AB,210.38
CANTENA WB25-BK,210.38
CANTINA-6L Small,337.98
CANTINA-8L Large,403.48
CAP-3WLED-WW,7.68
CAP20,3.84
CAP25,0.96
CAPE16WLEDBLK,192.50
CAPE16WLEDWHT,192.50
CAPE20WLEDBLK,214.50
CAPE20WLEDWHT,214.50
CAPITOL-Black,41.53
CAPSTAN EX25-BK,61.80
CAPSTAN EX35-BK,84.85
CAPTIVA PE16-AG,806.90
CAPTIVA PE16-BK,776.99
CAPTIVA PE24-AG,1269.73
CAPTIVA PE24-BK,1229.53
CAPUCIO-6L,270.60
CAR-1CWL-40-E27-WH,140.14
CAR-1CWL-50-E27-WH,187.88
CAR-1PN-40-E27-WH,129.36
CAR-1PN-50-E27-WH,173.25
CAR-1PN-60-E27-WH,216.37
CAR-1PN-80-E27-WH,425.81
CARAMELLE1,79.64
CARAMELLE2,79.64
CARANDA-A1 Black,93.01
CARANDA-A1 Gold,104.78
CARDIFF,140.29
CARLI16WLED,258.50
CARLI20WLED,306.90
CARSIA-1P BLACK CCT,812.90
CARSIA-1P GOLD,812.90
CARSIA-1P SILVER,812.90
CARSON FL-NK,101.92
CASA1,135.99
CASA2,135.99
CASA3,135.99
CASAR WB-BE,55.17
CASCADE-1L BLACK,409.48
CASCADE-1L WHITE,409.48
CASPA-Bollard Flat Head BLACK,193.38
CASS1BFNAT,86.90
CASS1PSMBLK,93.50
CASS1TLBLK,127.60
CASSIA OY260-3C,16.78
CASSIA OY340-3C,26.18
CASSIA OY385-3C,33.66
CATANIA PE08-AG,363.06
CATANIA PE18-AG,867.03
CATINO-25 BLACK,102.74
CATINO-25 GOLD,105.71
CATINO-35 BLACK,144.32
CATINO-35 GOLD,147.24
CATINO-40 BLACK,178.48
CATINO-40 GOLD,181.50
CAVIAR4,77.50
CAVIAR5,77.50
CAVIAR6,77.50
CB001,115.47
CE9571-C,19.35
CEDRO PE1-BK,60.68
CEDRO PE4-BK,221.13
CEDRO PE5-BK,235.53
CELESTE F/Lamp Wood,281.33
CELESTE-F/Lamp Black,281.33
CELESTE-T/Lamp Wood,144.98
CELESTE1A,192.27
CELESTE2A,248.18
CELESTE3,209.79
CELINE-3L,340.23
CELINE-5L,535.26
CELINE-8+4L,1353.66
CELINE-A1,97.52
CELINE-A2,177.21
CENT10,230.45
CENT10-CAGE,7.19
CENTRALE-4 Black,324.72
CENTRALE-4 Gold,338.25
CERCO-CTC-D508 S/C,186.01
CERCO-PDT D800 Black,584.65
CERCO-PDT D800 S/Chrome,619.08
CERCO-PDT-D408 Black,156.26
CERCO-PDT-D508 Black,170.44
CERCUIT-40W Black Figure 8 Ctc,290.95
CERCUIT-40W White Figure 8 Ctc,290.95
CEREMA1,49.03
CEREMA2,62.72
CEREMA3,62.72
CEREMA4,45.60
CERONE TL-AGCLR,101.92
CERVARO-1L PDT Black,132.55
CERVARO-1L PDT White,132.55
CESTA-3-Gold,663.85
CESTA-6-Gold,1391.23
CESTA1,91.26
CF14DIM,6.55
CF15DIM,6.55
CF16DIM,6.55
CF17DIM,6.55
CF18DIM,8.89
CF19DIM,8.89
CF1A,28.99
CF20DIM,8.89
CF21DIM,8.89
CF22DIM,11.47
CF23DIM,11.47
CF24DIM,11.47
CF25DIM,11.47
CF26DIM,8.89
CF27DIM,8.89
CF28DIM,8.89
CF29DIM,8.89
CF30DIM,4.68
CF31DIM,4.68
CF32DIM,4.68
CF33DIM,4.68
CF34DIM,4.68
CF35DIM,4.68
CF36DIM,4.68
CF37DIM,4.68
CF38DIM,4.68
CF39DIM,4.68
CF3A,18.18
CF40DIM,4.68
CF41DIM,4.68
CF42DIM,4.68
CF43DIM,4.68
CF44DIM,4.68
CF45DIM,4.68
CF46DIM,12.46
CF47DIM,10.56
CF4A,18.18
CF5A,19.73
CF6A,19.73
CF7,21.08
CFP-345M-BK,95.48
CFP-345M-BK-L,129.36
CFP-345M-WH,95.48
CFP-345M-WH-L,129.36
CFP-348B-BA,144.76
CFP-348B-BK,127.82
CFP-348B-KO,144.76
CFP-348B-TE,144.76
CFP-348B-WH,127.82
CFP-352B-BA,156.31
CFP-352B-BK,139.37
CFP-352B-KO,156.31
CFP-352B-TE,156.31
CFP-352B-WH,139.37
CFP-360B-BA,167.86
CFP-360B-BK,146.30
CFP-360B-KO,167.86
CFP-360B-TE,167.86
CFP-360B-WH,146.30
CFP-367M-BK,133.21
CFP-367M-BK-L,167.09
CFP-367M-WH,133.21
CFP-367M-WH-L,167.09
CFP-372B-BA,198.66
CFP-372B-BK,175.56
CFP-372B-KO,198.66
CFP-372B-TE,198.66
CFP-372B-WH,175.56
CFT-1800EXT-BK,40.81
CFT-1800EXT-WH,40.81
CFT-348B-BA,240.24
CFT-348B-BA-L,274.12
CFT-348B-BK,223.30
CFT-348B-BK-L,257.18
CFT-348B-KO,240.24
CFT-348B-KO-L,274.12
CFT-348B-TE,240.24
CFT-348B-TE-L,274.12
CFT-348W-BA,240.24
CFT-348W-BA-L,274.12
CFT-348W-KO,240.24
CFT-348W-KO-L,274.12
CFT-348W-TE,240.24
CFT-348W-TE-L,274.12
CFT-348W-WH,223.30
CFT-348W-WH-L,257.18
CFT-352B-BA,251.79
CFT-352B-BA-L,285.67
CFT-352B-BK,234.85
CFT-352B-BK-L,268.73
CFT-352B-KO,251.79
CFT-352B-KO-L,285.67
CFT-352B-TE,251.79
CFT-352B-TE-L,285.67
CFT-352W-BA,251.79
CFT-352W-BA-L,285.67
CFT-352W-KO,251.79
CFT-352W-KO-L,285.67
CFT-352W-TE,251.79
CFT-352W-TE-L,285.67
CFT-352W-WH,234.85
CFT-352W-WH-L,268.73
CFT-360B-BA,301.07
CFT-360B-BA-L,334.95
CFT-360B-BK,279.51
CFT-360B-BK-L,313.39
CFT-360B-KO,301.07
CFT-360B-KO-L,334.95
CFT-360B-TE,301.07
CFT-360B-TE-L,334.95
CFT-360W-BA,301.07
CFT-360W-BA-L,334.95
CFT-360W-KO,301.07
CFT-360W-KO-L,334.95
CFT-360W-TE,301.07
CFT-360W-TE-L,334.95
CFT-360W-WH,279.51
CFT-360W-WH-L,313.39
CFT-372B-BA,331.87
CFT-372B-BA-L,365.75
CFT-372B-BK,308.77
CFT-372B-BK-L,342.65
CFT-372B-KO,331.87
CFT-372B-KO-L,365.75
CFT-372B-TE,331.87
CFT-372B-TE-L,365.75
CFT-372W-BA,331.87
CFT-372W-BA-L,365.75
CFT-372W-KO,331.87
CFT-372W-KO-L,365.75
CFT-372W-TE,331.87
CFT-372W-TE-L,365.75
CFT-372W-WH,308.77
CFT-372W-WH-L,342.65
CFT-900EXT-BK,21.56
CFT-900EXT-WH,21.56
CGE-AB,33.69
CGE-BL,33.69
CGE-CO,33.69
CGE-SC,33.69
CGH-1P-BL,37.41
CGH-1P-BS,37.41
CGH-1P-CH,37.41
CGH-1P-WH,37.41
CGK-BL,38.49
CGM-1P-SC,35.26
CGS-BL,33.94
CGS-CH,33.94
CH-DATA-BL,34.89
CH-MAGNET,4.68
CH-STD-IV,38.13
CHA-12PN-120W-BK,785.40
CHA-12PN-120W-BR,785.40
CHA-150LN-45W-BK,260.26
CHA-150LN-45W-BR,260.26
CHA-1PN-10W-BK,84.70
CHA-1PN-10W-BR,84.70
CHA-200LN-60W-BK,326.48
CHA-200LN-60W-BR,326.48
CHA-250LN-75W-BK,389.62
CHA-250LN-75W-BR,389.62
CHA-3PN-30W-BK,238.70
CHA-3PN-30W-BR,238.70
CHA-5PN-50W-BK,350.35
CHA-5PN-50W-BR,350.35
CHA-6PN-60W-BK,392.70
CHA-6PN-60W-BR,392.70
CHAD FL-WDBK,149.23
CHAD TL-WDBK,59.89
CHAMA001,56.10
CHAMA002,56.10
CHAMPAGNE-10 Round,523.71
CHAMPAGNE-12-Plate,711.32
CHAMPAGNE-15-Cluster,867.68
CHAMPAGNE-1P,76.62
CHAMPAGNE-6-Plate,383.02
CHAMPAGNE-7-Cluster,398.64
CHAMPAGNE-A2,164.12
CHAMPAN1,64.60
CHAMPAN1X3R,170.39
CHAMPAN1X3S,170.39
CHAMPAN2,64.60
CHAMPAN2X3R,170.39
CHAMPAN2X3S,170.39
CHAN-BL,8.76
CHAPEAU1,48.55
CHAPEAU3,60.70
CHAPEAU4,60.70
CHARM FL-BK,88.83
CHARM FL-TP,88.83
CHARM FL-VB,88.83
CHASKA WB-BK,110.33
CHASKA WB-CP,110.33
CHASKA WB-GD,110.33
CHASKA WB-SL,110.33
CHERRY-13 Black / Opal,383.90
CHERRY-13 Gold / Opal,438.90
CHES1EBLK,130.90
CHES1EWHT,130.90
CHESTER01,99.36
CHESTER02,99.36
CHEVEUX1,68.77
CHEVEUX2,68.77
CHEVEUX3,100.80
CHEVEUX4,100.80
CHEVRON-1L Chrome,132.55
CHEVRON-1L Gold,132.55
CHEVY-1L Chrome,111.65
CHEVY-1L Gold,111.65
CHIANTI-Black,112.42
CHIANTI-Silver,112.42
CHOLLA FL-NKWH,259.93
CHONE-PT,149.49
CHRISY-Up or Down Exterior W/B IP44,116.55
CHUVA1,136.49
CHUVA2,136.49
CHUVA4,136.49
CIAN-B/FIX,25.25
CIBO-Aluminium,139.10
CIBO-White,123.53
CINEMA-F/L-Black,207.30
CINEMA-FL-Bronze,207.30
CINEMA-T/L Black,135.03
CINEMA-T/L Bronze,135.03
CINTIA-4 PDT,545.60
CIOTOLA1,75.41
CIOTOLA2,108.12
CIOTOLA3,89.25
CIOTOLA4,125.73
CIOTOLA5,115.67
CIOTOLA6,132.01
CIR-22-WW,2.88
CIR-32-TP,3.60
CIR-32-WW,3.60
CIR-40-TP,4.31
CIR-40-WW,4.31
CIR10-40-TP,35.97
CIR10-40-WW,35.97
CIR20-22-WW,41.97
CIR20-32-TP,47.96
CIR20-32-WW,47.96
CKTRI01,24.77
CKTRI02,31.67
CKTRI03,38.55
CL2003-2,22.07
CL2005-2,22.07
CL2005-3,34.18
CL2021,76.25
CL2022,93.64
CL2030-1,18.59
CL205-12,23.27
CL205-24,29.98
CL205-52,26.38
CL207-12,23.27
CL207-24,29.98
CL207-52,26.38
CL2165-CH,22.19
CL2192-WH,22.19
CL2257-CH,54.20
CL347,241.40
CL355,241.40
CL356,241.40
CL420-24,58.87
CL420-36,62.59
CL420-36CW,62.59
CL430-SEN-WH,26.86
CL5003-8,59.36
CL503,193.12
CL506,232.93
CL507,232.93
CL508,232.93
CL610-1-Gold,264.88
CL612-3-Gold,510.79
CL8607-AB,51.80
CL8607-SC,51.80
CLA-348-BK,114.73
CLA-348-BK-L,133.98
CLA-348-WH,114.73
CLA-348-WH-L,133.98
CLA-352-BK,126.28
CLA-352-BK-L,145.53
CLA-352-WH,126.28
CLA-352-WH-L,145.53
CLA05-W,108.90
CLA111011,16.05
CLA1615L,79.46
CLA1615LBL,72.23
CLA1615S,66.20
CLA1615SBL,60.19
CLA166W,4.35
CLA4736CB,188.45
CLA4PB,8.45
CLA6PB,9.28
CLACFA25BC,14.73
CLACFA25ES,14.73
CLACFB25BC,16.19
CLACFB25ES,16.19
CLACFC25BC,8.47
CLACFC25ES,8.47
CLACFD25BC,10.19
CLACFD25ES,10.19
CLACFE25BC,10.19
CLACFE25ES,10.19
CLACFF25BC,13.77
CLACFF25ES,13.77
CLADL23SFP1.2M,9.54
CLADL24S,8.20
CLADL24SFP1.2M,11.19
CLADL25W,6.47
CLADR12WFP,14.99
CLAESH12V14W,1.83
CLAESH12V20W,1.83
CLAESH12V35W,1.83
CLAESHAR11135W,11.51
CLAESHG918W,4.97
CLAESHG928W,4.97
CLAESHG942W,4.97
CLAESLEDMULTI,51.71
CLAFCL22WWW,8.05
CLAFCL40WNW,9.80
CLAG4L15CW,8.63
CLAG4L3CW,7.88
CLAG4L3WW,7.88
CLAHACAN18WESCL,2.56
CLAHACAN18WESFR,2.56
CLAHACAN18WSBCFR,2.56
CLAHACAN28WSBCCL,3.11
CLAHACAN28WSBCFR,3.11
CLAHACAN28WSESFR,3.11
CLAHAFR18WBCCL,2.56
CLAHAFR18WBCFR,2.56
CLAHAFR18WESCL,2.56
CLAHAFR18WSBCCL,2.56
CLAHAFR18WSBCFR,2.56
CLAHAFR18WSESCL,2.56
CLAHAFR18WSESFR,2.56
CLAHAFR28WBCFR,3.11
CLAHAFR28WESFR,3.11
CLAHAFR28WSBCCL,2.56
CLAHAFR28WSBCFR,2.56
CLAHAFR28WSESCL,2.56
CLAHAGLS18WESCL,2.09
CLAHAGLS28WBCB,3.15
CLAHAGLS28WESB,3.15
CLAHAGLS28WESG,3.15
CLAHAGLS28WESY,3.15
CLAHAGLS42WBCCL,2.53
CLAHAGLS42WBCFR,2.53
CLAHAGLS42WESFR,2.53
CLAHAR5028WSES,3.15
CLAHAR6342WES,3.83
CLAHAR8053WES,3.83
CLAHASP53WBCFR,7.69
CLAHL150W,10.93
CLAHL275W,10.93
CLAJ118MM120W,2.72
CLAJ118MM230W,2.72
CLAJ189MM1000W,5.83
CLAJ78MM120W,2.72
CLAJ78MM80W,2.72
CLAJB12A,3.62
CLAJB6A,2.85
CLAK-WB Beige,31.79
CLAK-WB Black,31.79
CLAK-WB White,31.79
CLAL1.58B,8.33
CLAL1.58G,8.33
CLAL1.58Y,8.33
CLALEDRNDSCUBRGB,25.83
CLALEDRNDWHUBWW,17.59
CLALEDSQSCUBCW,17.59
CLALEDSQSCUBWW,17.59
CLAMHD35W5000K,15.83
CLAMHS35W4000K,34.20
CLAMR16FNVCESH35W,2.92
CLAR5011WSESWW,8.67
CLAREMOTE,11.58
CLARION EX1-BK,27.77
CLARION EX1S-BK,36.00
CLARION EX2-BK,36.00
CLARION EX2S-BK,47.31
CLARIS TL-BK,76.67
CLARIS TL-VB,76.67
CLARIS TL-WH,76.67
CLASP-BS,4.68
CLASP-SC,4.68
CLASSIC-34 Led Mirror 22W,251.90
CLASSIC1A,44.30
CLASSIC2A,44.30
CLAT211WSBCDL,7.33
CLAT514WWW,3.66
CLAW-SC,3.00
CLAW-WH,3.00
CLAW32,47.98
CLED-ANG700S-BL,35.01
CLED-EC12500,41.01
CLED-EC251400,42.45
CLED-EC9350,44.73
CLED-EYE350L-SI,23.74
CLED-EYE350S-SI,20.50
CLEO1,75.41
CLESSIDRA1,82.83
CLESSIDRA1W,82.83
CLESSIDRA1X3R,212.56
CLESSIDRA2,82.83
CLESSIDRA2W,82.83
CLESSIDRA2X3R,212.56
CLESSIDRA3,390.70
CLESSIDRA4,390.70
CLIO TL-BK,29.17
CLIO TL-BRW,29.17
CLIO TL-GN,29.17
CLIO TL-GY,29.17
CLIO TL-WH,29.17
CLISHE-4L Black,120.45
CLISHE-6L Black,178.48
CLL2143,213.54
CLL2171-CH,43.16
CLL8401-SC,37.88
CLL8508-BS,44.73
CLL8508-SC,44.73
CLOCHE1,227.67
CLOCHE2,227.67
CLOCHE3,284.56
CLOE-1-Gold,230.73
CLOV1PBLK,88.00
CLOV1PCH,104.50
CLOV1PGLD,115.50
CLOV3PBLK,207.90
CLOV3PCH,236.50
CLOV3PGLD,258.50
CLOV6PCH,379.50
CLOV6PGLD,412.50
CLS8401-WH,32.01
CLS8508-BS,35.38
CLS8508-SC,35.38
CLS8536-SC,22.19
CLS8536-WH,22.19
CLU200-CW,46.88
CLU250-D3CCT,61.63
CLU250-DCW,46.88
CLU250-DWW,46.88
CLU250-SCW,69.66
CLU300-D3CCT,83.22
CLUSTER1,37.24
CLUSTER2,37.24
CLUSTER3,136.24
CLUSTER4,136.24
CLY326-WH,27.58
COBY EX15-BK,223.47
COBY EX15-BRS,223.47
COIN-F/L Black,197.62
COIN-T/L Black,112.86
COIN-T/LAMP White,105.93
COLAIR PE4-BK,275.83
COLAIR PE4-BRS,275.83
COLLO-T1,73.93
COLLO-T2,73.93
COLLO-T3,73.93
COLLO-T4,73.93
COM-1 Black Down GU10 Squared,31.74
COM-1 White Down GU10 Squared,31.74
COM-2 Black Up/Down GU10 SQ,47.03
COM-2 White Up/Down GU10 SQ,47.03
COMET EX1-BK,18.61
COMET EX2-BK,27.12
COMET EX2S-BK,37.31
COMET01,28.63
COMET02,28.63
COMET03,28.63
COMET04,28.63
COMET05,22.78
COMET06,22.78
COMET07,23.86
COMET08,23.86
COMO-F/Lamp Black,387.26
COMO-Floor Lamp Wood,387.26
COMO-Table Lamp Black,257.62
COMO-Table Lamp Wood,257.62
COMSPEC-1Metre Track Only Black,28.44
COMSPEC-1Metre Track Only White,28.44
COMSPEC-2Metre Track Only Black,52.80
COMSPEC-2Metre Track Only White,52.80
COMSPEC-C Black,24.37
COMSPEC-C White,24.37
COMSPEC-Head Only Black,77.44
COMSPEC-Head Only White,77.44
COMSPEC-J Black,18.98
COMSPEC-J White,18.98
COMSPEC-T Black,29.76
COMSPEC-T White,29.76
COMSPEC-X Black,32.51
COMSPEC-X White,32.51
CON-348B-BA,183.26
CON-348B-BA-L,215.60
CON-348B-BK,166.32
CON-348B-BK-L,198.66
CON-348B-KO,183.26
CON-348B-KO-L,215.60
CON-348B-TE,183.26
CON-348B-TE-L,215.60
CON-348W-BA,183.26
CON-348W-BA-L,215.60
CON-348W-KO,183.26
CON-348W-KO-L,215.60
CON-348W-TE,183.26
CON-348W-TE-L,215.60
CON-348W-WH,166.32
CON-348W-WH-L,198.66
CON-352B-BA,194.81
CON-352B-BA-L,227.15
CON-352B-BK,179.41
CON-352B-BK-L,211.75
CON-352B-KO,194.81
CON-352B-KO-L,227.15
CON-352B-TE,194.81
CON-352B-TE-L,227.15
CON-352W-BA,194.81
CON-352W-BA-L,227.15
CON-352W-KO,194.81
CON-352W-KO-L,227.15
CON-352W-TE,194.81
CON-352W-TE-L,227.15
CON-352W-WH,179.41
CON-352W-WH-L,211.75
CON-356B-BA,204.05
CON-356B-BA-L,236.39
CON-356B-BK,188.65
CON-356B-BK-L,220.99
CON-356B-KO,204.05
CON-356B-KO-L,236.39
CON-356B-TE,204.05
CON-356B-TE-L,236.39
CON-356W-BA,204.05
CON-356W-BA-L,236.39
CON-356W-KO,204.05
CON-356W-KO-L,236.39
CON-356W-TE,204.05
CON-356W-TE-L,236.39
CON-356W-WH,188.65
CON-356W-WH-L,220.99
CON01L-T,118.80
CONDO PE-BK,37.87
CONDOR-3-CTC,154.77
CONDOR-3P,202.46
CONN003,0.20
CONN004,0.28
CONN005,8.01
CONN006,9.01
CONN007,10.01
CONTO-3L Black / Opal,174.90
CONTO-3L Black / Smoke,174.90
CONTO-3L Gold / Amber,185.90
CONTO-3L Gold / Opal,185.90
CONTO-3L White / Opal,174.90
CONTOUR1,31.54
CONTOUR2,32.77
CONTOUR3,32.77
CONTRI-01-P,94.60
CONUS-1P,561.28
COOL2EWHT,54.45
COOLIE01,125.73
COOLIE02,62.82
COOPERKLEEN40,11.74
COP-345M-BK,89.32
COP-345M-BK-L,121.66
COP-345M-WH,89.32
COP-345M-WH-L,121.66
COP-348B-BA,93.94
COP-348B-BK,77.00
COP-348B-KO,93.94
COP-348B-TE,93.94
COP-348B-WH,77.00
COP-352B-BA,105.49
COP-352B-BK,90.09
COP-352B-KO,105.49
COP-352B-TE,105.49
COP-352B-WH,90.09
COP-356B-BA,114.73
COP-356B-BK,99.33
COP-356B-KO,114.73
COP-356B-TE,114.73
COP-356B-WH,99.33
COPPER-A1 Coach Light,93.39
CORA12WLEDBLK,185.90
CORA12WLEDCH,214.50
CORA16WLEDBLK,213.40
CORA16WLEDCH,251.90
CORAZON1,50.26
CORAZON2,57.80
CORD-2C-TR,6.48
CORD1W,109.45
CORDERO-1T inc GU10 4.5W 4000K,49.06
CORDERO-2T inc GU10 4.5W 4000K,89.27
CORDERO-3T inc GU10 4.5W 4000K,119.08
CORDERO-4SQ inc GU10 4.5W 4000K,148.83
CORELLI FL2-AB,47.50
CORELLI FL2-DGY,46.66
CORELLI FL2-NK,47.50
CORELLI TL-DGY,23.84
CORSA PE150-BK,379.52
CORSA PE150-WH,379.52
CORT1EBLK,153.45
CORVUS TL-AB,127.53
COSCA EX145-BKSM,53.44
COSCA EX145-WHFR,53.44
COSCA EX180-BKSM,69.14
COSCA EX180-WHFR,69.14
COSMIC PE80-CH,354.37
COSMOTRI03,24.10
COSMOTRI04,32.15
COSMOTRI05,37.19
COSTA-Black/Silver W/Brkt,76.45
COSTA-TL-BLK,43.34
COSTA-TL-MIX,46.42
COSTA-TL-WH,43.34
COT-1EX-30-BK,80.08
COT-1EX-30-WH,80.08
COT-1EX-40-BK,100.87
COT-1EX-40-WH,100.87
COT-1EX-60-BK,154.77
COT-1EX-60-WH,154.77
COU-12PN-120W-GD,703.01
COU-150LN-30W-GD,328.79
COU-200LN-40W-GD,474.32
COUP1,134.11
COVE1ELGBRZ,136.40
COVE1ELGWHT,136.40
COVE1ESMBRZ,84.70
COVE1ESMWHT,84.70
CP1029,75.30
CP1041-1P-CH,38.97
CP1041-5P-CH,239.09
CP110-CH,102.87
CP12483-BL,214.14
CP12483-GO,214.14
CP200-SC,47.00
CP2012-CH,119.66
CP2176-SC,82.97
CP226-L,91.49
CP226-R6,79.13
CP2484-BL,353.11
CP2484-GO,353.11
CP5020-20P,170.86
CP576-DB,304.06
CP7156-WH,38.61
CP8317-CH,119.78
CR2127-1P,80.94
CR4257-7P,78.18
CR4803-CH,110.43
CR5172-2B,67.75
CR5742,90.17
CRA-1PN-E27-CL-GD,141.68
CRA-4PN-E27-CL-GD,281.05
CRC-HALE-18P,493.99
CRC-HALE-2B,56.47
CRE-12WL-G9-AB-BK,51.59
CRE-12WL-G9-AB-BR,51.59
CRE-12WL-G9-AB-WH,51.59
CRE-12WL-G9-OP-BK,43.12
CRE-12WL-G9-OP-BR,43.12
CRE-12WL-G9-OP-WH,43.12
CRE-14WL-G9-AB-BK,65.45
CRE-14WL-G9-AB-BR,65.45
CRE-14WL-G9-AB-WH,65.45
CRE-14WL-G9-OP-BK,56.21
CRE-14WL-G9-OP-BR,56.21
CRE-14WL-G9-OP-WH,56.21
CRE-AWL-20-RO-BK,12.32
CRE-AWL-20-RO-BR,12.32
CRE-AWL-20-RO-WH,12.32
CRE-AWL-30-OV-BK,16.94
CRE-AWL-30-OV-BR,16.94
CRE-AWL-30-OV-WH,16.94
CRE-AWL-30-RO-BK,16.94
CRE-AWL-30-RO-BR,16.94
CRE-AWL-30-RO-WH,16.94
CRE-AWL-32-OV-BK,21.56
CRE-AWL-32-OV-BR,21.56
CRE-AWL-32-OV-WH,21.56
CREA-BLACK,84.76
CREA-WHITE,84.76
CRECER-F1,113.81
CRECER-F2,113.81
CRECER-F3,113.81
CRECER-T1,68.28
CRECER-T2,68.28
CRECER-T3,68.28
CREST TL-ABGLD,55.17
CREVIL FL3-AGAM,186.53
CREVIL FL3-BKSM,186.53
CREVIL PE1-AGAM,55.96
CREVIL PE1-BKSM,55.96
CREVIL PE3-AGAM,168.86
CREVIL PE3-BKSM,168.86
CREVIL PE5-AGAM,264.09
CREVIL PE5-BKSM,264.09
CREVIL TL-AGAM,64.80
CREVIL TL-BKSM,64.80
CREVIL WB-AGAM,50.07
CREVIL WB-BKSM,50.07
CRI-CASA-5P,565.21
CRI-CASA-9P,1462.78
CRI-SPIR-2M,1810.49
CRISTAL1,106.48
CRISTAL2,106.48
CRISTALLO-1 W/B,84.26
CRISTALLO-F1,170.70
CRISTALLO-T1,113.81
CROSET FL-GD,92.57
CROSET TL-GD,76.67
CRUZ FL-BKIV,180.08
CRY-HALE-5P,163.78
CS-40 Gold/Chrome,1702.47
CS-70 Gold/Chrome,6120.40
CUAD1,313.06
CUAD2,512.29
CUAD3,256.12
CUB3LT15WLED,203.50
CUB4LT20WLED,235.40
CUBO-Post Top,104.89
CUCHARA1,56.90
CUCHARA2,56.90
CUCHARA3,71.13
CUCHARA4,71.13
CUCHARA5,71.13
CURSER-LO,12.23
CURSER-SH,12.23
CURTIS SP1-BK,16.83
CURTIS SP3-AB,43.01
CURTIS SP3-BK,43.01
CUSCO BF30-NATWH,43.06
CUSCO BF40-NATWH,67.04
CUSCO PE50-NATWH,99.06
CUSCO PE70-NATWH,144.08
CYRANO-A1,68.64
Cardiff,140.29
Ciotola1,75.41
Ciotola2,108.12
Ciotola3,89.25
Ciotola4,125.73
Ciotola5,115.67
Ciotola6,132.01
D.BOLL-Black,445.23
D.BOLL-Silver,445.23
D309-CL,64.87
D328-CL,43.04
D409-WH,80.21
D412-WH,110.91
D414-WH,150.12
D416-WH,289.80
D428-WH,48.20
D518-WH,348.19
D520-WH,350.59
D820-WH,350.59
D827-WH,717.00
D88065-WH,126.73
DACARAN-1 CTC Black,128.32
DACARAN-1 CTC Gold,140.09
DACARAN-1P Rod Black,140.09
DACARAN-1P Rod Gold,151.86
DACARAN-2 CTC Black,151.86
DACARAN-2 CTC Gold,163.62
DACARAN-2P Rod Black,163.62
DACARAN-2P Rod Gold,175.40
DACARAN-A1 Black,93.01
DACARAN-A1 Gold,104.78
DAKOTA PE-ALMB,70.12
DAKOTA PE-ALOK,70.12
DAKOTA PE-BKBM,61.15
DAKOTA PE-BKOK,61.15
DAKOTA PE-WHOK,61.15
DALI-3L,434.01
DALIDA-12L Spiral,1419.00
DALIDA-150 GOLD 2 TONE,86.95
DALIDA-250 GOLD 2 TONE,117.59
DALIDA-300 GOLD 2 TONE,152.90
DALIDA-400 GOLD 2 TONE,199.98
DALTON PE3-BK,173.91
DALTON PE4-BK,250.58
DALTON PE6-BK,363.72
DANA TL-AGWHM,128.10
DANA TL-NKGYM,128.10
DANMARK-Floor Lamp Black,351.94
DANMARK-Floor Lamp Wood,351.94
DAR-38CT-31W-GD,129.36
DAR-48CT-48W-GD,174.02
DARIEN PE12-ASH,1467.02
DARIEN PE6-ASH,529.21
DARIEN PE8-ASH,803.17
DARIEN WB2-ASH,157.08
DASH EX2-BK,70.12
DAVILA TL-WHGD,60.31
DAVINCI-12L-Chr,1086.53
DAVINCI-25L-Chr,2219.97
DAVINCI-3L-Chr,287.65
DAVINCI-5L-Chr,411.18
DAVINCI-8+4L-Chr,984.94
DAVINCI-8L-Chr,655.05
DAVINCI-A1L W/B,92.23
DAVINCI-A2L W/B,124.96
DAVOS,144.72
DAXIA PE60-BKGD,162.69
DAXIA PE60-WHGD,162.69
DAXIA PE80-BKGD,254.32
DAXIA PE80-WHGD,254.32
DAYTONA-90 Black 18W,148.72
DAYTONA-90 Chrome 18W,148.72
DAZ-150LN-50W-BK,307.23
DAZ-150LN-50W-BR,307.23
DAZ-200LN-72W-BK,431.97
DAZ-200LN-72W-BR,431.97
DBA-A1 Black 1X3W LED,37.68
DBA-A1 White 1X3W LED,37.68
DBA-A2 Black 2X3W LED,51.81
DBA-A2 White 2X3W LED,51.81
DC - 3 Matt Black,345.40
DC - 3 Matt Black with Light,421.30
DC - 3 Matt Nickel,345.40
DC - 3 Matt Nickel with Light,421.30
DC - 3 Matt White,345.40
DC - 3 Matt White with Light,421.30
DC2418,87.24
DC2460,36.42
DC2461,36.42
DC2462,36.42
DC2467,70.30
DC2468,70.30
DC2469,70.30
DC2470,89.78
DC2471,89.78
DC2477,161.78
DC2478,161.78
DC31203WH,147.76
DC31203WH-L,182.45
DC31203WH-LWC,192.38
DC31203WHWC,157.66
DC3SPEEDFAN,18.70
DC3WCM,29.57
DC3WCM-2,29.57
DCFAN3SPWC,18.86
DCFAN3SPWCL,18.86
DCHP602,16.94
DCHP6S,16.94
DCHP9S,16.94
DCPB208,31.34
DCPB209,31.34
DCR248,77.08
DCR249,77.08
DCR600,73.69
DCR601,73.69
DCR900,83.01
DCR901,83.01
DCR902,83.01
DCR903,83.01
DCR904,83.01
DCR905,83.01
DCR906,83.01
DCR907,83.01
DCRT244,73.69
DCRT910,83.01
DCRT911,83.01
DCRT912,83.01
DCRT913,83.01
DCS260,26.26
DCT0058,15.25
DCT0059,6.01
DCT0115,17.36
DCT0117,51.78
DCT0159,4.70
DCT0172,97.64
DCT0174,13.78
DCT0207,5.70
DCT0208,4.43
DCT0328,7.55
DCT0329,9.66
DCT0330,10.09
DCT0337,18.94
DCT0338,27.84
DCT0371,3.77
DCT0409,11.47
DCT0472,10.01
DCT2066,8.09
DCT2067,6.62
DCT2159,27.57
DCT2182,7.51
DCWALLCONTROL,33.10
DCWC2409,45.74
DEANA TL-BEOM,93.27
DECARO PE84-GD,1028.50
DECK01,55.13
DECK02,55.13
DECK03,68.90
DECK04,68.90
DECKSET 6 LED Blue,218.74
DECKSET 6 LED White,218.74
DEKSEL01,177.68
DEKSEL02,266.55
DEKSEL03,313.26
DEKSEL04,87.52
DEKSEL05,100.60
DEKSEL06,117.71
DEL-1211B-CW,9.90
DEL-1302S-CW,9.90
DEL-1306B-CW,7.70
DEL-1306W-CW,7.70
DELFINO EX-BK,91.54
DELFINO EX-BZ,91.54
DELFINO EX-GD,91.54
DELFINO EX-SL,91.54
DELHI,124.07
DELIA-1P Black,146.36
DELMAR WB-AGOM,92.57
DELMAR WB-BKCL,79.48
DELMAR WB-BKOM,79.48
DELORE EX-BK,78.54
DELORE EX-VB,78.54
DELORE EX-WH,78.54
DENIRO-1P,966.90
DENISE FL-AGIV,102.85
DENISE FL-BKBK,91.63
DENISE FL-CHRD,91.63
DENISE FL-CHWH,91.63
DENISE FL-WHWT,91.63
DENY FL-BK,116.88
DERICO-1-Black IP54,50.49
DERICO-1-P/ALUM IP54,51.98
DERICO-1-Silver IP54,50.49
DERICO-2-Black IP54,71.39
DERICO-2-P/ALUM IP54,71.39
DESIRE TL-AGWH,92.57
DESIRE TL-BKBK,92.57
DESOTA WB-WH,27.77
DEVO1EBRZ,84.70
DEVON-5 Black,329.99
DEVON-5 Chrome,431.81
DEVON-5L GOLD,445.34
DEX12WLEDBLK,196.90
DEX12WLEDWHT,196.90
DEX18WLEDBLK,235.40
DEX18WLEDWHT,235.40
DEX20WLEDBLK,317.90
DEX20WLEDWHT,317.90
DF-30-SC,35.97
DF-30-WH,35.97
DF-WIRE,21.70
DFA-14,74.70
DFA-28,71.82
DFL-14,49.52
DFL-21,46.52
DFL-8,29.02
DFS-14,68.46
DFS-28,83.22
DFS-8,37.77
DFSM-18-WH,23.98
DFSM-30-WH,29.98
DFSM-36-WH,35.97
DFT-14,81.17
DFT-21,113.07
DFT-8,29.02
DHAKA,136.17
DIA01C-T-DIA01-SH,173.80
DIABLO1,83.11
DIABLO2,83.11
DIAMOND-1P-Chrome,139.10
DIANA TL-CHWH,107.01
DIANA TL-GDWH,107.01
DIAZ TL-BKWH,120.62
DIAZ TL-BLWH,120.62
DIAZ TL-GNWH,120.62
DIAZ TL-RDWH,120.62
DILLION TL-SLWH,70.12
DIOR TL-BLAB,88.83
DISCO-1200,1446.12
DISCO-75,500.23
DISCO-90,647.35
DISLAY-A1 W/B,57.92
DIVA-4015CLIP,0.96
DIVA-FEED,5.28
DIVA1-DIF,0.96
DIVA1-FLEX-DL,11.99
DIVA1-FLEX-WW,11.99
DIVA1-WW,13.19
DIVA1200-JOIN,3.00
DIVA15-DL,78.18
DIVA15-WW,78.18
DIVA150-JOIN,2.28
DIVA1800-JOIN,3.48
DIVA3-DIF,1.32
DIVA3-DL,19.06
DIVA3-WW,19.06
DIVA300-JOIN,2.40
DIVA4-DIF,1.80
DIVA4-WW,23.98
DIVA600-JOIN,2.64
DIVA7-DIF,3.48
DIVA7-WW,46.76
DIVO1,69.38
DIVO10,58.94
DIVO2,69.38
DIVO4,58.94
DIVO5,58.94
DIVO6,58.94
DIVO7,58.94
DIVO8,56.95
DIVO9,58.94
DIXON EX1-SS,39.27
DIXON EX2-BK,55.96
DIXON EX2-SS,55.96
DIYBAT01,48.21
DIYBAT02,48.21
DIYBAT03,48.21
DIYBAT04,48.21
DIYBAT05,46.85
DIYBAT06,46.85
DIYBAT07,46.85
DIYBAT08,46.85
DIYBAT09,59.25
DIYBAT10,59.25
DIYBAT11,59.25
DIYBAT12,59.25
DIYBAT13,71.68
DIYBAT14,71.68
DIYBAT15,71.68
DIYBAT16,71.68
DIYBAT17,46.85
DIYBAT18,46.85
DIYBAT19,46.85
DIYBAT20,46.85
DIYBATC01,12.35
DIYBATC02,12.35
DIYBATC03,12.35
DIYBATC04,12.35
DIYBATC05,9.57
DIYBATC06,9.57
DIYPEN1,23.66
DIYPEN2,23.66
DIYVINTAJ1,39.81
DIYVINTAJ2,39.81
DIYVINTAJ3,39.81
DIYVINTAJ4,39.81
DIYVINTAJ5,39.81
DIYVINTAJ6,39.81
DL-BOON-Round,15.35
DL-BOON-Square,15.35
DL-BRISTOL-1,18.48
DL-BRISTOL-2-T,40.65
DL-BRISTOL-3-T,57.86
DL-BRISTOL-4-Sq,76.62
DL-BRISTOL-4-T,76.62
DLA-8,82.61
DLED24-30,70.26
DLED24-75,109.35
DLR-5,61.51
DLR-MR16P4-K,3.03
DLR-MR16P5-K,3.85
DLR-MR16S4-K,3.58
DLS-12,66.07
DLT-8,70.50
DLW-12-BL,65.11
DLW-12-GD,76.14
DLW-12-WH,65.11
DLW-18-BL,102.28
DLW-18-WH,102.28
DLW-8-BL,61.27
DLW-8-GD,61.27
DLW-8-WH,61.27
DLX-12-BL,70.50
DLX-12-CH,73.85
DLX-12-WH,70.50
DNA-6L D50,2124.60
DNA-8L D70,3736.37
DOCCIA1,120.44
DOCCIA2,120.44
DOLCE-1P Black,146.36
DOME1PWHT,57.20
DOMEZ FL-BKMAG,146.28
DOMEZ FL-BKMBZ,146.28
DOMEZ FL-BKTRZAG,146.28
DOMEZ FL-WHTRZBZ,146.28
DOMEZ TL-BKMAG,98.08
DOMEZ TL-BKMBZ,98.08
DOMEZ TL-BKTRZAG,98.08
DONDO-20W Black Pdt,189.42
DONNY-3-P/Alum,204.60
DONNY-A1,68.64
DONNY-A2,85.86
DORCEL FL-NKCL,148.67
DOTOLO-W/B,59.40
DOVE1EBLK,136.40
DOVE1EOBR,147.40
DOVER PE33-AS,159.89
DOVER PE33-BK,159.89
DOVER PE45-AS,198.03
DOVER PE45-BK,198.03
DOVER PE56-AS,282.18
DOVER PE56-BK,282.18
DOWNEY FL-BK,175.73
DOWNEY FL-WH,175.73
DREAM-10 Chrome,2715.41
DREAM-10 Gold,2715.41
DREAM-12 Chrome,2508.99
DREAM-12 Gold,2508.99
DREAM-18 Chrome,5088.60
DREAM-18 Gold,5088.60
DREAM-24 Chrome,8168.49
DREAM-24 Gold,8168.49
DREAM-6 Chrome,1821.16
DREAM-6 Gold,1821.16
DREAM-8 Chrome,2061.95
DREAM-8 Gold,2061.95
DRIV1,21.60
DRUM-12L Pdt,930.16
DRUM-8 Pdt,531.52
DTL10-TRI-B-LT,22.77
DTL10-TRI-W-LT,22.77
DTL12-TRI-B-LT,29.63
DTL12-TRI-W-LT,29.63
DTL18-TRI-B-LT,42.21
DTL18-TRI-W-LT,42.21
DTL25-TRI-B-LT,53.66
DTL25-TRI-W-LT,53.66
DTL35-TRI-B-LT,79.92
DTL35-TRI-W-LT,79.92
DU10730-BL,636.19
DU10WG24D1CW,4.64
DU324,592.55
DU4510-BZ,106.95
DU5710-SI,54.44
DU6002-BZ,134.77
DU83023-BL,937.62
DUAL-4015CLIP,1.08
DUAL-DIM,17.86
DUAL-FEED,5.51
DUAL1200-JOIN,4.08
DUAL150-JOIN,3.00
DUAL18-CA,83.81
DUAL1800-JOIN,5.04
DUAL3-CA,24.46
DUAL3-DIF,1.44
DUAL300-JOIN,3.23
DUAL600-JOIN,3.48
DUAW9002-BL,221.82
DUAW9005-GM,221.82
DUB-REF-BL,39.69
DUB-REF-SI,39.69
DUB80-BL,802.85
DUB80-SI,802.85
DUBAIG2,163.97
DUBAY-1 Charcoal,31.13
DUBMS80-BL,863.89
DUBMS80-SI,863.89
DUCHES-4L Black,352.88
DUCHES-4L White,352.88
DUE-1P BLACK,87.67
DUE-1P WHITE,87.67
DUF80-BL,350.59
DUFRY-1P Bell Pdt E14,328.90
DUH377-BR,119.19
DUH8302-BL,106.35
DUNA-30 DIY,36.52
DUNA-30 S/C,21.61
DUNA-40 DIY,44.66
DUNA-40 S/C,35.59
DUNA-50 S/C,70.35
DUP377-BR,153.71
DUP7010-BL,87.04
DUP7025-BL,116.91
DUP7030-BL,87.04
DURO 3R-BK83,22.91
DURO 3R-BK85,22.91
DURO 3R-WH83,22.91
DURO 3R-WH85,22.91
DUSA-LED-Black,106.26
DUSA-LED-Silver,106.26
DUT1107-OP,100.96
DUT6002-BZ,83.81
DUT7025-BL,107.79
DUT8302-BL,116.55
DUW2000-SI,30.58
DUW377-BR,155.03
DUW4000-SI,60.19
DUW5028-BL,413.90
DUW577-BL,174.10
DUW700-WH,91.25
DUW7010-BL,91.25
DUW7016-BL,109.35
DUW7025-BL,110.19
DUW7030-BL,91.25
DUW8000-BL,204.31
DUW8003-BL,204.31
DUW8100-BL,94.01
DUW8100-WH,98.80
DUW8270-BL,105.75
DUW8270-SI,105.75
DUW8273-BL,105.75
DUW8273-SI,105.75
DUW8302-BL,137.05
DY-1224-DIFFUSE,27.94
DY-1224-LOUVRE,71.23
DY-1224-REFLECT,78.77
DY-1524-DIFFUSE,34.65
DY-1524-LOUVRE,100.72
DY-1524-REFLECT,106.35
DY-624-LOUVRE,66.19
DY-624-REFLECT,52.39
DY-MOUNT,7.91
DY-TRACKADAPT,71.58
DYS-1224,71.94
DYS-1224-B,71.94
DYS-1524-B,77.94
DYS-624-DI,71.94
DYS-ANGLE,41.97
DYS-ENDS-SI,14.75
DYS-ENDS-WH,14.75
DYS-MULTI,33.69
Dhaka,136.17
Downrod Koa,46.20
Downrod Maple,46.20
Downrod White,46.20
E360,245.63
E361,245.63
E362,245.63
E363,254.95
E364,254.95
E365,254.95
E366,272.73
E367,272.73
E368,272.73
EA731,31.46
EAMON PE6-BKOM,360.21
EAMON PE6-BRSOM,368.16
EAMON PE8-BKOM,489.89
EAMON PE8-BRSOM,509.53
EAMON WB2-BKOM,107.01
EAMON WB2-BRSOM,116.83
EBIZA EX100-BK,106.96
EBIZA EX100-RST,106.96
EBIZA EX180-BK,214.96
EBIZA EX180-RST,214.96
EBIZA EX2-BK,162.50
EBIZA EX2-RST,162.50
EC7-TRI-B-LT,28.49
EC7-TRI-W-LT,28.49
ECHO WB-AG,40.11
ECHO WB-BK,34.13
ECHO WB-WH,34.13
ECO-W/B Black,120.23
ECOLINE-20 1800 Lumens Tri Switch,40.20
ECOLINE-40 3450 Lumens Tri Switch,66.55
ECONE 96WH-3C,27.77
EDC-452-BK-L,166.32
EDC-452B-BA-L,187.11
EDC-452B-KO-L,187.11
EDC-460-BK,166.32
EDC-460-BK-L,189.42
EDC-460-WH-L,189.42
EDC-460B-BA,187.11
EDC-460B-BA-L,210.21
EDC-460B-KO,187.11
EDC-460B-KO-L,210.21
EDC-460W-BA-L,210.21
EDC-460W-KO-L,210.21
EDC-B52-BA,20.79
EDC-B52-KO,20.79
EDC-B60-BA,20.79
EDC-B60-KO,20.79
EDER-3L Pdt,208.28
EDGE 060.20.3C,37.03
EDGE 120.40.3C,50.40
EDGEDC100,54.71
EDGEDC150,66.61
EFLEX-25,128.59
EFLEX-35,215.22
EFLEX-40,269.34
EGIPT-1L Black,62.26
EGIPT-1L Silver,62.26
EGO-A1 Black,148.56
EGO-A1 Silver,164.12
EGO-A1 White,148.56
EGO-EYE Black,154.77
EGO-EYE Silver,184.47
EGO-EYE White,154.77
EKIT900BLK,116.27
EKIT900BLK-R,116.27
EKIT900SLV,116.27
EKIT900SLV-R,116.27
EKIT900WH,116.27
EKIT900WH-R,116.27
EKOLUX-20W  LED 1800 Lumens,39.77
EKOLUX-40W  LED 3450 Lumens,69.58
EL095,45.74
EL096,45.74
ELANZA CTC40-WH,146.28
ELBA-1P Black,107.86
ELDON EX-BK,51.33
ELDON EX-WH,51.33
ELGAR WB-BK,33.10
ELGAR WB-NK,34.78
ELI01-D,127.60
ELI02-F,281.60
ELIE OY30-CH3C,83.22
ELIE OY40-CH3C,111.27
ELIE OY50-CH3C,139.32
ELIN1WBLK,82.50
ELIN1WCHR,93.50
ELIN1WGLD,97.90
ELITE 100WH-850,9.35
ELLIP01,53.02
ELLIP02,53.02
ELLIP03,84.59
ELLIP04,84.59
ELLIX-WL10-BLK,88.00
ELLIX-WL10-BNZ,88.00
ELON DL115-NK-3C,13.00
ELON DL115-WH-3C,9.26
ELSEE OY40-CL3C,104.72
ELSEE OY50-CL3C,150.53
ELSINKI-F/LAMP,292.00
ELSINKI-T/LAMP,187.61
ELSON PE06-AGAMT,214.96
ELSON PE06-AGCLP,214.96
ELSON PE06-AGFRT,214.96
ELSON PE06-AGOM,214.96
ELSON PE06-AGSM,214.96
ELSON PE06-AGSMT,214.96
ELSON PE06-BKAMT,214.96
ELSON PE06-BKCLP,214.96
ELSON PE06-BKFRT,214.96
ELSON PE06-BKOM,214.96
ELSON PE06-BKSM,214.96
ELSON PE06-BKSMT,214.96
ELT24V11WESDLAC,19.93
ELTZ OY28-CL3C,50.49
ELTZ OY40-CL3C,83.22
ELTZ OY50-CL3C,109.40
ELV-12EWW,20.14
ELWICK FL-BKSM,151.19
ELWICK FL-GN,151.19
ELWICK TL-BKSM,89.34
ELWICK TL-BRWAM,89.34
ELWICK TL-GN,89.34
EMERSON PE25-AG,84.43
EMERSON PE25-BK,84.43
EMERSON PE25-CH,84.43
EMERSON PE25-NK,84.43
EMERSON PE35-AG,120.76
EMERSON PE35-BK,120.76
EMERSON PE35-CH,120.76
EMERSON PE35-NK,120.76
EMERSON PE45-AG,171.81
EMERSON PE45-BK,171.81
EMERSON PE45-CH,171.81
EMERSON PE45-NK,171.81
EMP01-T-PORB-SH,332.20
EMP01-T-PORBL-SH,332.20
EMP01-T-PORG-SH,332.20
EMP01-T-PORS-SH,332.20
EMPOLI-1L,142.18
EMPORIA FL-BK,186.07
EMPORIA FL-WH,186.07
EMU-1EX-12W-BK,56.98
EMU-1EX-12W-WH,56.98
EMU-1EX-7W-BK,43.89
EMU-1EX-7W-WH,43.89
ENCORE 18.060-85,19.35
ENGLAND-30 Black,206.97
ENGLAND-30 Bronze,206.97
ENGLAND-30 Chrome,206.97
ENGLAND-30 Gold,206.97
ENOKI SPK3-BK324,124.64
ENOKI SPK3-WH324,124.64
ENVOY BF-OM,44.23
EOS2 EX1-BK,20.06
EOS2 EX1-WH,20.06
EOS2 EX2-BK,27.26
EOS2 EX2-WH,27.26
EPL 0601-Ladder Rest,670.67
EPL 1Light Post,467.45
EPL 2000-3P,1293.27
EPL 2000-P1,600.16
EPL 3000-1P,461.23
EPL 3112-2P,337.10
EPL 6522- Thick Post,295.46
EPL 6522-Slim Post,236.78
EPL 8101-Post,295.46
EPL 8101-Slim Post,236.78
EPM 1780LQ2 PM,335.06
EPM 180W1/1,340.51
EPM 2000-PM-Black,307.84
EPM 403-20,39.60
EPM 405-60,45.05
EPM 503FO/1-Black,404.19
EPM 503NO-P/M Black Large,426.47
EPM 503NO-P/M Black Medium,242.44
EPM 503NO-PM-Black Small,113.52
EPM 7030PM,92.95
EPM 8104-PM-Black,72.27
EPM 8302-PM,110.11
EPM-0107-20 Pillar Mount,152.90
EPM-0107-25 Pillar Mount,183.70
EPM-0107-30 Pillar Mount,207.90
EPM-0107-40 Pillar Mount,240.90
EPT 6501-Post Top,123.53
EPT 6523-Post Top,139.10
EQUADO-1,215.22
ER7-TRI-B-LT,28.49
ER7-TRI-W-LT,28.49
ERIKA CTC40-CH,290.79
ERIKA CTC40-GD,290.79
ERIKA CTC60-CH,554.46
ERIKA CTC60-GD,554.46
ERIKA PE-CH,235.62
ERIKA PE-GD,235.62
ERIKA PE1T-CH,472.18
ERIKA PE1T-GD,472.18
ERIKA PE2T-CH,779.79
ERIKA PE2T-GD,779.79
ERIKA-18 Gold,5481.52
ERIKA-30 Gold,8129.44
ERIN BF,25.71
ESCAMA1,54.02
ESCAMA2,54.02
ESLEN PT3-AB324,151.84
ESLEN PT3-BRS324,151.84
ESLEN PT3-SS324,151.84
ESLEN SP3-AB324,76.48
ESLEN SP3-BRS324,76.48
ESLEN SP3-SS324,76.48
ESMO TL-WHWH,186.07
ESPEJO1,62.24
ESPEJO1X3R,176.28
ESPEJO1X3S,176.28
ESPEJO2,62.24
ESPEJO2X3R,176.28
ESPEJO2X3S,176.28
ESPEJO3,62.24
ESPEJO3X3R,176.28
ESPEJO3X3S,176.28
ESPEJO4,62.24
ESPEJO4X3R,176.28
ESPEJO4X3S,176.28
ESPIRAL1,91.01
ESPIRAL2,91.01
ESRA WB-BK,67.74
ESRA WB-SL,67.74
ESRA WB-WH,67.74
ESTIQ FL-BK,103.78
ESTIQ FL-RD,103.78
ESTIQ FL-TP,103.78
ESTIQ TL-BK,49.55
ESTIQ TL-RD,49.55
ESTIQ TL-TP,49.55
ESTOVA TL-WDAG,105.66
ESTRADA EX-BK,82.28
ETERNA FL2-AGOM,195.42
ETERNA TL2-AGOM,107.53
ETERNA WB1-AGCL,48.11
ETERNA WB1-AGOP,48.11
ETERNA WB1-BKCL,48.11
ETERNA WB1-BKOP,48.11
ETERNA WB2-AGCL,80.50
ETERNA WB2-AGOP,80.50
ETERNA WB2-BKCL,77.56
ETH210VA,31.04
ETH50.302VA,36.87
ETRUSO WB-BE,60.78
EVA-Lge Blue,147.40
EVA-Lge Clear,133.98
EVA-Lge Coffee,147.40
EVA-Lge GOLD Canopy (with EVA,s),35.20
EVA-Lge GOLD SUSPENSION ONLY,46.97
EVA-Lge Mirror,147.40
EVA-Small Blue,110.06
EVA-Small Clear,104.06
EVA-Small Coffee,110.06
EVA-Small Mirror,117.59
EVITA-T/L Beige Shade,223.14
EWB 0107-200 WB Black,170.44
EWB 0107-250 WB Black,201.69
EWB 0711 Beige,49.89
EWB 0711 Black,49.89
EWB 0711 Silver,49.89
EWB 0712-Silver,77.44
EWB 0713-Black,55.11
EWB 099-A-Black,169.73
EWB 1501 White / Beige,28.44
EWB 1502 Black / White / Beige,28.44
EWB 1503-Black / White / Beige,28.44
EWB 1780STA W/B,326.10
EWB 180FO/1,340.51
EWB 180W/1,340.51
EWB 2000-AF-Black,239.03
EWB 2000-W/B-Black,256.25
EWB 3102-WB Beige / Black,84.26
EWB 370,134.31
EWB 4101-Beige,29.59
EWB 43112-White,163.41
EWB 503-150 WB White Arm,40.59
EWB 503-200 WB White Arm,44.83
EWB 506-250 Blk/Opal,79.86
EWB 506-250 Blk/Smoke,79.86
EWB 506-250 White/Opal,79.86
EWB 5207-Silver / Beige / Black,55.11
EWB 603-200-Smoke,46.53
EWB 603-250-Opal,72.60
EWB 6107-Black,67.54
EWB 6201-Beige,39.44
EWB 6501-WB-Black/Beige,123.53
EWB 6522-WB-Black/Beige,139.10
EWB 703P-Up or Down,92.95
EWB 8007-Black,99.77
EWB 8302-Up or Down,110.11
EX-108,88.33
EX-288,224.92
EX180ZOOMTORCH,47.37
EXCHARGINGPAD,34.94
EXDUOHEADLAMP,34.94
EXEC9012,62.77
EXECH4,62.77
EXECH7,62.77
EXECHU1,62.77
EXECHU2,62.77
EXELRIPPA,24.40
EXG 3732 Rd GU10,93.61
EXG 3733 Sq GU10,101.48
EXG 7331,135.91
EXG 7332,135.91
EXG 7333,135.91
EXG 7334,135.91
EXMINIFLOOD,45.39
EXP-2 Black Up/Down GU10 Rounded,47.03
EXP-2 White Up/Down GU10 Rounded,47.03
EXPRE-1 W/Bracket 18W LED,189.42
EXT12WLEDBLK,185.90
EXT12WLEDCH,196.90
EXT18WLEDCH,251.90
EXT20,32.62
EXT20-DIF1,11.28
EXT20WLEDCH,368.50
EXT25,32.62
EXT25-DIF1,11.28
EYFEL-F/Lamp Black,177.27
EYFEL-F/Lamp White,177.27
EYVOR EXWB4-BK,13.37
EYVOR EXWB8-BK,21.08
F1016,175.42
F1051-BL,219.54
F1051-SS,230.69
F1060-SI,17.03
F1062,232.61
F1068,828.03
F1081-BL,141.48
F1303,50.00
F1305,44.48
F1600,676.95
F1642-SB,45.44
F240-GR,219.05
F259L-BL,94.24
F30/201-RG,27.50
F3291-BL,95.20
F3356-BL,90.17
F3398-BL,90.17
F5301L-BL,117.74
F587,23.27
F6000-SM,48.20
F6000-WH,48.20
F6001-SM,65.23
F6001-WH,65.23
F6002-SM,96.40
F6002-WH,96.40
F6003-SM,184.28
F6003-WH,184.28
F6004-SM,273.37
F6004-WH,273.37
F6005-WH,709.81
F60382-PED,729.60
F60382-R5,729.60
F60382-R8,729.60
F60382-SYM,729.60
F6601-SI,29.49
F6601-WH,29.49
F6602-WH,46.17
F6603-WH,46.17
F7060-SI,14.87
F7171L-BL,100.47
FAB1BFSLRE,20.90
FAB1PSLRE,30.80
FABRICA PE40-WH,101.82
FADRO EX10-BK,21.60
FADRO EX10-WH,21.60
FADRO EX18-BK,28.80
FADRO EX18-WH,28.80
FAH18WPL,31.90
FAN0053,66.87
FAN0080,85.86
FAN0135,105.49
FAN0148,226.84
FAN0374,207.21
FAN0455,221.64
FAN0530,390.24
FAN0532,265.34
FAN1060,236.47
FAN2042,498.88
FAN2104,41.77
FAN2444,33.11
FAN5856,42.43
FAN5883,88.36
FAN5890,102.72
FAN5896,125.13
FAN7194,79.43
FARBON FL-BK,61.71
FARBON FL-BL,61.71
FARBON FL-GN,61.71
FARBON FL-RD,61.71
FARBON FL-WH,61.71
FARBON FL-YEL,61.71
FARBON TL-BK,44.88
FARBON TL-BL,44.88
FARBON TL-RD,44.88
FARBON WBL-WH,43.20
FARNIX PE04-AG,300.14
FARNIX PE04-NK,300.14
FARNIX PE06-AG,391.76
FARNIX PE06-NK,391.76
FARNIX PE10-AG,728.37
FARNIX PE10-NK,728.37
FARNIX WB-AG,76.67
FARNIX WB-NK,76.67
FARO FL-AG,226.27
FARO FL-BK,187.94
FARO FL-CH,226.27
FARO FL-WH,187.94
FARO1,91.45
FARO2,91.45
FATINA-1L White,147.40
FB1060,117.99
FB1461,19.79
FB1480,29.85
FB1490,27.70
FB3003,144.36
FB5601,23.27
FB6931,19.43
FB6933,20.75
FB6934,68.71
FB6937,47.37
FC010124WH,126.43
FC100253BK,388.03
FC100253BKKIT,679.04
FC100253DTKIT,679.04
FC100253WH,388.03
FC100253WHKIT,679.04
FC1100133WH,233.17
FC1110143WH,254.00
FC1128143BB,153.52
FC1130153WH,139.53
FC1138153BK,163.37
FC1138153WH,163.37
FC1140BKWIFI,226.79
FC1140WHWIFI,226.79
FC1148BKWIFI,258.43
FC1148WHWIFI,258.43
FC1180134WH,139.32
FC1188134WH,154.28
FC190135BR,293.89
FC2110093WH,105.63
FC2110123WH,116.31
FC2110133BK,126.98
FC2110133DT,136.42
FC2110133WH,126.98
FC2110134WH,132.32
FC2118093WH,126.98
FC2118123WH,137.65
FC2118133BK,148.32
FC2118133DT,161.90
FC2118133WH,148.32
FC2118134WH,153.66
FC250134BK,117.21
FC250134BS,121.11
FC250134WH,117.21
FC252134BK,130.23
FC252134BS,133.95
FC252134WH,130.23
FC360123BB,120.49
FC360123RB,127.82
FC360143BB,219.66
FC360143RB,238.49
FC360163BB,336.18
FC368123BB,142.46
FC368123RB,152.88
FC368143BB,187.65
FC368143GR,182.09
FC368163BB,180.78
FC368163GR,151.18
FC368163WH,175.28
FC47918LBK,135.19
FC47918LWH,101.92
FC479210WH,240.52
FC47921LBK,155.47
FC47921LGR,155.47
FC580133BK,153.21
FC580133WH,153.21
FC587133BK,191.11
FC620133GBK,207.68
FC628133GBK,242.44
FC640134RBS,95.92
FC652134RBK,99.00
FC660134BK,117.21
FC660134WH,117.21
FC662134BK,143.25
FC662134WH,143.25
FC700124BK,165.59
FC700124WH,165.59
FC700133BK,164.20
FC700133WH,164.20
FC700134BK,181.67
FC700134BKHA,193.04
FC700134WH,181.67
FC700134WHHA,193.04
FC708124BK,203.15
FC708124WH,203.15
FC708133BK,203.69
FC708133WH,203.69
FC708134BK,219.49
FC708134BKHA,229.17
FC708134WH,219.44
FC708134WHHA,229.17
FC760143BC,119.99
FC768143BC,119.99
FC768143RB,246.27
FC768143WH,126.02
FC770134WH,142.32
FC777134BK,182.01
FC777134WH,188.83
FC880153BK,289.85
FC880153CY,299.20
FC880153WH,289.85
FC888153BK,327.25
FC888153CY,336.60
FC888153WH,327.25
FC920124WH,85.03
FC922124RBC,124.05
FC922124RWH,124.11
FC922124WH,96.53
FC940123BK,107.67
FC940123WH,107.67
FC947123BK,130.33
FC947123WH,130.33
FC950124WH,90.71
FC958124WH,111.07
FC970123BK,188.93
FC970123WH,188.93
FC970133BK,207.15
FC970133WH,207.15
FC978123BK,229.81
FC978123WH,229.81
FC978133BK,251.10
FC978133WH,251.10
FC990186BCKIT,376.34
FC990186GRKIT,364.16
FC990216BCKIT,410.26
FC990216GRKIT,398.09
FD-COB-15W Silver,85.97
FD-COB-15W White,85.97
FD010124SS,74.91
FD10W EPISTAR Wh Cool/Warm,40.65
FD10W FLAT White 3000K/6000K,25.25
FD10W IP54 FLAT Silver 3000K/6000K,28.21
FD10W IP54 FLAT White 3000K/6000K,28.21
FD110600BC,22.16
FD110600CH,19.36
FD110600WH,22.16
FD110900BG,31.57
FD130900BS,31.57
FD180124BC,33.66
FD180124WH,34.32
FD190900BR,30.88
FD20W EPISTAR Wh  Cool/Warm,76.62
FD231134BC,34.42
FD250600BK,22.94
FD250600BS,22.94
FD250600WH,22.94
FD250900BK,37.40
FD250900BS,37.40
FD250900WH,37.40
FD25W EPISTAR Wh Cool/Warm,115.72
FD360600BC,33.01
FD360600BK,27.09
FD360600BZ,21.84
FD360600RB,31.46
FD360600SS,51.69
FD360600WH,29.55
FD360900BC,35.63
FD360900BK,30.28
FD360900BZ,28.83
FD360900GR,33.01
FD360900RB,31.45
FD360900SS,79.11
FD360900WH,33.01
FD476090BC,34.95
FD476090GR,37.49
FD476090WH,34.95
FD476180GR,58.45
FD476180WH,55.91
FD476240GR,83.88
FD4791800WH,29.89
FD4792400BC,65.56
FD479300WH,19.11
FD479460BC,22.02
FD50W EPISTAR Wh Cool/Warm,217.36
FD560600WH,30.39
FD598600BC,29.88
FD598600RB,29.23
FD598600WH,27.29
FD598900BC,34.95
FD598900RB,30.83
FD598900WH,28.55
FD652900WH,33.15
FD660600BK,22.35
FD660600WH,22.35
FD660900BK,32.59
FD660900WH,32.59
FD798600WH,21.84
FD798900WH,31.33
FD858600BK,22.94
FD858600WH,22.94
FD858900BK,32.90
FD858900WH,32.90
FEDERAL-40 WHITE,206.97
FEDERAL-60 BLACK,355.85
FEDERAL-60 WHITE,355.85
FELTON PE06AGAMT,261.24
FELTON PE06AGCLP,261.24
FELTON PE06AGFRT,261.24
FELTON PE06AGOM,261.24
FELTON PE06AGSM,261.24
FELTON PE06AGSMT,261.24
FELTON PE06BKAMT,261.24
FELTON PE06BKCLP,261.24
FELTON PE06BKFRT,261.24
FELTON PE06BKOM,261.24
FELTON PE06BKSM,261.24
FELTON PE06BKSMT,261.24
FELTON PE09AGAMT,399.06
FELTON PE09AGCLP,399.06
FELTON PE09AGFRT,399.06
FELTON PE09AGOM,399.06
FELTON PE09AGSM,399.06
FELTON PE09AGSMT,399.06
FELTON PE09BKAMT,399.06
FELTON PE09BKCLP,399.06
FELTON PE09BKFRT,399.06
FELTON PE09BKOM,399.06
FELTON PE09BKSM,399.06
FELTON PE09BKSMT,399.06
FELTON PE12AGAMT,548.19
FELTON PE12AGCLP,548.19
FELTON PE12AGFRT,548.19
FELTON PE12AGOM,548.19
FELTON PE12AGSM,548.19
FELTON PE12AGSMT,548.19
FELTON PE12BKAMT,548.19
FELTON PE12BKCLP,548.19
FELTON PE12BKFRT,548.19
FELTON PE12BKOM,548.19
FELTON PE12BKSM,548.19
FELTON PE12BKSMT,548.19
FELTON TL-BKAMT,60.68
FELTON TL-BKCLP,60.68
FELTON TL-BKFRT,60.68
FELTON TL-BKMAMT,60.68
FELTON TL-BKMCLP,60.68
FELTON TL-BKMFRT,60.68
FELTON TL-BKMOM,60.68
FELTON TL-BKMSM,60.68
FELTON TL-BKMSMT,60.68
FELTON TL-BKOM,60.68
FELTON TL-BKSM,60.68
FELTON TL-BKSMT,60.68
FELTON TL-WHMAMT,60.68
FELTON TL-WHMCLP,60.68
FELTON TL-WHMFRT,60.68
FELTON TL-WHMOM,60.68
FELTON TL-WHMSM,60.68
FELTON TL-WHMSMT,60.68
FELTON WB1-AGAMT,39.08
FELTON WB1-AGCLP,39.08
FELTON WB1-AGFRT,39.08
FELTON WB1-AGOM,39.08
FELTON WB1-AGSM,39.08
FELTON WB1-AGSMT,39.08
FELTON WB1-BKAMT,39.08
FELTON WB1-BKCLP,39.08
FELTON WB1-BKFRT,39.08
FELTON WB1-BKOM,39.08
FELTON WB1-BKSM,39.08
FELTON WB1-BKSMT,39.08
FELTON WB2-AGAMT,60.68
FELTON WB2-AGCLP,60.68
FELTON WB2-AGFRT,60.68
FELTON WB2-AGOM,60.68
FELTON WB2-AGSM,60.68
FELTON WB2-AGSMT,60.68
FELTON WB2-BKAMT,60.68
FELTON WB2-BKCLP,60.68
FELTON WB2-BKFRT,60.68
FELTON WB2-BKOM,60.68
FELTON WB2-BKSM,60.68
FELTON WB2-BKSMT,60.68
FELTON WBA-AGAMT,54.51
FELTON WBA-AGCLP,54.51
FELTON WBA-AGFRT,54.51
FELTON WBA-AGOM,54.51
FELTON WBA-AGSM,54.51
FELTON WBA-AGSMT,54.51
FELTON WBA-BKAMT,54.51
FELTON WBA-BKCLP,54.51
FELTON WBA-BKFRT,54.51
FELTON WBA-BKOM,54.51
FELTON WBA-BKSM,54.51
FELTON WBA-BKSMT,54.51
FERGUS EX-BK,177.00
FERUM FL-BK,146.28
FERUM FL-RST,146.28
FERUM TL32-BK,77.56
FERUM TL32-RST,77.56
FERUM TL46-BK,107.01
FERUM TL46-RST,107.01
FESTIVAL-LED HIBAY complete,201.69
FEVIK TLM-GY,70.69
FEVIK TLM-WHTRIV,70.69
FEVIK TLS-GY,54.98
FEVIK TLS-WHTRIV,54.98
FF103330BK,159.65
FF62230BK,218.88
FF62330BK,224.07
FF83320BK,120.65
FF93316WH,51.71
FG252134,24.38
FG922124,12.66
FHB479180,16.69
FHB922124,13.72
FIDEL TL-BKAG,162.69
FIDEL TL-WHAG,162.69
FIES12WLEDBLK,152.90
FIES12WLEDWHT,152.90
FIES6WLEDBLK,97.90
FIES6WLEDWHT,97.90
FIGARO FL2-AGOM,111.27
FIGARO FL2-BKOM,111.27
FILA BF-FRNK,17.77
FIN-9DL-10W-WH,6.16
FINALE-3-S/C,101.48
FINALE-5-S/C,135.91
FINLAND-1L ADJ 316 35W GU10,51.37
FINLAND-1L ADJ 316 5W GU10 LED,66.28
FINLAND-2L 316 35W GU10,68.31
FINLAND-2L 316 5W GU10 LED,99.17
FINLEY PE46-BK,210.38
FINLEY PE46-NK,232.82
FINLEY PE60-AB,326.31
FINN1,96.05
FINN2,115.92
FINN3,132.48
FINO-B/FIX,69.19
FIRAN WB-BE,70.12
FIREFLY01A,21.32
FIRMA-1L Pdt,47.47
FL BASE 1800-WH,78.07
FL100253RB,280.50
FL100253WH,280.50
FL920124BC,24.27
FL920124WH,24.27
FLAMEWAX1,8.33
FLANK PT3-BK324,60.87
FLANK PT3-GN324,60.87
FLANK PT3-RST324,60.87
FLAT-Black Square Oyster,187.44
FLAT-White Square Oyster,187.44
FLATLIGHT,34.54
FLATMATE,53.25
FLAUTA1,68.28
FLAUTA1W,68.28
FLAUTA2,68.28
FLAUTA2W,68.28
FLED29-BL,67.27
FLED29-WH,67.27
FLED36-BL,87.77
FLED36-WH,87.77
FLED6002-SM,199.40
FLED6002-WH,199.40
FLED6003-WH,455.62
FLERO PE20-ALB,45.82
FLERO PE20-BZB,45.82
FLERO PE20-GDB,45.82
FLERO PE20-WHB,45.82
FLERO PE30-ALB,83.22
FLERO PE30-BKB,83.22
FLERO PE30-BZB,83.22
FLERO PE30-GDB,83.22
FLERO PE30-WHB,83.22
FLF022AB,14.84
FLF022BCN,39.23
FLF022WHN,35.90
FLF1423BC,32.62
FLF1423WH,30.07
FLF4021BC,19.77
FLF4781BC,65.99
FLF4781WH,65.99
FLF7881BK,31.02
FLF7881WW,31.02
FLINKPIX,30.92
FLIP2 EX-BK,28.80
FLIP2 EX-WH,28.80
FLOOD15,27.04
FLOOD16,39.92
FLORIN PE5-WI,743.33
FLORIN PE8-WI,1262.25
FLOTAR-F1,79.64
FLOTAR-F2,79.64
FLOTAR-T1,56.86
FLOTAR-T2,56.86
FLUFFY,24.31
FLUSH-O,0.61
FLX-250,5.51
FOKUS01,16.75
FOKUS02,16.75
FOKUS03,16.75
FOKUS04,16.75
FOLEY WB40-AG3C,70.03
FOLEY WB40-BK3C,56.05
FOLEY WB40-CH3C,70.03
FOLEY WB60-AG3C,83.07
FOLEY WB60-BK3C,64.05
FOLEY WB60-CH3C,83.07
FOLEY WB80-AG3C,97.05
FOLEY WB80-BK3C,74.05
FOLEY WB80-CH3C,97.05
FONSECA WB-AG,71.06
FONSECA WB-BK,65.45
FORA-LED-Black,78.10
FORA-LED-Silver,78.10
FORDO PE180-BK,349.50
FORMA PE12-WH,55.17
FORME-1L PDT WHITE,200.97
FOSCO OYRD-850,44.32
FOSSETTA1,82.83
FOSSETTA2,82.83
FOT-6L Black,236.78
FOT-6L Chrome,269.34
FOT-6L Gold,269.34
FOUR-1P,87.67
FP1.2M2W,1.66
FP2M2W,2.81
FP2M2WWH,2.81
FP2M3W,5.06
FP2M3WWH,5.06
FP2WSB,7.77
FP2WSW,7.77
FP3M2WWH,5.06
FP3M3WWH,6.44
FR12,12.75
FR15,12.75
FR27,7.33
FR29,7.33
FR3,12.75
FR31,7.33
FR343BLK,316.47
FR343WH,316.47
FR350BLK,334.18
FR350BTL,361.9
FR350SLV,334.18
FR350TDW,361.9
FR350WH,334.18
FR350WTL,361.9
FR36,4.40
FR360BLK,449.68
FR360BTL,480.48
FR360SLV,449.68
FR360TDW,480.48
FR360WH,449.68
FR360WTL,480.48
FR368143BB,3.34
FR37,4.40
FR3LKB3,114.73
FR3LKS3,114.73
FR3LKTD3,114.73
FR3LKTP3,123.2
FR3LKW3,114.73
FR4,12.75
FR41D,5.03
FR42D,5.03
FR43D,5.03
FR44D,5.03
FR45D,5.03
FR46D,5.03
FR47D,5.03
FR48D,5.03
FR5,12.75
FR7,12.75
FR8,12.75
FRANCI-F/L,125.73
FRANGO1,16.98
FRANGO2,16.98
FRANGO3,16.98
FRANKA-40 BLACK,638.77
FRANKA-40 CHROME,638.77
FRANKA-58 BLACK,1040.77
FRANKA-58 CHROME,1040.77
FRATESI-A1 Marble Oval 12W CCT,370.70
FRISCO-30,232.93
FRISCO-40,436.21
FRM101,89.98
FRM119,28.88
FRM86,47.83
FRM86G,62.51
FRM87,37.85
FRM87GL,37.85
FRM97,45.96
FRM97P,57.95
FRM99,85.28
FRMDC99,33.92
FRMW360143,92.82
FRMW360163,92.82
FRMW368143,104.51
FRMW368163,104.51
FRMW700134,78.96
FRMW708134,103.51
FRYA FL40NAT,179.99
FRYA PE30-BK,69.94
FRYA PE30-BRN,42.17
FRYA PE30-NAT,68.07
FRYA PE40-BK,91.63
FRYA PE40-BRN,55.17
FRYA PE40-NAT,98.08
FRYA PE50-BK,144.93
FRYA PE50-BRN,86.95
FRYA PE50-NAT,155.07
FS124,23.02
FS21-GY,32.98
FS21-MM,39.69
FS2103,34.89
FS2168,27.58
FS410-BL,37.88
FS4997,58.63
FS6-DG,11.87
FS6-GY,11.87
FS6-IV,14.63
FS6-PL,8.63
FS6189,54.20
FS7502-BL,71.70
FS8-IV,22.30
FS922124,16.41
FSDS52,51.19
FSS52,57.79
FUJY-27 Black,117.59
FUJY-27 WHITE,117.59
FUJY-57 Black,200.09
FUJY-57 WHITE,200.09
FULCRUM OY60-GY,287.05
FULCRUM OY80-GY,416.08
FULCRUM PE2-GY,495.55
FULCRUM PE40-GY,221.59
FULCRUM PE60-GY,306.68
FUMOSO1,93.04
FUMOSO2,93.04
FUMOSO3,116.30
FUNALE1,529.88
FUNALE2,766.85
FUNALE3,1298.25
FUNALE4,707.48
FUNALE5,1003.37
FUNALE6,1771.28
FUSELL TL-WHGD,93.27
Flatmate,53.25
G 150-PT-Opal/Smoke,30.41
G 200-PT-Opal/Smoke,34.71
G 250-PT-Opal/Smoke/Clear,42.68
G 300-PT-Opal/Smoke,56.21
G 400-PT-Opal/Smoke,113.03
G 450-PT-Opal/Smoke,175.34
G 500-PT-Opal/Smoke,210.49
G A605E27OP840,2.34
G A605E27OP860,2.34
G A608B22OP3C,2.71
G A608E27CL830,6.55
G A608E27OP3C,3.97
G A609B22OP830,2.71
G A609B22OP860,2.71
G A609E27OP860D,3.09
G F.PILT.2-CL824,6.87
G G93W32-830,5.89
G G93W32-840,5.89
G G93W32-850,5.89
G T305E27OP830,2.99
G T305E27OP840,2.99
G T305E27OP860,2.99
G T305E27TUS824D,7.11
G T305E27TUS840D,7.11
G T308E27TUL824D,11.13
G T308E27TUL840D,11.13
G T379E27OP830D,4.68
G T379E27OP840D,4.68
G T379E27OP860D,4.68
G1251,3.25
G12510,12.35
G12511,12.35
G12512,12.35
G1252,3.25
G1253,3.25
G1254,3.25
G1257,3.25
G1259,12.35
G401,11.36
G403,6.30
G9-25F,3.11
G9-3WLED-WW,8.63
G9-40F,3.35
G90001,8.53
G90002,8.53
G9510,9.57
G9511,9.57
G9512,9.57
G953,3.25
G954,3.25
G957,3.25
G958,3.25
G959,9.57
GABBANA-1L Black LED,74.25
GAGGIA1,210.58
GALA1PMED,65.45
GALA1PSML,63.25
GALA1WBMW,9.90
GALA1WBSC,9.90
GALA2RSC,19.80
GALACTIC-30 Black,236.78
GALACTIC-30 Wood,236.78
GALACTIC-55 Black,370.76
GALACTIC-55 Wood,370.76
GALTRI01A,12.14
GALTRI02A,14.60
GAMBA1,775.76
GAMBA2,775.76
GAMBA4,254.73
GANO-1L Post,137.39
GANO-A1,50.05
GARBO-Black,50.77
GARBO-Silver,50.77
GARDA- Silver,99.94
GARDA-Black,99.94
GARDEN-25 Black Opal,131.99
GARDEN-35 Black Opal,197.99
GARDEN-40 Black Opal,219.99
GARM1BFBLK,74.80
GARM1BFGLD,83.60
GARM1PBLK,99.00
GARM1PGLD,107.80
GAROT WB-AGCL,57.92
GAROT WB-AGOP,57.92
GAROT WB-BKCL,54.00
GAROT WB-BKOP,54.00
GASGA-20 BLACK,401.34
GASGA-20 GOLD,401.34
GASGA-40 Black  G9,988.90
GASGA-40 Gold  G9,988.90
GASTON PE2-AGAMT,70.97
GASTON PE2-AGCLP,70.97
GASTON PE2-AGFRT,70.97
GASTON PE2-AGOM,70.97
GASTON PE2-AGSM,70.97
GASTON PE2-AGSMT,70.97
GASTON PE2-BKAMT,70.97
GASTON PE2-BKCLP,70.97
GASTON PE2-BKFRT,70.97
GASTON PE2-BKOM,70.97
GASTON PE2-BKSM,70.97
GASTON PE2-BKSMT,70.97
GASTON PE6-AGAMT,307.52
GASTON PE6-AGCLP,307.52
GASTON PE6-AGFRT,307.52
GASTON PE6-AGOM,307.52
GASTON PE6-AGSM,307.52
GASTON PE6-AGSMT,307.52
GASTON PE6-BKAMT,307.52
GASTON PE6-BKCLP,307.52
GASTON PE6-BKFRT,307.52
GASTON PE6-BKOM,307.52
GASTON PE6-BKSM,307.52
GASTON PE6-BKSMT,307.52
GASTON WB-AGAMT,26.74
GASTON WB-AGCLP,26.74
GASTON WB-AGFRT,26.74
GASTON WB-AGOM,26.74
GASTON WB-AGSM,26.74
GASTON WB-AGSMT,26.74
GASTON WB-BKAMT,26.74
GASTON WB-BKCLP,26.74
GASTON WB-BKFRT,26.74
GASTON WB-BKOM,26.74
GASTON WB-BKSM,26.74
GASTON WB-BKSMT,26.74
GC5022-BL,93.52
GC5022-SI,93.52
GD9106-SS,611.73
GD9130-SS,714.36
GD9136-SS,798.65
GD9146-BB,671.44
GEB1,90.34
GEB2,105.38
GEB3,120.44
GELATINA1,182.13
GELATINA2,182.13
GELATINA3,182.13
GEMINI-8 Amber,1547.70
GENARO W115-3CCT,51.43
GENARO W61-3CCT,36.00
GENEVA-A1 ADJ WHITE,54.95
GENEVA-A1 WHITE,51.98
GENEVA-A2 SQ BLACK,59.40
GENEVA-A2 SQ WHITE,59.40
GENEVA-A2 WHITE,57.92
GENOA-1P,85.97
GENT-A1,290.90
GEOGRO-400 Black,281.44
GEOGRO-400 White,281.44
GEOGRO-400 Wood,281.44
GEOGRO-500 Black,341.00
GEOGRO-500 White,341.00
GEOGRO-500 Wood,341.00
GEOGRO-600 Black,489.67
GEOGRO-600 White,489.67
GEOGRO-600 Wood,489.67
GEOGRO-80 BLACK only,638.61
GHELAT-1L Post,1098.90
GHELAT-D400 Opal Pillar Mount,240.90
GHELAT-D400 Opal Post Top,130.90
GI3501-CC,23.98
GI3502-CC,41.97
GI3511-SS,59.95
GI3512-SS,89.93
GI5531-BE,33.57
GI5531-GN,33.57
GI5531-OR,33.57
GI5531-WH,33.57
GI5536-CC,115.23
GI5541-SS,115.23
GIANNA-PDT-D140,79.92
GIANNA-PDT-D250,111.82
GIBSON WB-NK,37.31
GILSON WB40-AG3C,71.06
GILSON WB40-BK3C,60.03
GILSON WB60-AG3C,82.05
GILSON WB60-BK3C,70.03
GILSON WB60-CH3C,82.05
GILSON WB80-AG3C,99.06
GILSON WB80-BK3C,83.07
GINA FL-BEOM,191.68
GINA FL-BKSM,191.68
GINA TL-BEOM,111.27
GINA TL-BKSM,111.27
GINA-14 AB W/B 14W 500x110x65mm,112.92
GINA-14 Blk W/B 14W 500x112x65mm,101.15
GINA-14 Ch W/B14W 500x112x65mm,105.88
GINA-20 Antique Brass,172.98
GINA-20 Chrome,170.61
GINA-9 AB W/B 9.4W 300x110x65m,89.38
GINA-9 Blk W/B 9.4W 300x112x65m,87.07
GINA-9 Ch W/B 9.4W 300x112x65m,89.38
GIOTTO-12L D600,1092.80
GIOTTO-1L CTC,148.56
GIOTTO-D250 3L CRYSTAL,385.66
GIOTTO-D300 3L CRYSTAL,545.60
GIOTTO-D450  PDT 6L,764.45
GIOTTO-D760 12L CRYSTAL,1537.86
GIOVANA-3L,399.03
GIOVANA-5L,646.20
GIOVANA-8+4L,1619.31
GIOVANA-8L,987.53
GIOVANA-A1,136.51
GIRANDOLA-28 Black,438.90
GIRANDOLA-28 Gold,438.90
GIRANDOLA-42 Black,548.90
GIRANDOLA-42 Gold,548.90
GIROTRI1,67.85
GIROTRI2,67.85
GIROTRI3,113.17
GIROTRI4,113.17
GJ2101,311.74
GJ2143,268.58
GJ2201,126.14
GJ2213-BL,27.82
GJ2213-SI,27.82
GJ2213-WH,27.82
GJ2214-BL,27.82
GJ2214-SI,27.82
GJ2215-BL,27.82
GJ2215-SI,27.82
GJ2216-BL,27.82
GJ2216-SI,27.82
GJ2217-BL,27.82
GJ2217-SI,27.82
GJ2241,124.21
GJ2263-BL,27.82
GJ2263-SI,27.82
GJ2263-WH,27.82
GJ2264-BL,27.82
GJ2264-SI,27.82
GJ2265-BL,27.82
GJ2265-SI,27.82
GJ2266-BL,27.82
GJ2266-SI,27.82
GJ2267-BL,27.82
GJ2267-SI,27.82
GK3383-SI,335.72
GK8190-SI,172.41
GK8790-SI,177.09
GK8890-SI,186.80
GL F.CAND.4-CL83,4.58
GL F.CAND.4-CL85,4.58
GL F.G095.8-CL83,10.00
GL F.G095.8-CL84,10.00
GL F.G095.8-M83D,7.48
GL F.G095.8-M84D,7.48
GL F.G125.8-CL83,12.62
GL F.G125.8-CL85,12.62
GL F.G125.8-M83D,6.55
GL F.G125.8-M84D,6.55
GL F.PILT.4-AM83,10.00
GL F.PILT.8-CL83,10.00
GL F.PILT.8-CL85,10.00
GL FR5LEDE14OP-3,3.27
GL FRF4LEDE14-83,4.58
GL FRF4LEDE27-83,4.58
GL FRF4LEDE27-85,4.58
GL FRLEDE27M-83,4.58
GL FRLEDE27M-85,4.58
GL GU10LED3C,4.21
GL GU10LED5LD-84,5.61
GL GU10LED5LD-85,5.61
GL MR16-5W27,5.56
GL PAR30LED-850,8.04
GLA1203BL,130.67
GLA1203BL-L,164.66
GLA1203WH,126.59
GLA1203WH-L,160.54
GLA1303BL,143.45
GLA1303BL-L,181.64
GLA1303WH,139.33
GLA1303WH-L,177.52
GLA1403BL,151.96
GLA1403BL-L,190.15
GLA1403WH,147.84
GLA1403WH-L,186.07
GLA903BL,130.67
GLA903BL-L,164.66
GLA903WH,126.59
GLA903WH-L,160.54
GLANS01,77.42
GLANS02,77.42
GLANS03,114.72
GLANS04,114.72
GLAZE1,135.82
GLAZE10,135.82
GLAZE11,135.82
GLAZE2,135.82
GLAZE3,135.82
GLAZE5,135.82
GLE-40CT-31W-GD,129.36
GLE-55CT-48W-GD,174.02
GLEN2EBLK,57.20
GLEN2EWHT,57.20
GLENELG-5,247.89
GLI-10CT-13W-BK,74.69
GLI-10CT-13W-WH,74.69
GLI-10CT-27W-BK,97.79
GLI-10CT-27W-WH,97.79
GLOB-8E125,11.87
GLOB-8E95,8.88
GLOBD-12BWW,14.99
GLOBD-12EWW,14.99
GLOBW-8E95,9.47
GLS-9EWW,4.55
GLS11DB,5.97
GLS13B,2.22
GLS14B,2.22
GLS15B,2.22
GLS16B,2.22
GLS21B,7.02
GLS22B,7.02
GLS23B,7.02
GLS24B,7.02
GLS25B,8.03
GLS26B,8.03
GLS27B,8.03
GLS28B,8.03
GLS31,2.42
GLS32,2.42
GLS33,2.42
GLS34,2.42
GLS36D,6.55
GLS37D,6.55
GLS38D,6.55
GLS39D,6.55
GLS9DB,5.97
GLSC-6EWW,13.43
GLSD-6BWW,4.55
GLSD-8ECW,11.75
GLSD-8EWW,11.40
GLSTRI1D,5.98
GLSTRI2D,5.98
GLSTRIBC1,4.96
GLSTRIES1,4.96
GLSW-8EWW,6.95
GLUED-1L Wall Bracket,279.84
GO-Transparent,30.96
GO4022-LG,98.80
GOCCIA-1P-Black,87.67
GOCCIA-1P-Chrome,93.61
GOCCIA-1P-S/Chrome,93.61
GOCCIA-1P-White,87.67
GOLDA1,59.07
GOLDA2,62.82
GOLF-P25-Opal,496.98
GOLF-P40-Opal,842.65
GOLPE1,125.50
GOLPE2,148.31
GOLPE3,182.56
GOLPE4,193.97
GONDOLA-1 Black,20.46
GONDOLA-1 S/Steel,20.46
GORDON EX-BK,70.03
GORDON EX-WH,70.03
GOREM EX-BKOM,30.01
GOREM EX.P-BKOM,74.05
GORRA-FL,231.50
GORRA-TL,128.81
GOVAN PE5B-AG,284.24
GPO01,14.03
GQ5411-GR,85.13
GQ5411-SG,85.13
GQ5412-GR,90.29
GQ5412-SG,90.29
GQ5425,189.68
GQ5430,189.68
GQ5435,189.68
GQ5440,189.68
GQ5441-OP,47.72
GQ5443-OP,47.72
GQ5462-GR,25.42
GQ5462-SG,25.42
GQ5462-WH,25.42
GQ5463-GR,25.42
GQ5463-SG,25.42
GQ5463-WH,25.42
GQ5464-GR,27.94
GQ5464-SG,27.94
GQ5464-WH,27.94
GQ5465-GR,27.94
GQ5465-SG,27.94
GQ5465-WH,27.94
GQ5466-GR,33.33
GQ5466-WH,33.33
GQ5472-SS,45.80
GQ5473-SS,45.80
GQ5474-SS,53.47
GQ5475-SS,53.24
GQ5476-SS,53.24
GQ5481,22.19
GQ5482,22.19
GQ5485-BE,15.47
GQ5485-GN,15.47
GQ5485-OR,15.47
GQ5486-BE,16.54
GQ5486-GN,16.54
GQ5486-OR,16.54
GRA01-T,138.60
GRA05BL-P,405.90
GRA05NL-P,405.90
GRA06-W,108.90
GRA06BL-W,108.90
GRA10-P,673.20
GRA10BL-P,673.20
GRABANDGO,76.44
GRABARAG,24.02
GRACE BF.23-BK,45.82
GRACE-1P LARGE,227.81
GRACE-A1 W/B,89.16
GRACE-A2 W/B,118.91
GRADA TL-WHAG,111.27
GRADO PE-BK,100.98
GRADO PE-BRW,100.98
GRADO PE-WH,100.98
GRADO-White,68.64
GRAPE-1 PDT,112.86
GRAPE-10 CLUSTER,563.20
GRAPE-14 PDT,806.19
GRAPE-15 CLUSTER,779.85
GRAPE-16 PDT,932.36
GRAPE-18 SPIRAL,1066.07
GRAPE-21 CLUSTER,1000.18
GRAPE-3 W/B,222.26
GRAPE-36 PDT,1740.37
GRAPE-4T PDT,306.85
GRAPE-6 ROUND SPIRAL,373.01
GRAPE-8 SQUARE PLATE,544.39
GRAPE-9 ROUND SPIRAL,555.66
GRAZ-12L Pdt  Gld/CH                    NETT,2305.93
GRAZ-16L Pdt Gld/CH                       NETT,2734.27
GRAZ-A2 W/B Gold                          NETT,358.00
GRAZ2ECHA,107.25
GREEN-A1 Black Clear,239.03
GREEN-A1 Black Opal,251.13
GREEN-PT Black Clear,192.67
GREEN-PT Black Opal,204.60
GREET TL-BKWH,42.92
GREET TL-BLWH,42.92
GREET TL-BSBK,42.92
GREET TL-CHBR,42.92
GREKO-Black,76.45
GREKO-Silver,76.45
GRETA-Black,156.37
GRETA-Silver,156.37
GRILL-201,4.80
GRILLO-15P-Ch Coloured,582.95
GRILLO-9-CTC Coloured,393.80
GRIMES WB-WH,37.03
GRIPGLOVEM,18.10
GS-03,25.78
GS4051,30.10
GS4053-BE,64.62
GS4053-GN,64.62
GS4053-OR,64.62
GS4053-RD,64.62
GS4053-YE,64.62
GS4601,117.74
GS4609,191.96
GS4613-SI,228.29
GS4D,14.51
GST2931,163.06
GST2933,264.62
GT4034-BL,105.15
GT4037-SI,99.88
GT4631-SI,130.57
GT4633-BL,130.57
GT4633-SI,130.57
GT5080-BL,58.04
GT5080-SI,58.04
GT5223-BL,1402.59
GT5608-BL,402.62
GT5608-SI,402.62
GT5614-BL,419.89
GT5621-BL,606.21
GT5621-SI,515.57
GT5627-BL,594.70
GT5627-SI,594.70
GT5638-BL,975.99
GT5678-SI,599.50
GU10 lamp LED 4.5W 4000K,6.22
GU10-35-A,3.35
GU10-50-A,3.35
GU10-HPLED-BE,9.00
GU10-HPLED-GN,9.00
GU10-HPLED-WH,4.92
GU10-LED-WH,4.31
GU10-WBLED-WW,16.91
GU1001A,4.21
GU1002A,4.21
GU1003D,6.47
GU1004D,6.47
GU10B01A,9.98
GU10D-HPLED-CW,4.92
GU10D-NBLED-WW,18.47
GU10G01A,9.98
GU10R01A,9.98
GU10TRI1,5.48
GUARIN-30 Black,148.72
GUARIN-30 Natural Wood,148.72
GUARIN-30 White,148.72
GUARIN-35 Black,242.28
GUARIN-35 Natural Wood,242.28
GUARIN-35 White,242.28
GUARIN-50 Black,360.09
GUARIN-50 Natural Wood,360.09
GUARIN-50 White,360.09
GUL-14WL-5W-FR-BK,107.80
GUL-14WL-5W-FR-BR,107.80
GUL-14WL-5W-FR-WH,107.80
GUL-14WL-5W-RB-BK,107.80
GUL-14WL-5W-RB-BR,107.80
GUL-14WL-5W-RB-WH,107.80
GURU-Bollard 12V,67.05
GV-5030-VE,14.39
GV-B23-CC,44.73
GV-J16-CC,24.22
GV-T60,57.67
GWEN TL-AB,45.82
GWEN TL-NK,45.82
GX53001,13.22
GX53002,13.22
Globes 10W LED BC 3000/4000/6500,6.77
Globes 10W LED ES 3000/4000/6500,6.77
Globes 4W E14 Candle 3000k FROST,7.32
Globes 4W E14 Candle 4000k FROST,7.32
Globes 4W E14 Candle 6500k FROST,7.32
Globes 5W LED BC 3000/4000/6500,6.49
Globes 5W LED ES 3000/4000/6500,6.49
Globes 6W B22 3000K/6500 LED,8.97
Globes 6W E27 3000K/6500 LED,8.97
Globes 6W GU10 Dimmable 3000,11.83
Globes 6W GU10 Dimmable 4000,11.83
Globes 8W GU10 Dimmable 3000,19.31
Globes 8W GU10 Dimmable 4000,19.31
Globes 8W MR16 Dimmable 3000,26.73
Globes 8W MR16 Dimmable 4000,26.73
Globes 9W T2 G9-5000,9.79
Globes C35 B15 Candle 3000K,6.22
Globes C35 B15 Candle 4000K,6.22
Globes C35 B15 Candle 6500K,6.22
Globes C35 E14 Candle 3000K,6.22
Globes C35 E14 Candle 4000K,6.22
Globes C35 E14 Candle 6500K,6.22
Globes C35A E14 4W Flame,8.58
Globes FG 6W 2700 Clear ES,16.23
Globes FG 6W 2700 Gold ES,16.23
Globes FG LED B22 3000K Clear,16.23
Globes FG LED B22 3000K Gold,16.23
Globes G125 6W ES Clear,19.20
Globes G125 6W ES Gold,19.20
Globes G125 6W ES Smoke,19.20
Globes G125 LED B22 3000K Clear,19.20
Globes G125 LED B22 3000K Gold,19.20
Globes G4 LED Globe 2.5W GEL,6.77
Globes G9 LED  Globe 2.5W GEL,7.65
Globes G9 LED 4W Dimmable,10.89
Globes G95 2500K Gold,16.23
Globes G95 2700K Clear,16.23
Globes G95 3000K Smoke,16.23
Globes P45 B15 F/ Round 3000K,6.22
Globes P45 B15 F/ Round 4000K,6.22
Globes P45 B15 F/ Round 6500K,6.22
Globes P45 B22 F/ Round 3000K,6.22
Globes P45 B22 F/ Round 4000K,6.22
Globes P45 B22 F/ Round 6500K,6.22
Globes P45 E14 F/ Round 3000K,6.22
Globes P45 E14 F/ Round 4000K,6.22
Globes P45 E14 F/ Round 6500K,6.22
Globes P45 E27 F/ Round 3000K,6.22
Globes P45 E27 F/ Round 4000K,6.22
Globes P45 E27 F/ Round 6500K,6.22
Globes R63 7W Mushroom 4000K,8.14
Globes R7s 118mm 5W 3000K,18.70
Globes R7s 118mm 5W 4000K,18.70
Globes R7s 118mm 5W 6500K,18.70
Globes R7s 78mm 5W 3000K,15.18
Globes R7s 78mm 5W 4000K,15.18
Globes R7s 78mm 5W 6500K,15.18
Globes R80 12W Mushroom 4000K,10.45
Globes T30 4W 2200K ES,8.14
Globes TP 3U 9W LED 3000K E27,11.77
Globes TP 3U 9W LED 6500K E27,11.77
Globes TP 4U 12W LED 3000K E27,14.74
Globes TP 4U 12W LED 6500K E27,14.74
Globes TP 5W GU10 LED 3000K,6.77
Globes TP 5W GU10 LED 6500K,6.77
Golpe2,148.31
Golpe4,193.97
H2W,77.04
H4W,98.79
HAAS2EBLK,70.40
HAAS2EWHT,70.40
HAITI-1Pdt inc GU10 4.5W 4000K,68.09
HAITI-1T inc GU10 4.5W 4000K,44.61
HAITI-2T inc GU10 4.5W 4000K,78.87
HAITI-3Rnd inc GU10 4.5W 4000K,119.08
HAITI-3T inc GU10 4.5W 4000K,119.08
HAITI-4Pdt inc GU10 4.5W 4000K,188.98
HAITI-4T inc GU10 4.5W 4000K,148.83
HAK1,88.52
HAK2,88.52
HAKK-LED-Black,70.35
HAKK-LED-Silver,70.35
HALIFAX PE35-BZ,181.39
HALIFAX PE50-BZ,330.99
HALON G1-AB324,47.12
HALON G1-BRS324,47.12
HALON G1-SS324,47.12
HALON ST1-AB324,62.83
HALON ST1-BRS324,62.83
HALON ST1-SS324,62.83
HALVIK TL-BE,135.58
HALVIK TL-GN,135.58
HALY BF,22.91
HAMPTON-5 Black,404.69
HANAMI PE22-BE,36.32
HANAMI PE22-BK,36.32
HANAMI PE22-BRS,54.98
HANAMI PE22-GN,36.32
HANAMI PE22-NK,54.98
HANAMI PE22-OG,36.32
HANAMI PE44-BE,80.50
HANAMI PE44-BK,80.50
HANAMI PE44-BRS,115.85
HANAMI PE44-GN,80.50
HANAMI PE44-NK,115.85
HANAMI PE44-OG,80.50
HAR02-P,99.00
HAR1204TI,139.68
HAR1204WH,132.94
HARBOR EX.PTL-BK,229.12
HARNON PE1-AG,350.48
HARNON PE1-BK,350.48
HARNON PE1-NK,350.48
HARPER TL-SMWH,103.78
HART1EBLK,116.60
HARV1EBLK,97.90
HARV1EWHT,97.90
HATHOR1,101.83
HATHOR2,130.93
HATHOR3,167.33
HATT-LED-Black,70.35
HATT-LED-Silver,70.35
HAVARD EX155-BK,118.28
HAVARD EX23-BK,204.67
HCAP20,1.68
HCAP35,0.84
HCAP50,0.84
HCAP75,0.84
HEA275,8.01
HEA2W,122.74
HEA2W-B,142.64
HEA4W,142.64
HEA4W-B,166.55
HEADLIGHTRESTKIT,24.31
HEKA1,105.38
HEKA2,105.38
HELE1PSCL,125.40
HELICOPTER-HL9656-3,190.74
HELSINKI,130.24
HELY-Brown,257.95
HELY-Silver,257.95
HELY-White,257.95
HEM-1800EXT-BK,35.42
HEM-1800EXT-WH,35.42
HEM-900EXT-BK,15.40
HEM-900EXT-WH,15.40
HER-448-BK,92.40
HER-448-BK-E27,77.77
HER-448-BK-LED,111.65
HER-448-WH,92.40
HER-448-WH-E27,77.77
HER-448-WH-LED,111.65
HER-452-BK,99.33
HER-452-BK-E27,77.77
HER-452-BK-LED,118.58
HER-452-WH,99.33
HER-452-WH-E27,77.77
HER-452-WH-LED,118.58
HERR2EBLK,83.05
HERR2EWHT,83.05
HERTEL FL-BKAM,136.46
HERTEL PE30-BKAM,97.19
HESHI TL-GNWH,72.37
HEXA1,128.00
HEXA2,150.57
HEXADE1,240.98
HEXADE2,301.22
HIBREF2,45.08
HIBSENSOR,29.59
HIBTRI2,123.83
HINK1,124.20
HINK2,124.20
HLIN118-150,2.16
HLIN118-300,2.16
HLIN118-500,2.16
HLIN78-100,2.88
HLIN78-150,2.16
HOFF FL-BKOM,93.27
HOFF TL-BKOM,62.83
HOL3S-BS,97.36
HOL5-LED-BB,142.92
HOL5-LED-WH,127.09
HOL7S-CH,155.03
HOL7S-WH,104.80
HOLL1LWS,65.45
HOLL1SWS,50.05
HOLLAND-15L Black,881.60
HOLLAND-15L Gold,1046.38
HOLLIS EX25-BK,81.25
HOLLIS EX25-WH,81.25
HOLLIS EX35-BK,97.71
HOLLIS EX35-WH,97.71
HOLLIS EX55-BK,112.11
HOLLYWOOD-T/L(Gold Trim Shade),198.94
HOMMER FL-BKBE,176.11
HOMMER FL-NATIV,176.11
HOMMER TL-BKBE,45.02
HOMMER TL-NATIV,45.02
HOO-1B-Silver,409.59
HOODSHIRE-12L Black,1034.16
HOODSHIRE-12L Bronze,1109.52
HOODSHIRE-12L Chr,1109.52
HOODSHIRE-12L S/Chr,1109.52
HOODSHIRE-3L Black,300.41
HOODSHIRE-3L Bronze,323.79
HOODSHIRE-3L Chrome,323.79
HOODSHIRE-3L S/Chr,323.79
HOODSHIRE-6L Black,487.96
HOODSHIRE-6L Bronze,525.64
HOODSHIRE-6L Chrome,525.64
HOODSHIRE-6L S/Chrome,525.64
HOODSHIRE-8L Black,695.20
HOODSHIRE-8L Bronze,732.82
HOODSHIRE-8L Chrome,732.82
HOODSHIRE-8L S/Chrome,732.82
HOODSHIRE-A1 Black,88.28
HOODSHIRE-A1 Bronze,88.28
HOODSHIRE-A1 Chrome,88.28
HOODSHIRE-A1 S/Chrome,88.28
HOODSHIRE-A2 Black,151.86
HOODSHIRE-A2 Bronze,151.86
HOODSHIRE-A2 Chrome,151.86
HOODSHIRE-A2 S/Chrome,151.86
HORTEN1,71.35
HORTEN2,71.35
HORUS1,84.28
HORUS2,84.28
HORUS3,96.34
HORUS4,111.41
HOSLEY CTC4-BK,305.75
HOSLEY PE4-BK,350.62
HOSLEY PE6-BK,444.13
HOTEL-F/Lamp Black/Wood,177.27
HOTEL-F/Lamp White/Wood,177.27
HOTH1EBLK,128.15
HOTH1EOBR,135.85
HOUSE-25 Pdt,118.20
HOUSE-46 Pdt,220.88
HOVIN PE43-BK,136.46
HOVIN PE43-WH,136.46
HOVIN PE58-BK,205.19
HOVIN PE58-WH,205.19
HPGU-1P-SC,33.81
HRMXR90-BL,23.83
HRMXR90-TI,23.83
HRMXR90-WH,23.83
HUB-Bollard 240V,67.05
HUECA1,79.64
HUECA2,79.64
HUTT1BFBLK,74.80
HUTT1BFGLD,83.60
HUTT1PBLK,99.00
HUTT1PGLD,107.80
HV1005T,118.97
HV1007GU10T,99.87
HV1007MR11NW,85.62
HV1007MR16T,99.87
HV1008T,189.42
HV1015T,173.25
HV1017GU10T,154.15
HV1017MR16T,154.15
HV1025T,64.83
HV1027GU10T,45.74
HV1027MR11NW,39.19
HV1027MR16T,45.74
HV1028T,119.97
HV10291T,87.55
HV10292T,164.93
HV10293T,47.74
HV10294T,55.83
HV10295T,29.11
HV1035T,64.83
HV1037GU10T,45.74
HV1037MR16T,45.74
HV10391T,87.55
HV10392T,164.93
HV10393T,47.74
HV10394T,55.83
HV10395T,29.11
HV1045T,64.83
HV1047GU10T,45.74
HV1047MR16T,45.74
HV1055T,173.25
HV1057GU10T,154.15
HV1057MR16T,154.15
HV10591T,187.42
HV10592T,345.65
HV1071T,45.74
HV1072T,45.74
HV1075T,173.25
HV1077GU10T,154.15
HV1077MR16T,154.15
HV1085T,68.61
HV1087GU10T,49.59
HV1087MR16T,49.59
HV1089T-BLK-240V,77.62
HV1089T-TTM-240V,77.62
HV10921T-BLK,25.87
HV10921T-WHT,25.87
HV10922T-BLK,33.96
HV10922T-WHT,33.96
HV10931T-BLK,34.80
HV10931T-WHT,34.80
HV10932T-BLK,44.51
HV10932T-WHT,44.51
HV10941T-BLK,40.43
HV10941T-WHT,40.43
HV10942T-BLK,56.60
HV10942T-WHT,56.60
HV1095T,173.25
HV1097GU10T,154.15
HV1097MR16T,154.15
HV1105T,93.32
HV1107GU10T,83.85
HV1107MR11NW,69.69
HV1107MR16T,83.85
HV1108T,150.38
HV1115T,116.12
HV1117GU10T,106.65
HV1117MR16T,106.65
HV1125T,44.89
HV1127GU10T,35.27
HV1127MR11NW,30.49
HV1127MR16T,35.27
HV1128T,83.85
HV1135T,44.89
HV1137GU10T,35.27
HV1137MR16T,35.27
HV1145T,44.89
HV1147GU10T,35.27
HV1147MR16T,35.27
HV1155T,110.42
HV1157GU10T,101.02
HV1157MR16T,101.02
HV1171T,37.19
HV1172T,37.19
HV1175T,110.42
HV1177GU10T,101.02
HV1177MR16T,101.02
HV1185T,47.74
HV1187GU10T,38.19
HV1187MR16T,38.19
HV1195T,110.42
HV1197GU10T,101.02
HV1197MR16T,101.02
HV1205T,92.48
HV1207GU10T,82.85
HV1207MR11NW,71.46
HV1207MR16T,82.85
HV1208T,157.08
HV1215T,121.81
HV1217GU10T,112.42
HV1217MR16T,112.42
HV1225T,47.74
HV1227GU10T,38.19
HV1227MR11NW,34.42
HV1227MR16T,38.19
HV1228T,93.32
HV1235T,47.74
HV1237GU10T,38.19
HV1237MR16T,38.19
HV1245T,47.74
HV1247GU10T,38.19
HV1247MR16T,38.19
HV1255T,116.12
HV1257GU10T,106.65
HV1257MR16T,106.65
HV1271T,39.19
HV1272T,39.19
HV1275T,116.12
HV1277GU10T,106.65
HV1277MR16T,106.65
HV1285T,52.44
HV1287GU10T,42.97
HV1287MR16T,42.97
HV1295T,116.12
HV1297GU10T,106.65
HV1297MR16T,106.65
HV1305T,159.01
HV1305T-PIR,171.25
HV1306T-PIR,212.98
HV1307GU10T,139.91
HV1307MR11NW,124.74
HV1307MR16T,139.91
HV1315T,230.23
HV1317GU10T,211.29
HV1317MR16T,211.29
HV1325T,81.93
HV1325T-PIR,95.25
HV1326T-PIR,126.97
HV1327GU10T,62.83
HV1327MR11NW,57.21
HV1327MR16T,62.83
HV1335T,81.93
HV1335T-PIR,95.25
HV1336T-PIR,126.97
HV1337GU10T,62.83
HV1337MR16T,62.83
HV1345T,81.93
HV1347GU10T,62.83
HV1347MR16T,62.83
HV1355T,220.76
HV1357GU10T,201.66
HV1357MR16T,201.66
HV1372T,86.70
HV1375T,220.76
HV1377GU10T,201.66
HV1377MR16T,201.66
HV1385T,98.10
HV1387GU10T,79.08
HV1387MR16T,79.08
HV1395T,220.76
HV1397GU10T,201.66
HV1397MR16T,201.66
HV1401T,87.86
HV1401T-BLK,87.86
HV1402T,55.52
HV1403T-AB,121.04
HV1403T-BR,121.04
HV1403T-CP,139.52
HV1403T-SS316,108.03
HV1405T-AB,193.04
HV1405T-BR,193.04
HV1405T-CP,220.76
HV1405T-SS316,135.75
HV1407T-AB,104.41
HV1407T-BLK,55.52
HV1407T-BR,104.41
HV1407T-SS316,91.48
HV1409T,43.51
HV1412T,96.94
HV1413T,124.74
HV1421T,37.04
HV1421T-WHT,37.04
HV1423MR11NW,39.19
HV1423T,66.61
HV1425MR11NW,56.29
HV1425T,88.63
HV1426NW-AB,62.83
HV1426NW-BLK,29.65
HV1426NW-GPH,62.83
HV1426NW-SS316,62.83
HV1427T,37.04
HV1427T-SSBLK,87.86
HV1427T-WHT,37.04
HV1428RGBCW,30.95
HV1428RGBCW-D,44.04
HV1428RGBCW-EXT,7.78
HV1428RGBCW-KIT,139.91
HV1428RGBCW-REC,30.95
HV1428T,23.25
HV1429-12W-HOOD,11.09
HV1429-24W-HOOD,15.17
HV1429-7W-HOOD,6.24
HV1429T-12W,55.52
HV1429T-24W,76.77
HV1429T-7W,38.81
HV1433T-BLK,12.94
HV1433T-WHT,12.94
HV1434T-BLK,11.78
HV1434T-WHT,11.78
HV1435-P-AB,30.11
HV1435-P-BLK,30.11
HV1435-P-BR,30.11
HV1435T-AB,59.29
HV1435T-BLK,59.29
HV1435T-BR,59.29
HV1437-TOP,6.47
HV1441-HC,4.39
HV1441-HOOD,7.78
HV1441-L-LENS,3.62
HV1441-POST,15.55
HV1441T-1-BLK,73.15
HV1441T-2-BLK,130.67
HV1441T-BLK,57.60
HV1442T-BLK,57.60
HV1445T-BLK,38.42
HV1446T-BLK,18.10
HV1449CCT-BLK-24V,28.34
HV1449CCT-BLK-KIT,181.95
HV1449RGBCW-BLK-24V,28.34
HV1449RGBCW-BLK-KIT,181.95
HV1449T-BLK-24V,28.34
HV145-AB-BASE,16.71
HV145-BLK-BASE,16.71
HV145-BR-BASE,16.71
HV1451T,74.92
HV1452T-AB,132.98
HV1452T-BLK,113.65
HV1452T-CP,141.99
HV1452T-SS316,113.65
HV1453T-AB,132.98
HV1453T-BLK,113.65
HV1453T-CP,141.99
HV1453T-SS316,113.65
HV1457T,85.24
HV1458T,69.30
HV1458T-BLK,69.30
HV1458T-BR,69.30
HV1459T-AB,93.32
HV1459T-BLK,50.90
HV1459T-SS316,83.16
HV1462RGBCW-BLK,71.76
HV1462RGBCW-SS316,102.49
HV1462T-BLK,55.52
HV1462T-SS316,83.16
HV1477T,87.86
HV1482T-BLK,15.40
HV1487T,41.66
HV1488T-BLK,50.74
HV1489T-BLK,59.83
HV1489T-TTM,59.83
HV1491RGBW,134.90
HV1491T,104.41
HV1491T-BR,106.65
HV1494-REM,28.72
HV1494RGB,220.76
HV1494T,220.76
HV1497T,87.86
HV151-BLK-BASE,8.09
HV1511T-BLK-24V,36.42
HV1512T-BLK-24V,40.43
HV1513T-BLK-24V,38.04
HV1514CCT-BLK-24V,24.26
HV1514CCT-BLK-KIT,152.84
HV1514CCT-EXT,7.55
HV1514RGBCW-BLK-24V,24.26
HV1514RGBCW-BLK-KIT,152.84
HV1514RGBCW-EXT,7.55
HV1514T-BLK-24V,31.57
HV1515T-BLK-24V,38.04
HV1516T-AB-24V,79.23
HV1516T-BLK-24V,41.27
HV1517T-AB-24V,125.36
HV1517T-BLK-24V,54.21
HV1518T-BLK-24V,75.23
HV1521T-BLK-24V,41.27
HV1522T-BLK-24V,54.21
HV1523T-BLK-24V,75.23
HV1524T-BLK-24V,41.27
HV1526T-BLK-24V,54.21
HV1527T-BLK-24V,75.23
HV1529T-BLK-24V,80.08
HV1591T-1-BLK-24V,62.29
HV1591T-2-BLK-24V,89.78
HV1601T-AB,166.24
HV1601T-BLK,76.69
HV1601T-SS316,137.21
HV1601T-TTM,82.31
HV1601T-WHT,76.69
HV1602T-AB,166.24
HV1602T-BLK,76.69
HV1602T-SS316,137.21
HV1602T-TTM,82.31
HV1602T-WHT,76.69
HV1603-AB,92.40
HV1603-BLK,44.04
HV1603-SS316,82.47
HV1603-WHT,44.04
HV1605T-BLK-12V,74.54
HV1605T-BLK-240V,74.54
HV1605T-SS316-12V,74.54
HV1605T-SS316-240V,74.54
HV1606T-BLK-12V,143.45
HV1606T-BLK-240V,143.45
HV1606T-SS316-12V,143.45
HV1606T-SS316-240V,143.45
HV1607,18.02
HV1608T-BLK-12V,177.49
HV1608T-BLK-240V,177.49
HV1608T-SS316-12V,177.49
HV1608T-SS316-240V,177.49
HV1615T-BLK-12V,74.54
HV1615T-BLK-240V,74.54
HV1615T-SS316-12V,74.54
HV1615T-SS316-240V,74.54
HV1616T-BLK-12V,143.45
HV1616T-BLK-240V,143.45
HV1616T-SS316-12V,143.45
HV1616T-SS316-240V,143.45
HV1618T-BLK-12V,177.49
HV1618T-BLK-240V,177.49
HV1618T-SS316-12V,177.49
HV1618T-SS316-240V,177.49
HV1622-BLK-EXT,42.27
HV1622T-BLK-12V,81.62
HV1622T-BLK-240V,81.62
HV1625T-BLK-240V,150.69
HV1625T-BLK-24V,176.64
HV1626T-BLK-240V,203.51
HV1626T-BLK-24V,231.23
HV1628T-BLK-240V-RND,143.45
HV1628T-BLK-240V-SQ,143.45
HV1628T-BLK-24V-RND,171.25
HV1628T-BLK-24V-SQ,171.25
HV1629T-BLK-240V-RND,197.27
HV1629T-BLK-240V-SQ,197.27
HV1629T-BLK-24V-RND,222.38
HV1629T-BLK-24V-SQ,222.38
HV162X-CI,14.55
HV1630T-BLK-240V-RND,150.69
HV1630T-BLK-240V-SQ,150.69
HV1630T-BLK-24V-RND,178.41
HV1630T-BLK-24V-SQ,178.41
HV1631T-BLK-240V-RND,201.74
HV1631T-BLK-240V-SQ,201.74
HV1631T-BLK-24V-RND,229.46
HV1631T-BLK-24V-SQ,229.46
HV1632T-BLK-240V-RND,143.45
HV1632T-BLK-24V-RND,171.25
HV1633T-BLK-240V-RND,197.27
HV1633T-BLK-24V-RND,222.38
HV1634T-BLK-240V,93.02
HV1635T-BLK-240V,125.36
HV1636T-BLK-240V,201.36
HV1638T-BLK-240V,150.69
HV1638T-BLK-24V,178.41
HV1639T-BLK-240V,201.74
HV1639T-BLK-24V,229.46
HV1641W-BLK,80.08
HV1642W-BLK,104.34
HV1643T-BLK-240V,238.55
HV1643T-BLK-24V,262.80
HV1651W-BLK,15.40
HV1651W-P-BLK,31.57
HV1652W-BLK,17.02
HV1652W-P-BLK,36.42
HV1660T-BLK-240V,84.93
HV1660T-BLK-24V,84.93
HV1671W-BLK,152.84
HV1673W-BLK,241.78
HV1681T-BLK,44.51
HV1682T-BLK,44.51
HV1691T-BLK-240V,88.17
HV1692W-BLK,68.76
HV1693T-BLK-240V,80.08
HV1699T-BLK-240V-RND,82.47
HV1699T-BLK-240V-SQ,82.47
HV1699T-BLK-24V-RND,82.47
HV1699T-BLK-24V-SQ,82.47
HV1701RGBW,76.77
HV1701T,63.76
HV1706T,63.76
HV1801RGBW,76.77
HV1801T,63.76
HV1806T,63.76
HV1825T,63.76
HV1825T-SQ,63.76
HV1827T,81.39
HV1828T,93.32
HV1829T,198.58
HV1831-F-SH,26.87
HV1831-HC,8.39
HV1831T-12V,81.39
HV1831T-240V,81.39
HV1832-F-SH,32.34
HV1832-HC,12.17
HV1832T-12V,101.64
HV1832T-240V,101.64
HV1833-F-SH,42.58
HV1833-HC,18.56
HV1833T-12V,134.90
HV1833T-12v,134.90
HV1833T-240V,134.90
HV1833T-240v,134.90
HV1834-F-SH,50.90
HV1834-HC,23.25
HV1834T-12V,217.99
HV1834T-240V,217.99
HV1835-F-SH,62.83
HV1835-HC,26.87
HV1835T-12V,198.58
HV1835T-240V,198.58
HV1841-F-SH,26.87
HV1841RGBW,87.86
HV1841T,74.92
HV1841T-240V,74.92
HV1842-F-SH,32.34
HV1842RGBW,121.97
HV1842T,101.64
HV1842T-240V,101.64
HV1843-F-SH,42.58
HV1843RGBW,173.71
HV1843T,134.90
HV1843T-240V,134.90
HV1845-F-SH,62.83
HV1845RGBW,222.61
HV1845T,170.86
HV1845T-240V,170.86
HV1847-F-SH,42.58
HV1847T,174.56
HV190-HC,8.09
HV19012T-AB,121.04
HV19012T-BLK,104.87
HV19012T-BR,121.04
HV19012T-CP,121.04
HV19012T-GPH,121.04
HV19012T-SS316,104.87
HV19022T-AB,121.04
HV19022T-BLK,104.87
HV19022T-BR,121.04
HV19022T-CP,121.04
HV19022T-GPH,121.04
HV19022T-SS316,104.87
HV19032T-SS316,104.87
HV19042T-SS316,104.87
HV19062T,110.34
HV19062T-AB,132.29
HV19062T-BR,132.29
HV19062T-GPH,132.29
HV19072T,110.34
HV19072T-AB,132.29
HV19072T-BR,132.29
HV19072T-GPH,132.29
HV19082T,110.34
HV19082T-AB,132.29
HV19082T-BR,132.29
HV19082T-GPH,132.29
HV19092T,110.34
HV19092T-AB,132.29
HV19092T-BR,132.29
HV19092T-GPH,132.29
HV19102T,110.34
HV2826-D-12W,31.49
HV2826-EXT-CCT-2M,6.31
HV2826-EXT-CCT-4M,9.01
HV2826-EXT-RGBCW-2M,9.86
HV2826-EXT-RGBCW-4M,11.63
HV28261CCT,28.41
HV28261CCT-BLK,28.41
HV28261RGBCW,29.34
HV28261RGBCW-BLK,29.34
HV2826CCT,163.55
HV2826CCT-BLK,163.55
HV2826RGBCW,198.04
HV2826RGBCW-BLK,198.04
HV2860T-SS316,60.06
HV2861B,24.87
HV2861T,24.87
HV2871T-BLK-12V,35.27
HV2871T-SLV-12V,35.27
HV2872T-BLK-12V,42.97
HV2872T-SLV-12V,42.97
HV2881T-BLK-12V,35.27
HV2881T-SLV-12V,35.27
HV2882RGBCW-BLK,48.43
HV2882RGBCW-SLV,48.43
HV2882T-BLK-12V,46.66
HV2882T-SLV-12V,46.66
HV2883T-BLK-12V,35.27
HV2883T-SLV-12V,35.27
HV2884T-BLK-12V,46.66
HV2884T-SLV-12V,46.66
HV2891T-BLK-12V,66.61
HV2891T-CP-12V,79.54
HV2891T-SS316-12V,66.61
HV2892T-BLK-12V,66.61
HV2892T-CP-12V,79.54
HV2892T-SS316-12V,66.61
HV2893T-BLK-12V,38.65
HV2893T-SS316-12V,38.65
HV2893T-WHT-12V,38.65
HV2894T-BLK-12V,31.88
HV2894T-WHT-12V,31.88
HV2899NW-AB,47.36
HV2899NW-BLK,47.36
HV2899NW-BR,47.36
HV2899NW-CP,55.90
HV2899NW-SS316,47.36
HV2901,55.67
HV2901-AB,64.60
HV2902,55.67
HV2902-AB,64.60
HV2903T,64.60
HV2903T-AB,73.53
HV2903T-BR,73.53
HV2904T,64.60
HV2904T-AB,73.53
HV2904T-BR,73.53
HV2905T-12V,79.85
HV2921,18.02
HV2922,18.02
HV2923T,26.95
HV2923T-WHT,26.95
HV2924T,26.95
HV2924T-WHT,26.95
HV2925T-12V,28.72
HV2925T-12V-WHT,28.72
HV2927T-BLK-12V,23.33
HV2927T-BLK-240V,23.33
HV2927T-BR-12V,40.89
HV2927T-BR-240V,40.89
HV2927T-SS316-12V,40.89
HV2927T-SS316-240V,40.89
HV2927T-WHT-12V,23.33
HV2927T-WHT-240V,23.33
HV2928T-BLK-12V,36.11
HV2928T-BLK-240V,36.11
HV2928T-BR-12V,65.84
HV2928T-BR-240V,65.84
HV2928T-SS316-12V,65.84
HV2928T-SS316-240V,65.84
HV2928T-WHT-12V,36.11
HV2928T-WHT-240V,36.11
HV2929T-BLK-12V,49.05
HV2929T-BLK-240V,49.05
HV2929T-BR-12V,122.51
HV2929T-BR-240V,122.51
HV2929T-SS316-12V,122.51
HV2929T-SS316-240V,122.51
HV2929T-WHT-12V,49.05
HV2929T-WHT-240V,49.05
HV2960T-BLK-12V,68.15
HV2960T-BLK-240V,68.15
HV2960T-TTM-12V,68.15
HV2960T-TTM-240V,68.15
HV2961T-BLK-12V,68.15
HV2961T-BLK-240V,68.15
HV2961T-TTM-12V,68.15
HV2961T-TTM-240V,68.15
HV3003T-BLK-12V,64.83
HV3003T-BLK-240V,64.83
HV3003T-SS316-12V,64.83
HV3003T-SS316-240V,64.83
HV3003T-WHT-12V,64.83
HV3003T-WHT-240V,64.83
HV3004T-BLK-12V,64.83
HV3004T-BLK-240V,64.83
HV3004T-SS316-12V,64.83
HV3004T-SS316-240V,64.83
HV3004T-WHT-12V,64.83
HV3004T-WHT-240V,64.83
HV3005T-BLK-12V,53.67
HV3005T-BLK-240V,53.67
HV3005T-SS316-12V,53.67
HV3005T-SS316-240V,53.67
HV3005T-WHT-12V,53.67
HV3005T-WHT-240V,53.67
HV3006T-BLK-12V,53.67
HV3006T-BLK-240V,53.67
HV3006T-SS316-12V,53.67
HV3006T-SS316-240V,53.67
HV3006T-WHT-12V,53.67
HV3006T-WHT-240V,53.67
HV3007T-BLK-12V,42.58
HV3007T-BLK-240V,42.58
HV3007T-SS316-12V,42.58
HV3007T-SS316-240V,42.58
HV3007T-WHT-12V,42.58
HV3007T-WHT-240V,42.58
HV3008T-BLK-12V,42.58
HV3008T-BLK-240V,42.58
HV3008T-SS316-12V,42.58
HV3008T-SS316-240V,42.58
HV3008T-WHT-12V,42.58
HV3008T-WHT-240V,42.58
HV3011T-AB-12V,44.51
HV3011T-AB-240V,44.51
HV3011T-BLK-12V,31.57
HV3011T-BLK-240V,31.57
HV3011T-BR-12V,44.51
HV3011T-BR-240V,44.51
HV3012T-AB-12V,60.68
HV3012T-AB-240V,60.68
HV3012T-BLK-12V,47.74
HV3012T-BLK-240V,47.74
HV3012T-BR-12V,60.68
HV3012T-BR-240V,60.68
HV3013T-AB-12V,104.34
HV3013T-AB-240V,104.34
HV3013T-BLK-12V,63.91
HV3013T-BLK-240V,63.91
HV3013T-BR-12V,104.34
HV3013T-BR-240V,104.34
HV3105-CAN,4.39
HV3105T-BLK-12V,21.56
HV3105T-BLK-240V,33.57
HV3105T-WHT-12V,21.56
HV3105T-WHT-240V,33.57
HV3106-CAN,5.24
HV3106T-BLK-12V,30.11
HV3106T-BLK-240V,42.20
HV3106T-BLK-240V-PIR,45.89
HV3106T-WHT-12V,30.11
HV3106T-WHT-240V,42.20
HV3106T-WHT-240V-PIR,45.89
HV3111T-BLK-12V,11.32
HV3111T-WHT-12V,11.32
HV3112T-BLK-12V,15.40
HV3112T-BLK-240V,15.40
HV3112T-WHT-12V,15.40
HV3112T-WHT-240V,15.40
HV3113T-BLK-12V,20.25
HV3113T-BLK-240V,20.25
HV3113T-WHT-12V,20.25
HV3113T-WHT-240V,20.25
HV3205T-AB-12V,52.98
HV3205T-BLK-12V,52.98
HV3205T-BR-12V,85.24
HV3205T-SS316-12V,85.24
HV3205T-WHT-12V,52.98
HV3206T-AB-12V,42.27
HV3206T-BLK-12V,42.27
HV3206T-BR-12V,73.53
HV3206T-SS316-12V,73.53
HV3206T-WHT-12V,42.27
HV3215T-AB-12V,52.98
HV3215T-BLK-12V,52.98
HV3215T-BR-12V,85.24
HV3215T-SS316-12V,85.24
HV3215T-WHT-12V,52.98
HV3216T-AB-12V,42.27
HV3216T-BLK-12V,42.27
HV3216T-BR-12V,73.53
HV3216T-SS316-12V,73.53
HV3216T-WHT-12V,42.27
HV3221T-BLK,30.80
HV3221T-WHT,30.80
HV3222T-BLK,30.80
HV3222T-WHT,30.80
HV3223T-BLK,30.80
HV3223T-WHT,30.80
HV3225T-BLK,45.43
HV3225T-WHT,45.43
HV3227T-BLK-12V,24.26
HV3227T-BLK-240V,24.26
HV3227T-WHT-12V,24.26
HV3227T-WHT-240V,24.26
HV3228T-BLK-12V,24.26
HV3228T-BLK-240V,24.26
HV3228T-WHT-12V,24.26
HV3228T-WHT-240V,24.26
HV3229T-BLK-12V,25.87
HV3229T-BLK-240V,25.87
HV3229T-WHT-12V,25.87
HV3229T-WHT-240V,25.87
HV3251T-AB-12V,33.34
HV3251T-BLK-12V,33.34
HV3251T-BR-12V,33.34
HV3251T-WHT-12V,33.34
HV3252T-AB-12V,47.59
HV3252T-BLK-12V,47.59
HV3252T-BR-12V,47.59
HV3252T-WHT-12V,47.59
HV3253T-AB-12V,73.38
HV3253T-BLK-12V,73.38
HV3253T-BR-12V,73.38
HV3253T-WHT-12V,73.38
HV3263T,75.77
HV3264W,87.86
HV3268T-BLK-12V-RND,34.27
HV3268T-BLK-12V-SQ,34.27
HV3268T-WHT-12V-RND,34.27
HV3268T-WHT-12V-SQ,34.27
HV3269T-BLK-12V-RND,48.13
HV3269T-BLK-12V-SQ,48.13
HV3269T-WHT-12V-RND,48.13
HV3269T-WHT-12V-SQ,48.13
HV3270T-BLK-12V,46.28
HV3270T-SLV-12V,46.28
HV3270T-WHT-12V,46.28
HV3271T-BLK-12V,55.52
HV3271T-SLV-12V,55.52
HV3271T-WHT-12V,55.52
HV3272T-BLK-12V,75.77
HV3272T-SLV-12V,75.77
HV3272T-WHT-12V,75.77
HV3275T-BLK-12V,75.77
HV3275T-BLK-240V,75.77
HV3275T-BLK-240v,75.77
HV3275T-WHT-12V,75.77
HV3275T-WHT-240V,75.77
HV3276T-BLK-12V,75.77
HV3276T-BLK-240V,75.77
HV3276T-WHT-12V,75.77
HV3276T-WHT-240V,75.77
HV3277T-BLK-12V,75.77
HV3277T-BLK-240V,75.77
HV3277T-WHT-12V,75.77
HV3277T-WHT-240V,75.77
HV3278T-BLK-12V,72.07
HV3278T-BLK-240V,72.07
HV3278T-WHT-12V,72.07
HV3278T-WHT-240V,72.07
HV3279T-BLK-12V,80.39
HV3279T-BLK-240V,80.39
HV3279T-WHT-12V,80.39
HV3279T-WHT-240V,80.39
HV3281T-AB-12V,64.60
HV3281T-BLK-12V,64.60
HV3281T-BR-12V,64.60
HV3281T-SS316-12V,64.60
HV3281T-WHT-12V,64.60
HV3282T-BLK,117.04
HV3282T-BRZ,117.04
HV3282T-GPH,117.04
HV3282T-SS316,117.04
HV3282T-WHT,117.04
HV3283T-BLK,117.04
HV3283T-BRZ,117.04
HV3283T-GPH,117.04
HV3283T-SS316,117.04
HV3283T-WHT,117.04
HV3284T-AB-12V,56.60
HV3284T-BLK-12V,56.60
HV3284T-BR-12V,56.60
HV3284T-SS316-12V,56.60
HV3284T-WHT-12V,56.60
HV3285T-AB-12V,56.60
HV3285T-BLK-12V,56.60
HV3285T-BR-12V,56.60
HV3285T-SS316-12V,56.60
HV3285T-WHT-12V,56.60
HV3286T-AB-12V,56.60
HV3286T-BLK-12V,56.60
HV3286T-BR-12V,56.60
HV3286T-SS316-12V,56.60
HV3286T-WHT-12V,56.60
HV3288T-AB-12V,74.54
HV3288T-BLK-12V,74.54
HV3288T-BR-12V,74.54
HV3288T-GPH-12V,74.54
HV3288T-SS316-12V,74.54
HV3288T-WHT-12V,74.54
HV3289T-AB-12V,130.05
HV3289T-BLK-12V,130.05
HV3289T-BR-12V,130.05
HV3289T-GPH-12V,130.05
HV3289T-SS316-12V,130.05
HV3289T-WHT-12V,130.05
HV3291T-AB-12V,32.57
HV3291T-BLK-12V,32.57
HV3291T-BR-12V,32.57
HV3291T-WHT-12V,32.57
HV3292T-AB-12V,47.59
HV3292T-BLK-12V,47.59
HV3292T-BR-12V,47.59
HV3292T-WHT-12V,47.59
HV3295T-AB-12V,49.97
HV3295T-BLK-12V,26.72
HV3295T-BR-12V,49.97
HV3296T-AB-12V,74.15
HV3296T-BLK-12V,40.04
HV3296T-BR-12V,74.15
HV3297T-AB-12V,40.04
HV3297T-BLK-12V,29.26
HV3297T-BR-12V,40.04
HV3298T-AB-12V,56.75
HV3298T-BLK-12V,40.04
HV3298T-BR-12V,56.75
HV3299T-AB-12V,85.01
HV3299T-BLK-12V,56.75
HV3299T-BR-12V,85.01
HV350-SPK,6.47
HV3511W-BLK,25.87
HV3511W-PB,25.87
HV3511W-WHT,25.87
HV3512W-BLK,17.79
HV3512W-PB,17.79
HV3512W-WHT,17.79
HV3518T-BLK,60.68
HV3518T-WHT,60.68
HV3519W-BLK,50.13
HV3519W-WHT,50.13
HV3523T-BLK,12.94
HV3523T-WHT,12.94
HV3525T-BLK,17.02
HV3525T-WHT,17.02
HV3526T-BLK,10.55
HV3526T-WHT,10.55
HV3527T-BLK,12.17
HV3527T-WHT,12.17
HV3531W-S-BLK,66.30
HV3532W-S-BLK,66.30
HV3533W-S-BLK,66.30
HV3534W-S-BLK,66.30
HV3535W-M-BLK,103.49
HV3535W-S-BLK,66.30
HV3536W-S-BLK,59.06
HV3537W-S-BLK,59.06
HV3538W-S-BLK,112.42
HV3551W-BLK,15.40
HV3552W-BLK,17.02
HV3554W-BLK,36.42
HV3561T-BLK,66.68
HV3561T-BR,84.93
HV3561T-WHT,66.68
HV3562T-BLK,101.18
HV3562T-BR,125.36
HV3562T-WHT,101.18
HV3571T-BLK,66.68
HV3571T-BLK-24V,86.86
HV3571T-WHT,66.68
HV3571T-WHT-24V,86.86
HV3572T-BLK,101.18
HV3572T-BLK-24V,121.43
HV3572T-WHT,101.18
HV3572T-WHT-24V,121.43
HV3574T-BLK,164.70
HV3574T-BLK-24V,184.95
HV3574T-WHT,164.70
HV3574T-WHT-24V,184.95
HV3576T-BLK,243.17
HV3576T-BLK-24V,263.34
HV3576T-WHT,243.17
HV3576T-WHT-24V,263.34
HV3581T-BLK,66.68
HV3581T-BLK-24V,86.86
HV3581T-WHT,66.68
HV3581T-WHT-24V,86.86
HV3582T-BLK,101.18
HV3582T-BLK-24V,121.43
HV3582T-WHT,101.18
HV3582T-WHT-24V,121.43
HV3584T-BLK,164.70
HV3584T-BLK-24V,184.95
HV3584T-WHT,164.70
HV3584T-WHT-24V,184.95
HV3586T-BLK,243.17
HV3586T-BLK-24V,263.34
HV3586T-WHT,243.17
HV3586T-WHT-24V,263.34
HV3591RGBW-BLK,72.38
HV3591RGBW-WHT,72.38
HV3591T-BLK,68.76
HV3591T-BLK-12V,84.93
HV3591T-WHT,68.76
HV3591T-WHT-12V,84.93
HV3592RGBW-BLK,87.47
HV3592RGBW-WHT,87.47
HV3592T-BLK,82.70
HV3592T-BLK-12V,100.48
HV3592T-WHT,82.70
HV3592T-WHT-12V,100.48
HV3593RGBW-BLK,101.41
HV3593RGBW-WHT,101.41
HV3593T-BLK,96.64
HV3593T-BLK-12V,116.04
HV3593T-WHT,96.64
HV3593T-WHT-12V,116.04
HV3594RGBW-BLK,124.12
HV3594RGBW-WHT,124.12
HV3594T-BLK,118.35
HV3594T-BLK-12V,139.37
HV3594T-WHT,118.35
HV3594T-WHT-12V,139.37
HV36003T-BLK,52.05
HV36012T-BLK,52.05
HV3601T-BLK,54.59
HV3601T-CP,74.92
HV3601T-SS316,54.59
HV3601T-WHT,54.59
HV3602T-BLK,44.35
HV3602T-CP,63.76
HV3602T-SS316,44.35
HV3602T-WHT,44.35
HV36042T,51.74
HV36042T-BLK,51.74
HV36051T-BLK,61.37
HV36051T-WHT,61.37
HV36052T-BLK,88.78
HV36052T-WHT,88.78
HV36053T-BLK,114.65
HV36053T-WHT,114.65
HV3605T-BLK,44.35
HV3605T-CP,63.76
HV3605T-SS316,44.35
HV3605T-WHT,44.35
HV3608C-BLK,42.58
HV3608C-CP,54.59
HV3608C-SS316,42.58
HV3608C-WHT,42.58
HV3608W-BLK,42.58
HV3608W-CP,54.59
HV3608W-SS316,42.58
HV3608W-WHT,42.58
HV3611T-BLK,28.34
HV3611T-WHT,28.34
HV3619W-BLK,80.08
HV3619W-WHT,80.08
HV3623T-BLK,38.27
HV3623T-WHT,38.27
HV3624T-BLK,49.66
HV3624T-WHT,49.66
HV3625S-ALUBLK,66.14
HV3625S-ALUWHT,66.14
HV3625S-BR,131.28
HV3625T-AB,131.28
HV3625T-BLK,124.74
HV3625T-WHT,124.74
HV3626S-ALUBLK,83.31
HV3626S-ALUWHT,83.31
HV3626S-BR,156.16
HV3626T-AB,156.16
HV3626T-BLK,145.07
HV3626T-WHT,145.07
HV3628T-BLK,113.65
HV3628T-BLK-SQ,122.89
HV3628T-WHT,113.65
HV3628T-WHT-SQ,122.89
HV3629T-BLK,170.86
HV3629T-BLK-SQ,181.03
HV3629T-WHT,170.86
HV3629T-WHT-SQ,181.03
HV3630T-BLK,32.34
HV3630T-WHT,32.34
HV3631T-BLK,28.72
HV3631T-WHT,28.72
HV3632T-BLK,38.81
HV3632T-WHT,38.81
HV3633T-BLK,58.21
HV3633T-SS316,58.21
HV3633T-WHT,58.21
HV3637T-BLK,76.77
HV3637T-WHT,76.77
HV3639T-BLK,58.21
HV3639T-WHT,58.21
HV3641T-BLK-12V,32.34
HV3641T-BLK-240V,32.34
HV3641T-WHT-12V,32.34
HV3641T-WHT-240V,32.34
HV3642T-BLK-12V,42.27
HV3642T-BLK-240V,42.27
HV3642T-WHT-12V,42.27
HV3642T-WHT-240V,42.27
HV3643RGBW-BLK,49.36
HV3643RGBW-WHT,49.36
HV3643T-BLK-12V,42.27
HV3643T-BLK-240V,42.27
HV3643T-WHT-12V,42.27
HV3643T-WHT-240V,42.27
HV3644RGBW-BLK,59.21
HV3644RGBW-WHT,59.21
HV3644T-BLK-12V,53.90
HV3644T-BLK-240V,53.90
HV3644T-WHT-12V,53.90
HV3644T-WHT-240V,53.90
HV3645T-BLK-12V,32.34
HV3645T-BLK-240V,32.34
HV3645T-WHT-12V,32.34
HV3645T-WHT-240V,32.34
HV3646T-BLK-12V,42.27
HV3646T-BLK-240V,42.27
HV3646T-WHT-12V,42.27
HV3646T-WHT-240V,42.27
HV3647T-BLK-12V,42.27
HV3647T-BLK-240V,42.27
HV3647T-WHT-12V,42.27
HV3647T-WHT-240V,42.27
HV3648T-BLK-12V,53.90
HV3648T-BLK-240V,53.90
HV3648T-WHT-12V,53.90
HV3648T-WHT-240V,53.90
HV3649T-BLK-12V,70.30
HV3649T-BLK-240V,70.30
HV3649T-WHT-12V,70.30
HV3649T-WHT-240V,70.30
HV3650T-BLK-12V,74.15
HV3650T-BLK-240V,74.15
HV3650T-WHT-12V,74.15
HV3650T-WHT-240V,74.15
HV3652T-BLK-12V,70.84
HV3652T-BLK-240V,70.84
HV3652T-WHT-12V,70.84
HV3652T-WHT-240V,70.84
HV3653T-BLK-12V,78.08
HV3653T-BLK-240V,78.08
HV3653T-BLK-240v,78.08
HV3653T-WHT-12V,78.08
HV3653T-WHT-240V,78.08
HV3654T-BLK,42.20
HV3654T-WHT,42.20
HV3655T-BLK,59.29
HV3655T-WHT,59.29
HV3656T-BLK,50.74
HV3656T-WHT,50.74
HV3657T-BLK,67.84
HV3657T-WHT,67.84
HV36582T-BLK-SQ,82.93
HV36582T-WHT-SQ,82.93
HV36583T-BLK-SQ,59.21
HV36583T-WHT-SQ,59.21
HV36584T-BLK-SQ,82.93
HV36584T-WHT-SQ,82.93
HV3658T-BLK-RND,59.21
HV3658T-BLK-RND-12V,80.08
HV3658T-BLK-SQ,59.21
HV3658T-BLK-SQ-12V,80.08
HV3658T-WHT-RND,59.21
HV3658T-WHT-RND-12V,80.08
HV3658T-WHT-SQ,59.21
HV3658T-WHT-SQ-12V,80.08
HV36592W-BLK,101.10
HV36592W-SS316,101.10
HV36592W-WHT,101.10
HV3659W-BLK,55.67
HV3659W-L-BLK,82.93
HV3659W-L-SS316,82.93
HV3659W-L-WHT,82.93
HV3659W-SS316,55.67
HV3659W-WHT,55.67
HV3661T-BLK,104.87
HV3661T-WHT,104.87
HV3662T-BLK-240V,64.68
HV3662T-WHT-240V,64.68
HV3665T-BLK,104.87
HV3665T-WHT,104.87
HV3668T-BLK,73.53
HV3668T-WHT,73.53
HV3669T-BLK,73.53
HV3669T-WHT,73.53
HV3670T-BLK,71.38
HV3671T-BLK,71.38
HV3672W-BLK,35.57
HV3673W-BLK,55.83
HV3681T-BLK,86.39
HV3681T-WHT,86.39
HV3683T-BLK,122.74
HV3683T-WHT,122.74
HV3684T-BLK,134.67
HV3684T-WHT,134.67
HV3686T-BLK,72.00
HV3686T-WHT,72.00
HV3687T-BLK,74.38
HV3687T-WHT,74.38
HV3688T-BLK,90.86
HV3688T-WHT,90.86
HV3689T-AB,79.85
HV3689T-BLK,79.85
HV3689T-BLKBR,79.85
HV3689T-WHT,79.85
HV3691T-BLK-240V,49.59
HV3691T-WHT-240V,49.59
HV3692W-BLK,39.66
HV3692W-WHT,39.66
HV3693T-BLK,44.51
HV3694W-BLK,50.97
HV3695T-BLK-12V,33.96
HV3695T-BLK-240V,33.96
HV3695T-WHT-12V,33.96
HV3695T-WHT-240V,33.96
HV3696T-BLK-12V,42.04
HV3696T-BLK-240V,42.04
HV3696T-WHT-12V,42.04
HV3696T-WHT-240V,42.04
HV3697T-BLK-12V,52.59
HV3697T-BLK-240V,52.59
HV3697T-WHT-12V,52.59
HV3697T-WHT-12v,52.59
HV3697T-WHT-240V,52.59
HV3721N-GRY,46.09
HV3721N-GRY-PIR,59.98
HV3722N-GRY,54.87
HV3722N-GRY-PIR,70.96
HV3731T-BLK,50.13
HV3731T-BLK-PIR,66.30
HV3732T-BLK,66.30
HV3732T-BLK-PIR,82.47
HV3733T-BLK,78.46
HV3733T-BLK-PIR,94.63
HV3791T-BLK,34.88
HV3791T-WHT,34.88
HV3792T-BLK,45.66
HV3792T-WHT,45.66
HV3793T-BLK,43.12
HV3793T-WHT,43.12
HV3794T-BLK,53.90
HV3794T-WHT,53.90
HV4001T-2-BLK,73.53
HV4001T-2-TTM,80.70
HV4001T-2-WHT,73.53
HV4001T-3-BLK,104.87
HV4001T-3-TTM,112.11
HV4001T-3-WHT,104.87
HV4001T-4-BLK,143.45
HV4001T-4-TTM,148.92
HV4001T-4-WHT,143.45
HV4002T-1-BLK,68.76
HV4002T-1-WHT,68.76
HV4002T-2-BLK,131.82
HV4002T-2-WHT,131.82
HV4002T-3-BLK,217.53
HV4002T-3-WHT,217.53
HV4002T-4-BLK,282.21
HV4002T-4-WHT,282.21
HV4003T-1-BLK,39.66
HV4003T-1-WHT,39.66
HV4003T-2-BLK,63.91
HV4003T-2-WHT,63.91
HV4003T-3-BLK,88.17
HV4003T-3-WHT,88.17
HV4003T-4-BLK,112.42
HV4003T-4-WHT,112.42
HV5511CCT-AB,52.90
HV5511CCT-BLK,50.51
HV5511CCT-BR,52.90
HV5511CCT-CP,52.90
HV5511CCT-NK,52.90
HV5511CCT-WHT,50.51
HV5511RGBCW-AB,52.90
HV5511RGBCW-BLK,50.51
HV5511RGBCW-BR,52.90
HV5511RGBCW-CP,52.90
HV5511RGBCW-NK,52.90
HV5511RGBCW-WHT,50.51
HV5511T-AB,35.50
HV5511T-BLK,33.11
HV5511T-BR,35.50
HV5511T-CP,35.50
HV5511T-NK,35.50
HV5511T-WHT,33.11
HV5512CCT-AB,52.90
HV5512CCT-BLK,50.51
HV5512CCT-BR,52.90
HV5512CCT-CP,52.90
HV5512CCT-NK,52.90
HV5512CCT-WHT,50.51
HV5512RGBCW-AB,52.90
HV5512RGBCW-BLK,50.51
HV5512RGBCW-BR,52.90
HV5512RGBCW-CP,52.90
HV5512RGBCW-NK,52.90
HV5512RGBCW-WHT,50.51
HV5512T-AB,35.50
HV5512T-BLK,33.11
HV5512T-BR,35.50
HV5512T-CP,35.50
HV5512T-NK,35.50
HV5512T-WHT,33.11
HV5513CCT-AB,52.90
HV5513CCT-BLK,50.51
HV5513CCT-BR,52.90
HV5513CCT-CP,52.90
HV5513CCT-NK,52.90
HV5513CCT-WHT,50.51
HV5513RGBCW-AB,52.90
HV5513RGBCW-BLK,50.51
HV5513RGBCW-BR,52.90
HV5513RGBCW-CP,52.90
HV5513RGBCW-NK,52.90
HV5513RGBCW-WHT,50.51
HV5513T-AB,35.50
HV5513T-BLK,33.11
HV5513T-BR,35.50
HV5513T-CP,35.50
HV5513T-NK,35.50
HV5513T-WHT,33.11
HV5514CCT-AB,52.90
HV5514CCT-BLK,50.51
HV5514CCT-BR,52.90
HV5514CCT-CP,52.90
HV5514CCT-NK,52.90
HV5514CCT-WHT,50.51
HV5514RGBCW-AB,52.90
HV5514RGBCW-BLK,50.51
HV5514RGBCW-BR,52.90
HV5514RGBCW-CP,52.90
HV5514RGBCW-NK,52.90
HV5514RGBCW-WHT,50.51
HV5514T-AB,35.50
HV5514T-BLK,33.11
HV5514T-BR,35.50
HV5514T-CP,35.50
HV5514T-NK,35.50
HV5514T-WHT,33.11
HV5522T-BLK,14.86
HV5522T-BLK-24V,14.86
HV5522T-WHT,14.86
HV5522T-WHT-24V,14.86
HV5528-IC4CAP,2.46
HV5528D2W-BB,26.03
HV5528D2W-BC,26.03
HV5528D2W-BG,26.03
HV5528D2W-BLK,24.41
HV5528D2W-WB,26.03
HV5528D2W-WC,26.03
HV5528D2W-WG,26.03
HV5528D2W-WHT,24.41
HV5528D2W-WW,26.03
HV5528T-BB,26.03
HV5528T-BC,26.03
HV5528T-BG,26.03
HV5528T-BLK,24.41
HV5528T-WB,26.03
HV5528T-WC,26.03
HV5528T-WG,26.03
HV5528T-WHT,24.41
HV5528T-WW,26.03
HV5529D2W-BB,26.03
HV5529D2W-BC,26.03
HV5529D2W-BG,26.03
HV5529D2W-WB,26.03
HV5529D2W-WC,26.03
HV5529D2W-WG,26.03
HV5529D2W-WW,26.03
HV5529T-BB,26.03
HV5529T-BC,26.03
HV5529T-BG,26.03
HV5529T-WB,26.03
HV5529T-WC,26.03
HV5529T-WG,26.03
HV5529T-WW,26.03
HV5530S-SS316,65.30
HV5530T-BLK,28.72
HV5530T-WHT,28.72
HV5701T-BLK,26.72
HV5701T-WHT,26.72
HV5702T-BLK,26.72
HV5702T-WHT,26.72
HV5703T-BLK,31.57
HV5703T-WHT,31.57
HV5802T-BLK,41.27
HV5802T-BLK-12V,62.14
HV5802T-BLK-EXT,50.28
HV5802T-BLK-EXT-12V,71.07
HV5802T-BLK-P,53.90
HV5802T-WHT,41.27
HV5802T-WHT-12V,62.14
HV5802T-WHT-EXT,50.28
HV5802T-WHT-EXT-12V,71.07
HV5802T-WHT-P,53.90
HV5803T-BLK,58.37
HV5803T-BLK-12V,79.08
HV5803T-BLK-EXT,71.76
HV5803T-BLK-EXT-12V,92.63
HV5803T-BLK-P,74.54
HV5803T-WHT,58.37
HV5803T-WHT-12V,79.08
HV5803T-WHT-EXT,71.76
HV5803T-WHT-EXT-12V,92.63
HV5803T-WHT-P,74.54
HV5805T-BLK,79.85
HV5805T-BLK-12V,100.72
HV5805T-BLK-EXT,99.56
HV5805T-BLK-EXT-12V,120.35
HV5805T-BLK-P,106.65
HV5805T-WHT,79.85
HV5805T-WHT-12V,100.72
HV5805T-WHT-EXT,99.56
HV5805T-WHT-EXT-12V,120.35
HV5805T-WHT-P,106.65
HV580X-BLK-ROD,22.48
HV580X-WHT-ROD,22.48
HV58100-GR,6.47
HV58101-GR,8.93
HV58102-GR,11.32
HV58103-GR,7.32
HV58104-GR,9.70
HV5812T-BLK,47.59
HV5812T-BLK-12V,68.45
HV5812T-WHT,47.59
HV5812T-WHT-12V,68.45
HV5813T-BLK,62.83
HV5813T-BLK-12V,83.62
HV5813T-WHT,62.83
HV5813T-WHT-12V,83.62
HV5815T-BLK,85.24
HV5815T-BLK-12V,106.03
HV5815T-WHT,85.24
HV5815T-WHT-12V,106.03
HV5822T-BLK,72.23
HV5822T-BLK-12V,95.25
HV5822T-WHT,72.23
HV5822T-WHT-12V,95.25
HV5823T-BLK,103.41
HV5823T-BLK-12V,127.51
HV5823T-WHT,103.41
HV5823T-WHT-12V,127.51
HV5824T-BLK,143.53
HV5824T-BLK-12V,168.78
HV5824T-WHT,143.53
HV5824T-WHT-12V,168.78
HV5825T-BLK,191.34
HV5825T-BLK-12V,218.06
HV5825T-WHT,191.34
HV5825T-WHT-12V,218.06
HV5831T-BLK,31.42
HV5831T-WHT,31.42
HV5832T-BLK,40.43
HV5832T-WHT,40.43
HV5841-BLK-PDT,18.40
HV5841-BR,4.39
HV5841-CR,4.39
HV5841-GR,4.39
HV5841-HC,2.46
HV5841-WHT-PDT,18.40
HV5841S-BLK,41.04
HV5841S-BLK-12V,61.91
HV5841S-BLK-EXT,54.05
HV5841S-BLK-EXT-12V,74.84
HV5841S-BR,46.12
HV5841S-BR-12V,66.30
HV5841S-BR-EXT,59.06
HV5841S-BR-EXT-12V,79.23
HV5841S-WHT,41.04
HV5841S-WHT-12V,61.91
HV5841S-WHT-EXT,54.05
HV5841S-WHT-EXT-12V,74.84
HV5842-BLK-PDT,20.87
HV5842-BR,5.24
HV5842-CR,5.24
HV5842-GR,5.24
HV5842-HC,4.08
HV5842-WHT-PDT,20.87
HV5842S-BLK,58.06
HV5842S-BLK-12V,78.93
HV5842S-BLK-EXT,69.69
HV5842S-BLK-EXT-12V,90.40
HV5842S-BR,63.06
HV5842S-BR-12V,83.31
HV5842S-BR-EXT,75.23
HV5842S-BR-EXT-12V,95.40
HV5842S-WHT,58.06
HV5842S-WHT-12V,78.93
HV5842S-WHT-EXT,69.69
HV5842S-WHT-EXT-12V,90.40
HV5843-BLK-PDT,23.41
HV5843-BR,6.08
HV5843-CR,6.08
HV5843-GR,6.08
HV5843-HC,5.70
HV5843-WHT-PDT,23.41
HV5843S-BLK,78.62
HV5843S-BLK-12V,99.41
HV5843S-WHT,78.62
HV5843S-WHT-12V,99.41
HV5844-BLK-PDT,25.03
HV5844-BR,6.93
HV5844-CR,6.93
HV5844-GR,6.93
HV5844-HC,7.32
HV5844-WHT-PDT,25.03
HV5844S-BLK,112.73
HV5844S-BLK-12V,133.60
HV5844S-WHT,112.73
HV5844S-WHT-12V,133.60
HV5848S-BLK,50.13
HV5848S-WHT,50.13
HV5849S-BLK,76.00
HV5849S-WHT,76.00
HV5851S-BLK,55.83
HV5851S-BLK-12V,76.00
HV5851S-BLK-EXT,67.91
HV5851S-BLK-EXT-12V,88.17
HV5851S-WHT,55.83
HV5851S-WHT-12V,76.00
HV5851S-WHT-EXT,67.91
HV5851S-WHT-EXT-12V,88.17
HV5852S-BLK,77.62
HV5852S-BLK-12V,97.87
HV5852S-BLK-EXT,90.55
HV5852S-BLK-EXT-12V,110.80
HV5852S-WHT,77.62
HV5852S-WHT-12V,97.87
HV5852S-WHT-EXT,90.55
HV5852S-WHT-EXT-12V,110.80
HV5853S-BLK,101.10
HV5853S-BLK-12V,121.28
HV5853S-WHT,101.10
HV5853S-WHT-12V,121.28
HV5854S-BLK,122.12
HV5854S-BLK-12V,142.30
HV5854S-WHT,122.12
HV5854S-WHT-12V,142.30
HV5863-1-BLK,7.32
HV5863-1-GLD,8.93
HV5863-2-BLKGLD,10.55
HV5863-2-WHTGLD,10.55
HV5863-3-BLKGLD,22.64
HV5863-3-WHTGLD,22.64
HV5863-4-BLKALB,46.12
HV5863S-WHT,27.49
HV5864-1-BLK,9.70
HV5864-1-GLD,12.17
HV5864-2-BLKGLD,14.55
HV5864-2-WHTGLD,14.55
HV5864-3-BLKGLD,28.34
HV5864-3-WHTGLD,28.34
HV5864-4-BLKALB,63.06
HV5864S-WHT,40.43
HV5865-1-BLK,14.55
HV5865-1-GLD,16.17
HV5865-2-BLKGLD,18.63
HV5865-2-WHTGLD,18.63
HV5865-4-BLKALB,96.25
HV5865S-WHT,64.68
HV5871T,161.70
HV5871T-PDT,169.78
HV5872T,202.13
HV5872T-PDT,210.21
HV5873T,246.63
HV5873T-PDT,254.72
HV5874T,311.31
HV5874T-PDT,319.40
HV5876T-WHT,36.42
HV5877T-WHT,48.36
HV5878T-WHT,61.45
HV5878T-WHT-MSENS,88.17
HV5879T-WHT,84.55
HV5881T,20.79
HV5882T,28.34
HV5892T-BLK,106.65
HV5892T-BLK-PDT,127.36
HV5892T-WHT,106.65
HV5892T-WHT-PDT,127.36
HV5893T-BLK,150.69
HV5893T-BLK-PDT,166.86
HV5893T-WHT,150.69
HV5893T-WHT-PDT,166.86
HV5894W-BLK,49.36
HV5898T-BLK,54.67
HV5898T-WHT,54.67
HV5899T-BLK,76.92
HV5899T-WHT,76.92
HV5901T-AB-12V,76.92
HV5901T-AB-240V,76.92
HV5901T-AB-240v,76.92
HV5901T-BLK-12V,76.92
HV5901T-BLK-240V,76.92
HV5901T-BR-12V,76.92
HV5901T-BR-240V,76.92
HV5902T-AB-12V,76.92
HV5902T-AB-240V,76.92
HV5902T-BLK-12V,76.92
HV5902T-BLK-240V,76.92
HV5902T-BR-12V,76.92
HV5902T-BR-240V,76.92
HV6001T-BLK,177.10
HV6001T-WHT,177.10
HV6005T-BLK,128.59
HV6005T-WHT,128.59
HV6006T-BLK,169.02
HV6006T-WHT,169.02
HV6010T,241.78
HV6012T,363.06
HV6013T,331.49
HV6014T,436.59
HV6092T,379.23
HV6094T,476.25
HV8011S-BLKALB,160.93
HV8011S-GLDALB,160.93
HV8021T,47.74
HV8022T,47.74
HV8025C,83.16
HV8025W,83.16
HV8026C,96.94
HV8026W,96.94
HV8027C,83.16
HV8027W,83.16
HV8028C-BLK,83.16
HV8028C-WHT,83.16
HV8028W-BLK,83.16
HV8028W-WHT,83.16
HV8030C,120.12
HV8030W,120.12
HV8069C,72.07
HV8069W,72.07
HV8070C,83.16
HV8070W,83.16
HV8079T-BLK,111.65
HV8079T-BR,173.25
HV8080T-BLK,82.39
HV8080T-BLKBR,82.39
HV8080T-WHT,82.39
HV8080T-WHTBR,82.39
HV8089T,177.87
HV8101T-BLK,64.45
HV8101T-WHT,64.45
HV8102T-BLK,85.86
HV8102T-WHT,85.86
HV8103T-BLK,120.20
HV8103T-WHT,120.20
HV8104T-BLK,150.23
HV8104T-WHT,150.23
HV8201T-BLK,12.17
HV8201T-BR,14.55
HV8201T-WHT,12.17
HV9101-2820,76.69
HV9101-2830A,76.69
HV9101-2830B,76.69
HV9101-2834-5C,76.69
HV9101-ZB-RGBWTP,91.25
HV9101-ZB-SCTP,91.25
HV9102-2819CCT,80.54
HV9102-2819DIM,80.54
HV9102-2819RGBW,80.54
HV9102-2858Z4-5C,95.87
HV9102-M1+M4-5A,82.85
HV9102-M2+M4-5A,82.85
HV9102-M3+M4-5A,82.85
HV9102-M4+M4-5A,82.85
HV9102-SPI-16S+M16S,82.85
HV9102-SPI-R9,34.65
HV9102-ZB-RGBWREM,74.38
HV9102-ZB-SCREM,74.38
HV9104-SPI-2CH,34.65
HV9104-SPI-6CH,55.36
HV9105-1009-5C,80.54
HV9105-SPI-2CH,57.67
HV9105-ZB-5C,95.87
HV9105-ZB-ACDIM,71.38
HV9105-ZB-ACSW,71.38
HV9106-LT-393-5A,91.25
HV9106-LT-701-12A,82.85
HV9106-LT-704-5A,95.87
HV9107-2303SAC-HP,80.54
HV9107-2309P-5C,80.54
HV9107-2701S,80.54
HV9107-LT-401-12A,82.85
HV9107-LT-404-5A,91.25
HV9109-LT-811-12A,165.55
HV9109-LT-820-5A,165.55
HV9109-LT-823-6A,165.55
HV9110-1,27.49
HV9110-2,33.57
HV9110-3,41.27
HV9110-4,49.82
HV9111,49.05
HV9112,25.80
HV9114,49.05
HV9115,49.05
HV9116,55.90
HV9120-1,27.49
HV9120-2,33.57
HV9120-3,41.27
HV9120-4,49.82
HV9210-1,27.49
HV9210-2,33.57
HV9210-3,41.27
HV9210-4,49.82
HV9211,49.05
HV9214,49.05
HV9220-1,27.49
HV9220-2,33.57
HV9220-3,41.27
HV9220-4,49.82
HV9251,32.34
HV9252,37.19
HV9253,44.51
HV9254,34.80
HV9261,31.57
HV9262,33.96
HV9263,33.96
HV9271,26.72
HV9272,34.80
HV9273,31.57
HV9274,31.57
HV9281,21.87
HV9282,21.87
HV9283,21.87
HV9284,24.26
HV9285,35.57
HV9286,35.57
HV9291,28.34
HV9292,13.78
HV9311C,7.39
HV9311N,7.39
HV9311W,7.39
HV9501,20.25
HV95021-12V,19.33
HV95021-240V,19.33
HV9506B,8.32
HV9506D,10.55
HV9506G,8.32
HV9506R,8.32
HV9507,10.55
HV9507B,8.32
HV9507G,8.32
HV9507R,8.32
HV9508,10.55
HV9509,12.94
HV9511C,10.24
HV9511W,10.24
HV9518,7.55
HV9523,5.54
HV9523-1.5W,5.54
HV9523-1.5w,5.54
HV9523-3.2W,7.39
HV9523-3.2w,7.39
HV9523-5W,8.32
HV9523-5w,8.32
HV9525,5.54
HV9526,5.54
HV9527,5.54
HV9528,5.54
HV9529,5.54
HV9529-1.5W,5.54
HV9529-1.5w,5.54
HV9529-3.2W,7.39
HV9529-3.2w,7.39
HV9529-5W,8.32
HV9529-5w,8.32
HV9569C,9.24
HV9569N,9.24
HV9569W,9.24
HV9601,16.71
HV9625,24.18
HV9629,24.18
HV9636,57.52
HV9650S,14.40
HV9650S-24V,14.40
HV9651,15.71
HV9652,23.95
HV9652-24V,23.95
HV9653,36.81
HV9653-24V,36.81
HV9654,60.06
HV9654-24V,60.06
HV9658-12V100W,65.14
HV9658-12V150W,86.55
HV9658-12V200W,109.57
HV9658-12V275W,137.60
HV9658-12V30W,29.72
HV9658-12V480W,169.02
HV9658-12V60W,45.43
HV9658-12V60WS,43.43
HV9658-12V95WS,58.60
HV9658-24V100W,65.14
HV9658-24V150W,86.55
HV9658-24V200W,109.57
HV9658-24V300W,137.60
HV9658-24V30W,29.72
HV9658-24V480W,169.02
HV9658-24V60W,45.43
HV9658-24V60WS,43.43
HV9658-24V95WS,58.60
HV9660-12V100W,114.58
HV9660-12V150W,145.53
HV9660-12V200W,167.48
HV9660-12V300W,194.58
HV9660-12V30W,42.43
HV9660-12V60W,69.07
HV9660-24V100W,114.58
HV9660-24V150W,145.53
HV9660-24V200W,167.48
HV9660-24V300W,194.58
HV9660-24V30W,42.43
HV9660-24V60W,69.07
HV9661-12V100W,133.52
HV9661-12V150W,164.55
HV9661-12V30W,53.36
HV9661-12V60W,83.70
HV9661-24V100W,133.52
HV9661-24V150W,164.55
HV9661-24V30W,53.36
HV9661-24V60W,83.70
HV96631-12V100W,133.52
HV96631-12V150W,147.99
HV96631-12V200W,169.63
HV96631-12V300W,210.75
HV96631-12V30W,53.36
HV96631-12V60W,91.09
HV96631-24V100W,133.52
HV96631-24V150W,147.99
HV96631-24V200W,169.63
HV96631-24V300W,210.75
HV96631-24V30W,53.36
HV96631-24V60W,91.09
HV96632-12V100W,134.44
HV96632-12V150W,165.17
HV96632-12V30W,52.28
HV96632-12V60W,82.24
HV96632-24V100W,134.44
HV96632-24V150W,165.17
HV96632-24V30W,52.28
HV96632-24V60W,82.24
HV9665-12V4W,13.71
HV9665-24V4W,13.71
HV9666-12V20W,16.17
HV9666-12V30W,23.02
HV9666-24V20W,16.17
HV9666-24V30W,23.02
HV9667-12V60W,35.19
HV9667-12V75W,50.82
HV9667-24V60W,35.19
HV9667-24V75W,50.82
HV9668-12V100W,85.55
HV9668-12V25W,28.26
HV9668-12V50W,42.66
HV9668-24V100W,85.55
HV9668-24V25W,28.26
HV9668-24V50W,42.66
HV9690-2119,15.40
HV9690-2119-3M,40.50
HV9690-2119-EC,1.08
HV9690-2119-SD,6.85
HV9690-2618,19.64
HV9690-2618-3M,49.66
HV9690-2618-EC,1.08
HV9690-2618-SD,9.39
HV9691-1010,9.01
HV9691-1010-3M,24.41
HV9691-1010-EC,1.08
HV9691-1010-MC,1.08
HV9691-1010-SD,5.16
HV9691-1616,11.32
HV9691-1616-3M,21.02
HV9691-1616-BLK,12.17
HV9691-1616-BLK-3M,23.45
HV9691-1616-BLK-EC,1.08
HV9691-1616-BLKSD,5.70
HV9691-1616-EC,1.08
HV9691-1616-MC,1.08
HV9691-1616-SD,5.16
HV9691-1616-WHT,12.17
HV9691-1616-WHT-3M,23.45
HV9691-1616-WHT-EC,1.08
HV9691-2020,17.79
HV9691-2020-3M,46.28
HV9691-2020-EC,1.08
HV9691-2020-MC,1.08
HV9691-2020-SD,5.16
HV9691-3030,20.48
HV9691-3030-3M,52.05
HV9691-3030-EC,1.08
HV9691-3030-MC,1.08
HV9691-3030-SD,8.55
HV9692-1930,28.11
HV9692-1930-3M,70.22
HV9692-1930-CR,4.31
HV9692-1930-EC,1.08
HV9692-1930-MC,2.62
HV9692-1930-SD,5.16
HV9693-0607,9.01
HV9693-0607-3M,24.41
HV9693-0607-EC,1.08
HV9693-0607-MC,1.08
HV9693-0607-SD,5.16
HV9693-0915,10.70
HV9693-0915-3M,27.72
HV9693-0915-EC,1.08
HV9693-0915-SD,5.16
HV9693-1007,9.01
HV9693-1007-3M,24.41
HV9693-1007-EC,1.08
HV9693-1007-MC,1.08
HV9693-1007-SD,5.16
HV9693-1045-BLK,25.56
HV9693-1045-BLK-3M,69.38
HV9693-1045-BLK-EC,5.16
HV9693-1045-SD,5.16
HV9693-1045-SUSKIT,9.39
HV9693-1045-WHT,25.56
HV9693-1045-WHT-3M,69.38
HV9693-1045-WHT-EC,5.16
HV9693-1089-BLK,41.66
HV9693-1089-BLK-3M,110.50
HV9693-1089-BLK-EC,5.16
HV9693-1089-SD,5.16
HV9693-1089-SUSKIT,9.39
HV9693-1089-WHT,41.66
HV9693-1089-WHT-3M,110.50
HV9693-1089-WHT-EC,5.16
HV9693-1506,14.55
HV9693-1506-3M,38.12
HV9693-1506-EC,1.08
HV9693-1506-MC,1.08
HV9693-1506-SD,5.16
HV9693-1506-SD-ROLL,5.16
HV9693-1612,15.40
HV9693-1612-3M,40.66
HV9693-1612-BLK,16.25
HV9693-1612-BLK-3M,42.27
HV9693-1612-BLK-EC,1.08
HV9693-1612-BLKSD,6.85
HV9693-1612-EC,1.08
HV9693-1612-MC,1.08
HV9693-1612-SD,6.01
HV9693-1612-SD-ROLL,6.01
HV9693-1612-WHT,16.25
HV9693-1612-WHT-3M,42.27
HV9693-1612-WHT-EC,1.08
HV9693-1615,15.40
HV9693-1615-3M,40.66
HV9693-1615-BLK,17.09
HV9693-1615-BLK- EC,1.08
HV9693-1615-BLK-3M,44.74
HV9693-1615-BLKSD,6.85
HV9693-1615-EC,1.08
HV9693-1615-JOINER,3.47
HV9693-1615-LJOINER,3.47
HV9693-1615-MC,1.08
HV9693-1615-MGC,2.62
HV9693-1615-SD,6.01
HV9693-1615-SD-ROLL,6.01
HV9693-1615-VJOINER,3.47
HV9693-1615-WHT,17.09
HV9693-1615-WHT- EC,1.08
HV9693-1615-WHT-3M,44.74
HV9693-1622,15.40
HV9693-1622-3M,40.66
HV9693-1622-BLK,17.09
HV9693-1622-BLK-3M,44.74
HV9693-1622-BLK-EC,1.08
HV9693-1622-BLKSD,6.85
HV9693-1622-EC,1.08
HV9693-1622-SD,6.01
HV9693-1622-SD-ROLL,6.01
HV9693-1622-WHT,17.09
HV9693-1622-WHT-3M,44.74
HV9693-1622-WHT-EC,1.08
HV9693-1707,11.32
HV9693-1707-3M,21.02
HV9693-1707-BLK,12.17
HV9693-1707-BLK-3M,23.45
HV9693-1707-BLK-EC,1.08
HV9693-1707-BLKSD,6.85
HV9693-1707-EC,1.08
HV9693-1707-MC,1.08
HV9693-1707-SD,5.16
HV9693-1707-SD-ROLL,5.16
HV9693-1707-WHT,12.17
HV9693-1707-WHT-3M,23.45
HV9693-1707-WHT-EC,1.08
HV9693-1806,17.94
HV9693-1806-3M,44.74
HV9693-1806-EC,1.08
HV9693-1806-MC,1.08
HV9693-1806-SD,5.16
HV9693-1806-SD-ROLL,5.16
HV9693-1808,15.40
HV9693-1808-3M,40.66
HV9693-1808-EC,1.08
HV9693-1808-MC,1.08
HV9693-1808-SD,6.85
HV9693-1808-SEC,1.08
HV9693-1812,15.40
HV9693-1812-3M,40.66
HV9693-1812-EC,1.08
HV9693-1812-MC,1.08
HV9693-1812-SD,6.85
HV9693-1812-SEC,1.08
HV9693-1815,11.32
HV9693-1815-3M,21.02
HV9693-1815-BLK,12.17
HV9693-1815-BLK-3M,23.45
HV9693-1815-BLK-EC,1.08
HV9693-1815-BLKSD,6.85
HV9693-1815-EC,1.08
HV9693-1815-MC,1.08
HV9693-1815-SD,5.16
HV9693-1815-SD-ROLL,5.16
HV9693-1815-WHT,12.17
HV9693-1815-WHT-3M,23.45
HV9693-1815-WHT-EC,1.08
HV9693-1896-BLK,48.43
HV9693-1896-BLK-3M,127.74
HV9693-1896-BLK-EC,5.16
HV9693-1896-BLKSD,7.70
HV9693-1896-SD,6.85
HV9693-1896-SUSKIT,9.39
HV9693-1896-WHT,48.43
HV9693-1896-WHT-3M,127.74
HV9693-1896-WHT-EC,5.16
HV9693-1922,13.71
HV9693-1922-3M,36.50
HV9693-1922-EC,1.08
HV9693-1922-SD,6.85
HV9693-2025-BLK,21.33
HV9693-2025-BLK-3M,54.59
HV9693-2025-BLK-EC,2.62
HV9693-2025-BLKSD,6.85
HV9693-2025-SD,6.01
HV9693-2025-SD-ROLL,6.01
HV9693-2025-SMCLIP,2.62
HV9693-2025-SUSKIT,9.39
HV9693-2025-WHT,21.33
HV9693-2025-WHT-3M,54.59
HV9693-2025-WHT-EC,2.62
HV9693-2070,33.11
HV9693-2070-3M,86.47
HV9693-2070-EC,5.16
HV9693-2070-JOINER,4.31
HV9693-2070-SD,8.55
HV9693-2070-SD-ROLL,8.55
HV9693-2070-WHT,38.27
HV9693-2070-WHT-3M,99.64
HV9693-2070-WHT-EC,5.16
HV9693-2114,15.40
HV9693-2114-3M,40.66
HV9693-2114-EC,2.62
HV9693-2114-MC,2.16
HV9693-2114-SD,7.70
HV9693-2310,19.64
HV9693-2310-3M,46.35
HV9693-2310-BLK,21.87
HV9693-2310-BLK-3M,53.28
HV9693-2310-BLK-EC,2.16
HV9693-2310-BLKSD,7.32
HV9693-2310-EC,2.16
HV9693-2310-MC,2.16
HV9693-2310-SD,6.01
HV9693-2310-SD-ROLL,6.01
HV9693-2320,22.18
HV9693-2320-3M,56.98
HV9693-2320-EC,2.16
HV9693-2320-SD,9.39
HV9693-2320-SD-ROLL,9.39
HV9693-3030,24.64
HV9693-3030-3M,64.22
HV9693-3030-BLKSD,9.47
HV9693-3030-EC,3.23
HV9693-3030-SD,7.70
HV9693-3136,24.64
HV9693-3136-3M,66.76
HV9693-3136-BLK,27.18
HV9693-3136-BLK-3M,72.46
HV9693-3136-BLK-EC,3.00
HV9693-3136-BLKSD,9.39
HV9693-3136-EC,3.00
HV9693-3136-JOINER,4.31
HV9693-3136-SD,7.70
HV9693-3136-SD-ROLL,7.70
HV9693-3136-WHT,27.18
HV9693-3136-WHT-3M,72.46
HV9693-3136-WHT-EC,3.00
HV9693-3537,24.64
HV9693-3537-3M,64.22
HV9693-3537-BLK,27.18
HV9693-3537-BLK-3M,73.30
HV9693-3537-BLK-EC,3.00
HV9693-3537-BLKSD,8.55
HV9693-3537-EC,3.00
HV9693-3537-JOINER,4.31
HV9693-3537-SD,7.70
HV9693-3537-SD-ROLL,7.70
HV9693-3537-WHT,27.18
HV9693-3537-WHT-3M,73.30
HV9693-3537-WHT-EC,3.00
HV9693-3890,33.96
HV9693-3890-3M,89.78
HV9693-3890-BLK,35.73
HV9693-3890-BLK-3M,95.56
HV9693-3890-BLK-EC,5.16
HV9693-3890-BLKSD,10.24
HV9693-3890-EC,5.16
HV9693-3890-JOINER,4.31
HV9693-3890-SD,9.39
HV9693-3890-SD-ROLL,9.39
HV9693-3890-WHT,35.73
HV9693-3890-WHT-3M,95.56
HV9693-3890-WHT-EC,5.16
HV9693-4511,26.33
HV9693-4511-3M,70.84
HV9693-4511-EC,2.62
HV9693-4511-SD,9.39
HV9693-4511-SD-ROLL,9.39
HV9693-4975,33.96
HV9693-4975-3M,89.78
HV9693-4975-EC,5.16
HV9693-4975-SD,9.39
HV9693-5270-AGD,12.17
HV9693-5270-ALUBLK,9.70
HV9693-5270-ALUWHT,9.70
HV9693-5270-BLK,62.29
HV9693-5270-BLK-3M,168.63
HV9693-5270-BLK-EC,4.85
HV9693-5270-BLKSD,10.55
HV9693-5270-JOINER,3.23
HV9693-5270-JOINER-120°,6.47
HV9693-5270-JOINER-150°,9.70
HV9693-5270-JOINER-180°,6.47
HV9693-5270-JOINER-L120°,4.08
HV9693-5270-JOINER-L30°,9.70
HV9693-5270-JOINER-L60°,4.08
HV9693-5270-JOINER-X30°,9.70
HV9693-5270-JOINER-Y30°,9.70
HV9693-5270-LJOINER,3.23
HV9693-5270-LJOINER-2,3.23
HV9693-5270-REF,3.23
HV9693-5270-SD,8.93
HV9693-5270-SD-ROLL,8.93
HV9693-5270-WHT,62.29
HV9693-5270-WHT-3M,168.63
HV9693-5270-WHT-EC,4.85
HV9693-6070,38.27
HV9693-6070-3M,100.48
HV9693-6070-BLK,43.35
HV9693-6070-BLK-3M,111.19
HV9693-6070-BLK-EC,5.16
HV9693-6070-BLKSD,10.24
HV9693-6070-EC,5.16
HV9693-6070-JOINER,4.31
HV9693-6070-SD,9.39
HV9693-6070-SD-ROLL,9.39
HV9693-6070-WHT,43.35
HV9693-6070-WHT-3M,111.19
HV9693-6070-WHT-EC,5.16
HV9693-6080,45.05
HV9693-6080-3M,115.35
HV9693-6080-BLK,50.13
HV9693-6080-BLK-3M,131.75
HV9693-6080-BLK-EC,5.16
HV9693-6080-BLKSD-B,10.24
HV9693-6080-EC,5.16
HV9693-6080-JOINER,4.31
HV9693-6080-SD-B,9.39
HV9693-6080-SD-T,6.01
HV9693-6080-WHT,50.13
HV9693-6080-WHT-3M,131.75
HV9693-6080-WHT-EC,5.16
HV9693-8035,51.82
HV9693-8035-3M,137.45
HV9693-8035-EC,5.16
HV9693-8035-SD,9.39
HV9693-8035-SD-ROLL,9.39
HV9693-8090,52.67
HV9693-8090-3M,138.29
HV9693-8090-BLK,63.68
HV9693-8090-BLK-3M,165.55
HV9693-8090-BLK-EC,5.16
HV9693-8090-BLKSD,10.24
HV9693-8090-EC,5.16
HV9693-8090-JOINER,4.31
HV9693-8090-SD,9.39
HV9693-8090-SD-ROLL,9.39
HV9693-8090-WHT,63.68
HV9693-8090-WHT-3M,165.55
HV9693-8090-WHT-EC,5.16
HV9695-1107,9.01
HV9695-1107-3M,24.41
HV9695-1107-EC,1.08
HV9695-1107-MC,1.08
HV9695-1107-SD,5.16
HV9695-2507,11.32
HV9695-2507-3M,21.02
HV9695-2507-BLK,12.17
HV9695-2507-BLK-3M,23.45
HV9695-2507-BLK-EC,1.08
HV9695-2507-BLKSD,6.85
HV9695-2507-EC,1.08
HV9695-2507-MC,1.08
HV9695-2507-SD,5.16
HV9695-2507-SD-ROLL,5.16
HV9695-2507-WHT,12.17
HV9695-2507-WHT-3M,23.45
HV9695-2507-WHT-EC,1.08
HV9695-2515,11.32
HV9695-2515-3M,21.02
HV9695-2515-BLK,12.17
HV9695-2515-BLK-3M,23.45
HV9695-2515-BLK-EC,2.16
HV9695-2515-BLKSD,6.85
HV9695-2515-EC,2.16
HV9695-2515-MC,2.16
HV9695-2515-SD,6.01
HV9695-2515-SD-ROLL,6.01
HV9695-2515-WHT,12.17
HV9695-2515-WHT-3M,23.45
HV9695-2515-WHT-EC,2.16
HV9695-2520,19.64
HV9695-2520-3M,46.35
HV9695-2520-EC,2.16
HV9695-2520-MC,4.31
HV9695-2520-SD,6.01
HV9695-2520-SD-ROLL,6.01
HV9695-2810,19.64
HV9695-2810-3M,46.35
HV9695-2810-EC,2.16
HV9695-2810-MC,2.16
HV9695-2810-SD,6.01
HV9695-2810-SD-ROLL,6.01
HV9695-2926,22.18
HV9695-2926-3M,54.52
HV9695-2926-BLK,24.56
HV9695-2926-BLK-3M,59.06
HV9695-2926-BLK-EC,2.16
HV9695-2926-EC,2.16
HV9695-2926-MC,4.31
HV9695-2926-SD,6.01
HV9695-2926-SD-ROLL,6.01
HV9695-2926-WHT,24.56
HV9695-2926-WHT-3M,59.06
HV9695-2926-WHT-EC,2.16
HV9695-4435,22.95
HV9695-4435-3M,58.60
HV9695-4435-EC,2.16
HV9695-4435-SD,9.39
HV9695-4435-SD-ROLL,9.39
HV9695-4540,26.33
HV9695-4540-3M,72.53
HV9695-4540-EC,2.16
HV9695-4540-MC,6.01
HV9695-4540-SD,9.39
HV9695-4540-SD-ROLL,9.39
HV9695-6332,36.96
HV9695-6332-3M,105.34
HV9695-6332-EC,6.16
HV9695-6332-MC,6.16
HV9695-6332-SD,8.47
HV9695-6332-SD-ROLL,8.47
HV9695-9835,44.20
HV9695-9835-3M,111.19
HV9695-9835-EC,5.16
HV9695-9835-MC,6.01
HV9695-9835-SD,9.39
HV9695-9835-SD-ROLL,9.39
HV9698-1908,17.33
HV9698-1908-3M,45.66
HV9698-1908-EC,2.16
HV9698-1908-SD,10.24
HV9698-2626,27.18
HV9698-2626-3M,72.53
HV9698-2626-EC,3.85
HV9698-2626-SD,10.24
HV9698-6020,36.42
HV9698-6020-3M,100.48
HV9698-6020-EC,4.85
HV9698-6020-SD,5.70
HV9699-1616-2M,13.78
HV9699-1616-EC,2.16
HV9699-1616-MC,1.08
HV9699-1616-SD-2M,6.85
HV9699-1708-2M,13.78
HV9699-1708-EC,2.16
HV9699-1708-MC,1.08
HV9699-1708-SD-2M,6.85
HV9699-2308-2M,13.78
HV9699-2308-EC,2.16
HV9699-2308-MC,1.08
HV9699-2308-SD-2M,6.85
HV9699-2315-2M,13.78
HV9699-2315-EC,2.16
HV9699-2315-MC,1.08
HV9699-2315-SD-2M,6.85
HV9699-2707-2M,13.78
HV9699-2707-EC,2.16
HV9699-2707-MC,1.08
HV9699-2707-SD-2M,6.85
HV9705-1003,5.70
HV9705-1603,8.09
HV9705-1MROD,24.26
HV9705-2003,8.93
HV9705-2MROD,32.34
HV9705-5050-BLK,46.43
HV9705-5050-SCH,46.43
HV9705-5050-WHT,46.43
HV9705-5080-BLK,65.14
HV9705-5080-SCH,65.14
HV9705-5080-WHT,65.14
HV9705-6070-LJ,6.47
HV9705-7023-BLK,17.86
HV9705-7023-SCH,17.86
HV9705-7023-WHT,17.86
HV9705-9005-BLK-RND,22.33
HV9705-9005-BLK-SQ,22.33
HV9705-9005-SCH-RND,22.33
HV9705-9005-SCH-SQ,22.33
HV9705-9005-WHT-RND,22.33
HV9705-9005-WHT-SQ,22.33
HV9705-9025-BLK-RND,20.56
HV9705-9025-BLK-SQ,20.56
HV9705-9025-SCH-RND,20.56
HV9705-9025-SCH-SQ,20.56
HV9705-9025-WHT-RND,20.56
HV9705-9025-WHT-SQ,20.56
HV9705-9950,9.62
HV9705-9952,9.62
HV9705-9953,9.62
HV9705-9953-BLK,9.62
HV9705-9953-WHT,9.62
HV9705-9954,4.47
HV9705-9954-BLK,4.47
HV9705-9954-WHT,4.47
HV9705-9955,5.31
HV9705-9955-BLK,5.31
HV9705-9955-WHT,5.31
HV9705-9956,8.86
HV9705-9956-BLK,8.86
HV9705-9956-WHT,8.86
HV9705-9957,9.62
HV9705-ADJBR,6.16
HV9705-SM,3.23
HV9705-WB-SLV,8.09
HV9721,23.56
HV9722,47.74
HV9722-IP20-128-3K,20.25
HV9722-IP20-128-3K-30M,557.87
HV9722-IP20-128-4K,20.25
HV9722-IP20-128-4K-30M,557.87
HV9722-IP20-128-5K,20.25
HV9722-IP20-128-5K-30M,557.87
HV9722-IP20-64-3K,12.94
HV9722-IP20-64-3K-30M,339.57
HV9722-IP20-64-4K,12.94
HV9722-IP20-64-4K-30M,339.57
HV9722-IP20-64-5K,12.94
HV9722-IP20-64-5K-30M,339.57
HV9723,47.74
HV9723-IP20-240-3K-1,22.64
HV9723-IP20-240-3K-1-30M,630.63
HV9723-IP20-240-3K-2,22.64
HV9723-IP20-240-3K-2-30M,630.63
HV9723-IP20-240-4K-1,22.64
HV9723-IP20-240-4K-1-30M,630.63
HV9723-IP20-240-4K-2,22.64
HV9723-IP20-240-4K-2-30M,630.63
HV9723-IP20-240-5K-1,22.64
HV9723-IP20-240-5K-1-30M,630.63
HV9723-IP20-240-5K-2,22.64
HV9723-IP20-240-5K-2-30M,630.63
HV9723-IP20-96SM-3K,18.63
HV9723-IP20-96SM-3K-20M,339.57
HV9723-IP20-96SM-4K,18.63
HV9723-IP20-96SM-4K-20M,339.57
HV9723-IP20-96SM-5K,18.63
HV9723-IP20-96SM-5K-20M,339.57
HV9723-IP20-96SM-B,18.63
HV9723-IP20-96SM-B-20M,339.57
HV9723-IP20-96SM-G,18.63
HV9723-IP20-96SM-G-20M,339.57
HV9723-IP20-96SM-R,18.63
HV9723-IP20-96SM-R-20M,339.57
HV9723-IP54-240-3K-1,25.10
HV9723-IP54-240-3K-1-10M,234.47
HV9723-IP54-240-4K-1,25.10
HV9723-IP54-240-4K-1-10M,234.47
HV9723-IP54-240-5K-1,25.10
HV9723-IP54-240-5K-1-10M,234.47
HV9723-IP67-240-3K-1,27.49
HV9723-IP67-240-3K-1-10M,258.72
HV9723-IP67-240-4K-1,27.49
HV9723-IP67-240-4K-1-10M,258.72
HV9723-IP67-240-5K-1,27.49
HV9723-IP67-240-5K-1-10M,258.72
HV9731-IP20-180-3K,13.78
HV9731-IP20-180-3K-30M,363.83
HV9731-IP20-180-4K,13.78
HV9731-IP20-180-4K-30M,363.83
HV9731-IP20-180-5K,13.78
HV9731-IP20-180-5K-30M,363.83
HV9733-IP20-180-3K,18.63
HV9733-IP20-180-3K-30M,509.36
HV9733-IP20-180-4K,18.63
HV9733-IP20-180-4K-30M,509.36
HV9733-IP20-180-5K,18.63
HV9733-IP20-180-5K-30M,509.36
HV9734-IP20-240-3K,23.49
HV9734-IP20-240-3K-30M,654.89
HV9734-IP20-240-4K,23.49
HV9734-IP20-240-4K-30M,654.89
HV9734-IP20-240-5K,23.49
HV9734-IP20-240-5K-30M,654.89
HV9735-IP20-240-3K,28.34
HV9735-IP20-240-3K-30M,800.42
HV9735-IP20-240-4K,28.34
HV9735-IP20-240-4K-30M,800.42
HV9735-IP20-240-5K,28.34
HV9735-IP20-240-5K-30M,800.42
HV9753-IP20-60-RGB,28.34
HV9753-IP20-60-RGB-30M,776.16
HV9753-IP20-60-RGBW,32.34
HV9753-IP20-60-RGBW-30M,921.69
HV9753-IP54-60-RGB,32.34
HV9753-IP54-60-RGB-15M,460.85
HV9753-IP54-60-RGBW,36.42
HV9753-IP54-60-RGBW-15M,521.52
HV9753-IP67-60-RGB,36.42
HV9753-IP67-60-RGB-15M,521.52
HV9753-IP67-60-RGBW,40.43
HV9753-IP67-60-RGBW-15M,582.12
HV9760-IP20-320-3K,7.32
HV9760-IP20-320-3K-30M,194.04
HV9760-IP20-320-3K-50M,282.98
HV9760-IP20-320-4K,7.32
HV9760-IP20-320-4K-30M,194.04
HV9760-IP20-320-4K-50M,282.98
HV9760-IP20-320-5K,7.32
HV9760-IP20-320-5K-30M,194.04
HV9760-IP20-320-5K-50M,282.98
HV9760-IP54-320-3K,10.55
HV9760-IP54-320-3K-10M,93.02
HV9760-IP54-320-4K,10.55
HV9760-IP54-320-4K-10M,93.02
HV9760-IP54-320-5K,10.55
HV9760-IP54-320-5K-10M,93.02
HV9760-IP67-320-3K,12.17
HV9760-IP67-320-3K-10M,109.19
HV9760-IP67-320-4K,12.17
HV9760-IP67-320-4K-10M,109.19
HV9760-IP67-320-5K,12.17
HV9760-IP67-320-5K-10M,109.19
HV9761-IP20-1152-3K,16.17
HV9761-IP20-1152-3K-30M,436.59
HV9761-IP20-1152-4K,16.17
HV9761-IP20-1152-4K-30M,436.59
HV9761-IP20-1280-3K,21.02
HV9761-IP20-1280-3K-30M,582.12
HV9761-IP20-1280-4K,21.02
HV9761-IP20-1280-4K-30M,582.12
HV9761-IP20-1920-3K,29.11
HV9761-IP20-1920-3K-30M,824.67
HV9761-IP20-1920-4K,29.11
HV9761-IP20-1920-4K-30M,824.67
HV9761-IP20-3072-3K,38.04
HV9761-IP20-3072-3K-30M,1091.48
HV9761-IP20-3072-4K,38.04
HV9761-IP20-3072-4K-30M,1091.48
HV9761-IP20-320-3K,11.32
HV9761-IP20-320-3K-30M,291.06
HV9761-IP20-320-3K-50M,444.68
HV9761-IP20-320-4K,11.32
HV9761-IP20-320-4K-30M,291.06
HV9761-IP20-320-4K-50M,444.68
HV9761-IP20-320-5K,11.32
HV9761-IP20-320-5K-30M,291.06
HV9761-IP20-320-5K-50M,444.68
HV9761-IP20-320-B,11.32
HV9761-IP20-320-B-30M,291.06
HV9761-IP20-320-G,11.32
HV9761-IP20-320-G-30M,291.06
HV9761-IP20-320-R,11.32
HV9761-IP20-320-R-30M,291.06
HV9761-IP20-480-RGB,14.55
HV9761-IP20-480-RGB-30M,388.08
HV9761-IP20-528-3K,17.02
HV9761-IP20-528-3K-30M,460.85
HV9761-IP20-528-4K,17.02
HV9761-IP20-528-4K-30M,460.85
HV9761-IP20-528-5K,17.02
HV9761-IP20-528-5K-30M,460.85
HV9761-IP20-608-CT,16.17
HV9761-IP20-608-CT-30M,436.59
HV9761-IP20-840-RGB,20.25
HV9761-IP20-840-RGB-30M,606.38
HV9761-IP20-840-RGBCW,33.96
HV9761-IP20-840-RGBCW-30M,970.20
HV9761-IP20-896-RGBC,29.95
HV9761-IP20-896-RGBC-30M,848.93
HV9761-IP20-896-RGBW,29.95
HV9761-IP20-896-RGBW-30M,848.93
HV9761-IP54-320-3K,13.78
HV9761-IP54-320-3K-10M,121.28
HV9761-IP54-320-4K,13.78
HV9761-IP54-320-4K-10M,121.28
HV9761-IP54-320-5K,13.78
HV9761-IP54-320-5K-10M,121.28
HV9761-IP54-320-B,13.78
HV9761-IP54-320-B-10M,121.28
HV9761-IP54-320-V,13.78
HV9761-IP54-320-V-10M,121.28
HV9761-IP54-320-Y,13.78
HV9761-IP54-320-Y-10M,121.28
HV9761-IP54-480-RGB,18.63
HV9761-IP54-480-RGB-10M,169.78
HV9761-IP54-608-CT,19.40
HV9761-IP54-608-CT-10M,177.87
HV9761-IP54-840-RGBCW,37.19
HV9761-IP54-840-RGBCW-10M,355.74
HV9761-IP54-896-RGBC,33.19
HV9761-IP54-896-RGBC-10M,315.31
HV9761-IP54-896-RGBW,33.19
HV9761-IP54-896-RGBW-10M,315.31
HV9761-IP67-320-3K,16.17
HV9761-IP67-320-3K-10M,145.53
HV9761-IP67-320-4K,16.17
HV9761-IP67-320-4K-10M,145.53
HV9761-IP67-320-5K,16.17
HV9761-IP67-320-5K-10M,145.53
HV9761-IP67-320-B,16.17
HV9761-IP67-320-B-10M,145.53
HV9761-IP67-480-RGB,21.02
HV9761-IP67-480-RGB-10M,194.04
HV9761-IP67-608-CT,21.02
HV9761-IP67-608-CT-10M,194.04
HV9761-IP67-840-RGBCW,38.81
HV9761-IP67-840-RGBCW-10M,371.91
HV9761-IP67-896-RGBC,34.80
HV9761-IP67-896-RGBC-10M,331.49
HV9761-IP67-896-RGBW,34.80
HV9761-IP67-896-RGBW-10M,331.49
HV9762-IP20-320-3K,16.17
HV9762-IP20-320-3K-30M,436.59
HV9762-IP20-320-4K,16.17
HV9762-IP20-320-4K-30M,436.59
HV9762-IP20-320-5K,16.17
HV9762-IP20-320-5K-30M,436.59
HV9762-IP20-480-3K,20.25
HV9762-IP20-480-3K-30M,557.87
HV9762-IP20-480-4K,20.25
HV9762-IP20-480-4K-30M,557.87
HV9762-IP20-480-5K,20.25
HV9762-IP20-480-5K-30M,557.87
HV9762-IP54-320-3K,19.40
HV9762-IP54-320-3K-10M,177.87
HV9762-IP54-320-4K,19.40
HV9762-IP54-320-4K-10M,177.87
HV9762-IP54-320-5K,19.40
HV9762-IP54-320-5K-10M,177.87
HV9762-IP54-480-3K,23.49
HV9762-IP54-480-3K-10M,218.30
HV9762-IP54-480-4K,23.49
HV9762-IP54-480-4K-10M,218.30
HV9762-IP54-480-5K,23.49
HV9762-IP54-480-5K-10M,218.30
HV9762-IP67-320-3K,21.02
HV9762-IP67-320-3K-10M,194.04
HV9762-IP67-320-4K,21.02
HV9762-IP67-320-4K-10M,194.04
HV9762-IP67-320-5K,21.02
HV9762-IP67-320-5K-10M,194.04
HV9762-IP67-480-3K,25.10
HV9762-IP67-480-3K-10M,234.47
HV9762-IP67-480-4K,25.10
HV9762-IP67-480-4K-10M,234.47
HV9762-IP67-480-5K,25.10
HV9762-IP67-480-5K-10M,234.47
HV9762-IP68-300-3K,28.34
HV9762-IP68-300-4K,28.34
HV9762-IP68-300-5K,28.34
HV9768-IP67-280-3K,25.87
HV9768-IP67-280-3K-20M,485.10
HV9768-IP67-280-4K,25.87
HV9768-IP67-280-4K-20M,485.10
HV9768-IP67-280-5K,25.87
HV9768-IP67-280-5K-20M,485.10
HV9769-IP67-280-3K,29.95
HV9769-IP67-280-3K-20M,565.95
HV9769-IP67-280-4K,29.95
HV9769-IP67-280-4K-20M,565.95
HV9769-IP67-280-5K,29.95
HV9769-IP67-280-5K-20M,565.95
HV9782-IP20-80-3K,23.49
HV9782-IP20-80-3K-30M,654.89
HV9782-IP20-80-4K,23.49
HV9782-IP20-80-4K-30M,654.89
HV9782-IP20-80-5K,23.49
HV9782-IP20-80-5K-30M,654.89
HV9783-IP20-120-3K,28.34
HV9783-IP20-120-3K-30M,800.42
HV9783-IP20-120-4K,28.34
HV9783-IP20-120-4K-30M,800.42
HV9783-IP20-120-5K,28.34
HV9783-IP20-120-5K-30M,800.42
HV9783-IP20-160-3K,7.32
HV9783-IP20-160-3K-30M,194.04
HV9783-IP20-160-4K,7.32
HV9783-IP20-160-4K-30M,194.04
HV9783-IP20-160-5K,7.32
HV9783-IP20-160-5K-30M,194.04
HV9783-IP20-168-3K,32.34
HV9783-IP20-168-3K-20M,614.46
HV9783-IP20-168-4K,32.34
HV9783-IP20-168-4K-20M,614.46
HV9783-IP20-168-5K,32.34
HV9783-IP20-168-5K-20M,614.46
HV9783-IP20-252-3K,42.04
HV9783-IP20-252-3K-5M,202.13
HV9783-IP20-252-4K,42.04
HV9783-IP20-252-4K-5M,202.13
HV9783-IP20-252-5K,42.04
HV9783-IP20-252-5K-5M,202.13
HV9791-ALU,8.93
HV9791-IP67-140-3K,30.72
HV9791-IP67-140-3K-20M,582.12
HV9791-IP67-140-4K,30.72
HV9791-IP67-140-4K-20M,582.12
HV9791-IP67-140-5K,30.72
HV9791-IP67-140-5K-20M,582.12
HV9791-MC,1.62
HV9791-PVC-CHANNEL,4.85
HV9791-PVC-CHANNEL-2M,8.93
HV9792-ALU,8.93
HV9792-IP67-140-3K,33.96
HV9792-IP67-140-3K-20M,646.80
HV9792-IP67-140-4K,33.96
HV9792-IP67-140-4K-20M,646.80
HV9792-IP67-140-5K,33.96
HV9792-IP67-140-5K-20M,646.80
HV9792-IP67-336-RGB,44.51
HV9792-IP67-336-RGB-20M,857.01
HV9792-MC,1.62
HV9792-PVC-CHANNEL,5.70
HV9792-PVC-CHANNEL-2M,10.55
HV9794-IP65-10-3K,13.78
HV9794-IP65-10-4K,13.78
HV9794-IP65-10-5K,13.78
HV9794-IP65-10-RGB,18.63
HV9794-IP65-20-3K,26.72
HV9794-IP65-20-4K,26.72
HV9794-IP65-20-5K,26.72
HV9794-IP65-20-RGB,36.42
HV9795-1-ALU,9.70
HV9795-ALU,9.70
HV9795-ALU-BEND,24.26
HV9795-IP67-200-3K,44.51
HV9795-IP67-200-3K-20M,857.01
HV9795-IP67-200-4K,44.51
HV9795-IP67-200-4K-20M,857.01
HV9795-IP67-200-5K,44.51
HV9795-IP67-200-5K-20M,857.01
HV9795-IP67-200-RGBW,50.13
HV9795-IP67-200-RGBW-20M,970.20
HV9795-IP67-200-SPIRGB,52.59
HV9795-IP67-200-SPIRGB-20M,1018.71
HV9795-LSEC,6.47
HV9795-MC,2.46
HV9795-REC,6.47
HV9795-RSEC,6.47
HV9795-SPI-F-CONNECTOR,9.70
HV9795-SPI-M-CONNECTOR,9.70
HV9795-SPI-T-CONNECTOR,9.70
HV9796-1-ALU,9.70
HV9796-ALU,9.70
HV9796-ALU-BEND,24.26
HV9796-IP67-200-3K,44.51
HV9796-IP67-200-3K-20M,857.01
HV9796-IP67-200-4K,44.51
HV9796-IP67-200-4K-20M,857.01
HV9796-IP67-200-5K,44.51
HV9796-IP67-200-5K-20M,857.01
HV9796-IP67-200-RGBW,50.13
HV9796-IP67-200-RGBW-20M,970.20
HV9796-LSEC,6.47
HV9796-MC,2.46
HV9796-REC,6.47
HV9796-RSEC,6.47
HV9797-1018-MC,3.23
HV9797-1018-PC,11.32
HV9797-IP68-1018-2K,52.59
HV9797-IP68-1018-3K,52.59
HV9797-IP68-1018-4K,52.59
HV9797-IP68-1018-6K,52.59
HV9797-IP68-1018-RGB,56.60
HV9797-IP68-1018-RGBN,60.68
HV9797-IP68-1018-RGBW,60.68
HV9798-2013-MC,3.23
HV9798-2013-PC,11.32
HV9798-IP68-2013-2K,52.59
HV9798-IP68-2013-3K,52.59
HV9798-IP68-2013-4K,52.59
HV9798-IP68-2013-6K,52.59
HV9798-IP68-2013-RGB,56.60
HV9798-IP68-2013-RGBN,60.68
HV9798-IP68-2013-RGBW,60.68
HV9905,6.47
HV9911,44.12
HV9912,57.90
HV9913,36.34
HV9918-2,3.05
HV9918-3,6.97
HV9918-4,8.32
HV9947,2.31
HV9947-10PK,20.41
HV9948-10PK,20.41
HV9952,1.23
HV9952-10PK,10.70
HV9952-5PK,5.70
HV9952-L,1.46
HV9952-L-10PK,13.17
HV9952-L-5PK,6.93
HV9952-T,1.62
HV9952-T-10PK,14.55
HV9952-T-5PK,7.70
HV9953,1.23
HV9953-10PK,10.70
HV9953-5PK,5.70
HV9954,1.23
HV9954-10PK,10.70
HV9954-5PK,5.70
HV9954-L,1.46
HV9954-L-10PK,13.17
HV9954-L-5PK,6.93
HV9954-T,1.62
HV9954-T-10PK,14.55
HV9954-T-5PK,7.70
HV9955,1.23
HV9955-10PK,10.70
HV9955-5PK,5.70
HV9956,1.23
HV9956-10PK,10.70
HV9956-5PK,5.70
HV9959,1.23
HV9959-10PK,10.70
HV9959-5PK,5.70
HV9960,1.23
HV9960-10PK,10.70
HV9960-5PK,5.70
HV9961,1.23
HV9961-10PK,10.70
HV9961-5PK,5.70
HV9962,1.23
HV9962-10PK,10.70
HV9962-5PK,5.70
HV9963,1.23
HV9963-10PK,10.70
HV9963-5PK,5.70
HV9971,59.68
HV9980,4.62
HV9981,4.62
HV9982,5.54
HV9983,6.47
HV9984,4.62
HV9985,6.47
HV9985-BLK,6.47
HV9985-WHT,6.47
HV9986,4.62
HV9988,10.24
HV9988-BLK,10.24
HV9988-WHT,10.24
HV9989,9.24
HV9990,7.55
HV9991,6.47
HV9992,8.09
HV9993,12.17
HV9994,9.70
HV9995-2.5,202.13
HV9995-4.0,282.98
HYVIK FL2-BK,82.47
HYVIK FL2-BRS,89.34
HYVIK FL2-NK,89.34
HYVIK FL2-WH,82.47
Hathor2,130.93
Hathor3,167.33
Hv9507,10.55
I DO 3L (H450),812.96
I DO 5L (870),1561.78
I DO 6L (1290),1782.22
I DO 6L (450),1561.78
I DO 7L (H1430),3919.30
I DO 8L  (H590),3364.35
I DO A1 (H310),425.26
I600,177.87
I601,177.87
IB610,42.35
IB611,42.35
IB612,42.35
IB613,42.35
IB615,49.13
IB616,49.13
IB617,49.13
IB618,49.13
IB620,58.44
IB621,58.44
IB622,58.44
IB623,58.44
IBI-40CT-31W-GD,129.36
IBI-49CT-48W-GD,174.02
IBIZA-1P Bronze,420.53
ICARIA TL-GDWH,56.57
ICARIA TL-SLWH,56.57
ICONICSLOPE45DKIT-Black,92.40
ICONICSLOPE45DKIT-Brushed Chrome,92.40
ICONICSLOPE45DKIT-White,92.40
IDA1,62.82
IDA2,62.82
IGGLSQSS,50.22
IGGLSS,50.22
IGM1SS,97.52
IGM2SS,97.52
IGM3SS,97.52
IGM4SS,97.52
IGMEYESS,94.22
IGMGRSS,94.22
IGMLBR,86.02
IGMLC,86.02
IGMLSQBR,86.02
IGMLSQC,86.02
IGMLSQSS,51.58
IGMLSS,51.58
IGMSMC,114.72
IGMSMSS,97.52
IL605,55.90
IL606,55.90
ILIAD-40 White,141.90
ILIAD-50 White,174.90
ILIAD-60 White,240.90
ILIAD-80 White,522.50
ILLUME EX1-BK,29.83
ILLUME EX1-WH,29.83
ILLUME EX1S-BK,50.40
ILLUME EX1S-SL,50.40
ILLUME EX1S-WH,50.40
ILLUME EX2-BK,49.37
ILLUME EX2-SL,49.37
ILLUME EX2-WH,49.37
ILLUME EX2S-BK,69.94
ILLUME EX2S-SL,69.94
ILLUME EX2S-WH,69.94
ILLY-A1 Brass,52.80
IMPERO WB-BE,70.12
IMPERO-1000 Black,4719.00
IMPERO-1000 Gold,4719.00
IMPERO-40 BLACK,677.49
IMPERO-40 Bronze,677.49
IMPERO-40 Chrome,677.49
IMPERO-40 Gold,677.49
IMPERO-50 BLACK,930.55
IMPERO-50 Bronze,930.55
IMPERO-50 Chrome,930.55
IMPERO-50 Gold,930.55
IMPERO-60 BLACK,1398.10
IMPERO-60 Bronze,1398.10
IMPERO-60 Chrome,1398.10
IMPERO-60 Gold,1398.10
IMPERO-70 BLACK,1920.71
IMPERO-70 Bronze,1920.71
IMPERO-70 Chrome,1920.71
IMPERO-A2 BLACK,133.82
IMPERO-A2 BRONZE,133.82
IMPERO-A2 CHROME,133.82
IMPERO-A2 GOLD,133.82
INCANTO-Clear/Red,135.91
INCANTO-White,128.98
INDIO PE4-BK,220.10
INEZ FL-BKAG,369.23
INGAR EXRE-AG-BK,15.33
INGAR EXRE-OP-BK,15.33
INGRID FL-GDBK,105.05
INGRID FL-GDWH,105.05
INGRID TL-GDBK,65.03
INGRID TL-GDWH,65.03
INKA1PBLK,52.80
INKA1PGLD,55.00
INKA1WBLK,50.60
INKA1WGLD,57.20
INKA2WBLK,96.80
INKA2WGLD,107.80
INL100,48.47
INL150,72.88
INS-150LN-40W-TE,706.86
INS-1PN-E27-TE,185.57
INS-22WL-2GU10-TE,139.37
INSTA-196 Black/Glass,135.30
INSTA-196 Black/White,135.30
INSTA-196 Black/Wood,135.30
INSTA196 Clear Glass,135.30
INSTA196 White Metal,135.30
INSTA270 Clear Glass,152.35
INSTA270 White Metal,152.35
INVAR CTC7-NKCL,390.83
INVAR PE1-NKCL,105.66
INVAR PE7-NKCL,442.26
INVAR PE7B-NKCL,512.38
INWOOD TL-PN,52.03
IPAD-10W BLACK FLOODLIGHT,16.23
IPAD-10W WHITE FLOODLIGHT,16.23
IPAD-20W BLACK FLOODLIGHT,23.65
IPAD-20W WHITE FLOODLIGHT,23.65
IPAD-30W BLACK FLOODLIGHT,34.10
IPAD-30W WHITE FLOODLIGHT,34.10
IPAD-50W WHITE FLOODLIGHT,47.47
IRIS TL-BLWH,219.73
ISEO Silver/Black,99.94
ISODCWALLCONTROL,33.00
ITA-B/FIX,96.03
IVALO PE45-BK,107.99
IVALO PE45-NAT,107.99
IVALO PE60-BK,164.93
IVALO PE60-NAT,164.93
JACARANDA-Green,341.00
JACK-9W LED Oyster,168.85
JACONA TL-PN,57.92
JADA-40W-Round,248.60
JAG-B/FIX,66.28
JAMBES-F1,136.54
JAMBES-F2,136.54
JAMBES-T1,73.93
JAMBES-T2,73.93
JAMES CTC55-AB,381.90
JAMIE TL-BLWH,186.07
JASINA-14L Round D600 X H500,1375.00
JASINA-17L  D400XH350,2079.00
JASINA-20L Round D800 X H580,1925.00
JASINA-33L Long D800 X H1350,3245.00
JASINA-A4 W/B W300 X H450 X D170,317.90
JAXON FL-BKBL,40.67
JAXON FL-WHGN,67.79
JAXON FL-WHWT,40.67
JAXON TL-BL,19.54
JAXON TL-GDIV,19.54
JAXON TL-GN,19.54
JAXON TL-PK,19.54
JAXON TL-WH,19.54
JAY-9DL-10W-WH,5.39
JC24V150W,7.33
JC24V250WGY6.35,7.33
JD32V150W,13.20
JEAN1PBLK,118.80
JEAN1PGLD,127.60
JELLY-1P D150 Ball Pdt E14,429.00
JEREMY FL-BK,83.78
JEREMY FL-GY,83.78
JEREMY TL-BK,64.98
JEREMY TL-GY,64.98
JEREZ1,82.23
JEREZ1X3R,235.05
JEREZ1X3S,235.05
JEREZ2,82.23
JEREZ2X3R,235.05
JEREZ2X3S,235.05
JESOLO-1P,75.02
JET-18W Silver 3000K/6000K,85.97
JET-18W White 3000K/ 6000k,85.97
JET-35W WHITE Round Tri Switch,66.55
JET-3W Silver  3000K / 6000K,40.65
JET-3W Silver 3000K / 6000K,40.65
JET-3W White 4000K,40.65
JET-3W White TRI SWITCH,40.65
JET-4W  Silver 3000K / 6000K,43.78
JET-4W White 3000K / 6000k,43.78
JIBARA FL-BEBRS,158.95
JIBARA FL-BKBRS,158.95
JIBARA TL-BEBRS,66.39
JIBARA TL-BKBRS,66.39
JONSEL PE20-BK,40.02
JONSEL PE20-WH,40.02
JONSEL PE30-BK,57.04
JONSEL PE30-WH,57.04
JONSEL PE50-BK,112.06
JONSEL PE50-WH,112.06
JORA EX3-BK324,42.22
JORA EX3-GN324,42.22
JORA EX3-RST324,42.22
JORD1P,75.90
JORD4P,533.50
JORDAN-1-Adjust 35W GU10,40.20
JORDAN-1-Adjust LED inc,55.11
JORDAN-1-Down 35W GU10,35.70
JORDAN-1-Down LED inc,50.60
JORDAN-2-Up/Down 35W GU10,44.50
JORDAN-2-Up/Down LED inc,74.25
JORDAN-2T-304 35W GU10,84.76
JORDAN-2T-304 5W GU10 LED,114.51
JORDAN-2T-316 35W GU10,114.51
JORDAN-2T-316 5W GU10 LED,144.32
JORDAN-3T-304 35W GU10,126.39
JORDAN-3T-304 5W GU10  LED,171.05
JORDAN-3T-316 35W GU10,154.72
JORDAN-3T-316 5W GU10 LED,199.38
JORDAN-4T 304 S/ST HALOGEN inc,148.72
JORDAN-4T 304S/ST LED inc,208.28
JORDAN-4T 316 S/ST HALOGEN inc,193.38
JORDAN-4T 316S/ST LED inc,252.95
JORN1WLEDBLK,98.45
JOSHUA WB-BK,40.20
JOSHUA WB-GD,40.20
JOSHUA WB40-BK,101.92
JOSHUA WB40-GD,101.92
JOVARO EX24-BK,69.19
JOVARO EX38-BK,86.02
JS1011-75-Beige,359.37
JS1011-75-Black,359.37
JS1011-90-Beige,650.05
JS1011-90-Black,650.05
JSSJL156,51.16
JSSJL30,74.98
JT13-512PE,22.19
JT23-6MM,2.40
JT33-495F,31.42
JT33-4MM,6.60
JT35-517F,17.74
JULI1PLBLK,100.65
JULI1PLWHT,100.65
JULI1PSBLK,79.75
JULI1PSWHT,79.75
JUN-42EX-16W-BK,106.26
JUN-62EX-18W-BK,130.90
JUN-92EX-22W-BK,185.57
JUNE TL-CHSMBK,55.17
JURA CTC2-CH3C,891.99
JURA CTC2-GD3C,891.99
JURA CTC3-CH3C,1215.50
JURA CTC3-GD3C,1215.50
JURA CTC40-CH3C,325.38
JURA CTC40-GD3C,325.38
JURA CTC50-CH3C,385.22
JURA CTC50-GD3C,385.22
JURA PE1T-CH3C,362.78
JURA PE1T-GD3C,362.78
JURA PE2T-CH3C,668.53
JURA PE2T-GD3C,668.53
JURA PE3T-CH3C,1185.58
JURA PE3T-GD3C,1185.58
JURA PE6T-CH3C,2938.71
JURA PE6T-GD3C,2938.71
JUSTINA TL-BKOM,140.25
K-031-20-6L-CH,280.50
K-2013-18-3L-BK-CH,233.75
K-2013-18-3L-GD,233.75
K-4718-13-14-CH,130.90
K-4718-19-14-CH,280.50
K-4718-22-14-GD,299.20
K-4718-26-14-CH,327.25
K-4718-26-14-GD,327.25
K-4718-36-14-CH,607.75
K-4718-36-14-GD,701.25
K-9920-37-10-5L-911,1122.00
K500-WH,11.87
KADE TL-BKOP,73.87
KAGE-A1 W/B,89.16
KAKA-LED-Black,62.43
KAKA-LED-Silver,62.43
KAM01,48.70
KANARY-Black,56.87
KANARY-White,56.87
KANSI1,56.89
KANSI2,56.89
KANSI3,68.22
KANSI4,68.22
KAPPA-1L 5W LED inc. Down,23.82
KAPPA-2L 5W LED inc. Down,34.27
KARCHOF-Small,811.36
KARDIFF-3L Black/White Shades,564.30
KARDIFF-5L Black/ White Shades,915.53
KARDIFF-8L Black/White Shades,1292.23
KARDIFF-A1 Black Shade,147.40
KARDIFF-A2 Black Shades,269.34
KARINA-30 PDT/CTC Black,430.32
KARINA-30 PDT/CTC Chrome 4L,430.32
KARINA-30 Pdt/CTC GOLD,494.89
KARINA-40 PDT/ CTC Chrome 5L,534.55
KARINA-40 PDT/CTC  Black,534.55
KARINA-40 PDT/CTC GOLD,615.56
KARINA-50 PDT/CTC Black,728.09
KARINA-50 PDT/CTC Chrome 10L,728.09
KARINA-50 PDT/CTC GOLD,838.04
KARINA-65 PDT /CTC Chrome,1185.20
KARINA-65 PDT/CTC  Black,1185.20
KARINA-65 PDT/CTC GOLD,1362.96
KARINA-A2 BLACK,104.06
KARINA-A2 Chrome,104.06
KARINA-A2 GOLD,119.68
KARIOKA-10L Pdt,534.55
KAROS TL-WDAG,70.12
KARTO-2 BLK,70.35
KARTO-2 P/ALUM,92.23
KASARH-PDT,351.73
KASS1EAGB,108.90
KASS1EBLK,104.50
KATHAL1,88.77
KATHAL2,88.77
KATHAL3,88.77
KATHAL4,88.77
KATHAL5,88.77
KATIA-18 Clear,104.17
KATIA-18 Gold,104.17
KATIA-25 Clear,126.61
KATIA-25 Gold,126.61
KATRIN FL-BKNAT,88.08
KATRIN PE-BKNAT,58.06
KATRIN TL-BKNAT,54.04
KDU15-BL,17.15
KEILA1,51.19
KEILA2,51.19
KELLO-F1,113.81
KELLO-F2,113.81
KELLO-T1,79.64
KELLO-T2,79.64
KELO RE22-BK,12.86
KEMI FL-BKSM,231.88
KEMI FL-GDOP,231.88
KENDALL PE3-CH,229.08
KENDALL PE4-BK,369.33
KENDALL PE4-CH,391.76
KENRA EX.P-BK,50.40
KENSINGTON-A1 WB,162.31
KENSINGTON-PDT,154.83
KENSINGTON-PM,154.83
KENT-T/L Black Shade,137.00
KENT-T/L White Shade,137.00
KEON 20-BK83,66.85
KEON 20-WH85,66.85
KES-1800EXT-BK,35.42
KES-1800EXT-WH,35.42
KES-448-BK,137.06
KES-448-BK-E27,101.64
KES-448-BK-LED,156.31
KES-448-WH,137.06
KES-448-WH-E27,101.64
KES-448-WH-LED,156.31
KES-452-BK,144.76
KES-452-BK-E27,108.57
KES-452-BK-LED,164.01
KES-452-WH,144.76
KES-452-WH-E27,108.57
KES-452-WH-LED,164.01
KES-900EXT-BK,15.40
KES-900EXT-WH,15.40
KESSLER-CTC White,373.62
KESTRA PE30-BK,72.00
KESTRA PE40-BK,97.24
KESTRA PE40-WH,97.24
KHALEESI1,248.18
KHALEESI2,504.22
KHALEESI3,921.57
KIM-20 PM Black,97.90
KIM-20 WB Black,108.90
KIM-200-PM-Black,97.90
KIM-200-PT-Black,90.20
KIM-PT-2 Black,273.90
KIM-PT-25 Black,108.90
KIM-PT-25-White,108.90
KIM-PT-3 Black,383.90
KIMBLE WB-WH,38.05
KINDLE FL2-BK,146.79
KINDLE PE4-BK,266.48
KINDLE TL-BK,84.15
KINSO WB35-AGOM,55.17
KINSO WB35-ASOM,55.17
KINSO WB35-CPOM,55.17
KINSO WB50-AGOM,101.92
KINSO WB50-ASOM,101.92
KINSO WB50-CPOM,101.92
KINTO-1P,142.99
KIOTTO-30 Chrome,670.67
KIOTTO-50 Chrome,1311.64
KIRST1WCH,53.90
KIRST1WWHT,53.90
KL10-BL,26.50
KLEE TL-CHBK,42.54
KLEM-Black Surface Mount D/L,64.74
KLESH-10L Gold,393.09
KLESH-21L Black,1294.70
KLESH-5 Cluster Black,193.38
KLESH-5 Cluster Gold,177.21
KLESH-5L Black,252.95
KLESH-5L Gold,236.78
KMAN EX1-BK,29.83
KMAN EX1-SL,29.83
KMAN EX1-WH,29.83
KMAN EX2-BK,32.91
KMAN EX2-SL,32.91
KMAN EX2-WH,32.91
KN20-BL,23.02
KOBE16WLED3000K,38.39
KOBE27WLED3000K,43.89
KOLEC1,63.59
KOLISA PE1-BE,51.05
KOLISA PE1-GY,51.05
KOLISA PE1-WH,51.05
KOLISA PE4B-BE,185.55
KOLISA PE4B-WH,185.55
KOLISA PE5-BE,208.13
KOLISA PE5-WH,208.13
KOLISA PE7B-BE,323.98
KOLISA PE7B-WH,323.98
KOLISA TL-BE,51.05
KOLISA TL-GY,51.05
KOLISA TL-WH,51.05
KOLOMBA-T/L (Gold Cage),151.86
KOLONNE1,50.71
KOLONNE2,50.71
KOLONNE3,50.71
KOLORADO-Large,148.72
KOLORADO-Small,85.97
KOLORADO-T/LAMP Black,167.26
KOLORADO-T/LAMP Chrome,179.80
KOMBI-Large -White,121.11
KOMBI-Large Black,121.11
KOMBI-Large-Chrome,217.69
KOMBI-Large-Silver,217.69
KOMBI-Oval-Black,109.56
KOMBI-Oval-Silver,136.18
KOMBI-Oval-White,109.56
KOMBI-Small-Round-Black,96.47
KOMBI-Small-Round-Chrome,130.57
KOMBI-Small-Round-Silver,130.57
KOMBI-Small-Round-White,96.47
KOPER2,87.09
KOPER3,87.09
KOROVA FL-BRSOP,139.32
KOROVA FL-BRSSM,139.32
KOROVA PEL-BRSOP,147.73
KOROVA PEL-BRSSM,147.73
KOROVA PEM-BRSOP,92.57
KOROVA PEM-BRSSM,92.57
KOROVA PES-BRSOP,68.25
KOROVA TL-BRSOP,88.83
KOROVA TL-BRSSM,88.83
KORVAT-A2 Black,128.32
KORVAT-A2 Gold,135.36
KOWE-Black,56.87
KOWE-White,56.87
KP150-BL,32.49
KP300-BL,32.37
KPDS300-BL,32.37
KR50-SI,90.17
KRACCO-4L,102.74
KREOLA-1P Black/Gold,140.09
KRESTA-Black,56.43
KRESTA-Silver,56.43
KRILUX SP12-BK3,29.83
KRILUX SP7-BK3,20.57
KRISS1PLBLK,74.80
KRISS1PLWHT,74.80
KRISS1PSBLK,60.50
KRISS1PSWHT,60.50
KRISTAL-T/L,175.40
KRON-1 BLACK,74.47
KS150-WH,28.90
KS200-BL,30.22
KS200-SI,30.22
KSGL-11 LED W/B Black,47.47
KSGL-11 LED W/B Silver,47.47
KSGL-13 LED W/B Black,89.16
KSGL-13 LED W/B Silver,89.16
KSL210-BL,47.72
KSL5-BL,23.74
KSR10-SI,42.45
KSR10-WH,42.45
KUBA-TL-Black,66.66
KUBA-TL-White,66.66
KUDO PE15-BK,46.14
KUDO PE15-WH,46.14
KUK1,75.25
KUK2,75.25
KUPLA PE1-BKCHM,80.41
KUPLA PE1-BKCL,80.41
KUPLA PE1-BKSM,80.41
KUPLA PE15-BK,794.75
KUPOL1,159.98
KUPOL2,159.98
KUPOL3,159.98
KURT1PBLK,71.50
KURT1PGLD,75.90
KURT1PWHT,71.50
KWAN-70-Black,711.98
KWAN-90-Black,975.10
KYLAN FL-AG,121.74
KYLAN FL-BK,103.08
KYLAN TL15-AG,77.56
KYLAN TL15-BK,66.76
KYLAN TL20-AG,92.28
KYLAN TL20-BK,80.50
L1261NKL,15.71
L1581WHT,2.62
L200,10.08
L400E,8.75
L564,2.40
L566,10.08
LABU1,210.58
LABU2,210.58
LACOTA CTC4-BK,124.54
LACOTA PE4-BK,167.74
LACOTA PE6-BK,221.03
LAGO-Aluminium/Black or White,67.21
LAGUNA-6-CTC-White,1716.55
LAGUNA-6L Chrome Up,1633.67
LAGUNA-6L White Up,1655.50
LAINE FL-AGIV,186.07
LAMAR TL-CM,48.81
LAMINA1,111.64
LAMINA3,111.64
LAMINA4,163.00
LANC16WLED3000KBLK,30.25
LANC16WLED3000KCHR,30.25
LANC27WLED3000KBLK,41.25
LANC27WLED3000KCHR,41.25
LANC27WLED5000KCHR,41.25
LANCIA-30,118.91
LANCIA-50,208.28
LANDIS CTC50-CH,326.92
LANDIS CTC50-GD,326.92
LANDIS CTC60-CH,397.61
LANDIS CTC60-GD,397.61
LANDY PE30-BKSM,89.06
LANDY PE30-NKSM,89.06
LANG CS-ABBK,18.05
LANG CS-BKBK,18.05
LANG CS-NKBK,18.05
LANG CS-WH,18.05
LANTERNA1,77.50
LANTERNA2,77.50
LANTRO-Black,51.98
LANTRO-Silver,51.98
LAR-1PN-12-E14-AM,66.22
LAR-1PN-12-E14-OP,66.22
LAR-1PN-12-E14-SM,66.22
LAR-1PN-15-E14-AM,74.69
LAR-1PN-15-E14-OP,76.23
LAR-1PN-15-E14-SM,74.69
LARA BF25-CH,50.40
LARK FL-AG,156.10
LARK TL-AGOP,90.32
LARRY-6 Chrome,192.06
LARRY-6 Gold,192.06
LARSON FL-BK,86.02
LARSON FL-BRS,108.46
LARSON FL-WH,86.02
LARSON TL-BK,73.87
LARSON TL-BRS,89.76
LARSON TL-WH,73.87
LARTEN-1P,131.99
LARZ12WLEDBLK,142.45
LARZ12WLEDWHT,142.45
LARZ6WLEDBLK,87.45
LARZ6WLEDWHT,87.45
LASALLE-6L Chrome,588.17
LASIAN FL-WDAG,156.15
LASIAN PE30-AGWH,74.80
LASIAN PE40-AGWH,96.31
LASIAN TL-WDAG,101.92
LATINA-1P,342.38
LAUTARO-A1 8W 3000K,405.90
LAUTARO-PDT 24W CCT,1386.00
LAVAY-1 Bollard Black,196.90
LAVAY-1 Bollard Silver,196.90
LAVAY-2 Bollard Black,218.90
LAVAY-2 Bollard Silver,218.90
LAVAY-A1 Black,57.70
LAVAY-A1 Silver,57.70
LAVIS WB-AGIV,36.32
LAVIS WB-BKIV,36.32
LAVIS WB-NKIV,36.32
LAZIO-30,28.44
LAZIO-40,37.90
LAZLO PE30-AB,182.33
LAZLO PE30-BK,182.33
LAZLO PE50-BK,298.26
LB63211-White,273.41
LB63212-Black,273.41
LB6321G-Silver,342.21
LB74622-B,582.95
LB74622-Silver,582.95
LB8072-Black,124.96
LB8072-Silver,147.62
LB8212-Silver,98.34
LB8212-White,77.55
LB82122-Black,77.55
LB8232-Silver,107.86
LB82322-Black,88.99
LB8252-Silver,107.86
LB82522-Black,88.99
LB881L-Black,239.03
LB881LG-Silver,256.25
LB883L-Silver,290.68
LB883L2-Black,256.25
LB885LG-Black,239.03
LB885LG-Silver,273.41
LB887XG-Silver,307.84
LB8919-Black,350.85
LB8919G-Silver,393.80
LB8939-Black,369.76
LB8939G-Silver,411.01
LB8959-Black,342.21
LB8959G-Silver,386.93
LBP312-36W-CCT/WH,41.80
LBP360-16W-CCT/WH,28.60
LBP660-36W-CCT/WH,41.80
LC22WT5EB,5.26
LCC35B15-4W-DL,3.30
LCC35B15-4W-WW,3.30
LCC35B15D-6W-DL,11.00
LCC35B15D-6W-WW,11.00
LCC35B22-4W-DL,3.30
LCC35B22-4W-WW,3.30
LCC35B22D-6W-DL,11.00
LCC35B22D-6W-WW,11.00
LCC35E14-4W-DL,3.30
LCC35E14D-6W-DL,11.00
LCC35E14D-6W-WW,11.00
LCC35E27-4W-DL,3.30
LCC35E27-4W-WW,3.30
LCC35E27D-6W-DL,11.00
LCC35E27D-6W-WW,11.00
LCF35B15-4W-DL,3.30
LCF35B15-4W-WW,3.30
LCF35B15D-6W-DL,11.00
LCF35B15D-6W-WW,11.00
LCF35B22-4W-DL,3.30
LCF35B22-4W-WW,3.30
LCF35B22D-6W-DL,11.00
LCF35B22D-6W-WW,11.00
LCF35E14-4W-DL,3.30
LCF35E14-4W-WW,3.30
LCF35E14D-6W-DL,11.00
LCF35E14D-6W-WW,11.00
LCF35E27-4W-DL,3.30
LCF35E27-4W-WW,3.30
LCG4-1.5W-DL,4.95
LCG4-1.5W-WW,4.95
LCG45B15-4W-DL,3.85
LCG45B15-4W-WW,3.85
LCG45B22-4W-12V-DL,4.40
LCG45B22-4W-DL,3.85
LCG45B22-4W-WW,3.85
LCG45E14-4W-DL,3.85
LCG45E14-4W-WW,3.85
LCG45E27-4W-12V-WW,4.40
LCG45E27-4W-DL,3.85
LCG45E27-4W-WW,3.85
LCG9-2.5W-DL,6.05
LCG9-2.5W-WW,6.05
LDD-020,4.40
LDE90-BL,24.94
LDE90-GD,29.61
LDE90-LFL-WH,7.91
LDE90-SC,29.61
LDE90-WH,24.94
LDE90S-BL,25.54
LDE90S-GD,30.58
LDE90S-SC,30.58
LDE90S-WH,25.54
LDL-GIM1-SI,70.03
LDL-GIM1-WH,70.03
LDL-GIM2-SI,103.23
LDL-GIM2-WH,103.23
LDL-GIM3-SI,154.19
LDL-GIM3-WH,154.19
LDL-GIM4-SI,161.99
LDL-GIM4-WH,161.99
LDL-IP65-SI,43.65
LDL-IP65-WH,43.65
LDL-PLATE1-BL,13.55
LDL-PLATE1-GD,13.55
LDL-PLATE1-WH,13.55
LDL-PLATE2-BL,21.10
LDL-PLATE2-GD,21.10
LDL-PLATE2-WH,21.10
LDL-PLATE3-BL,29.98
LDL-PLATE3-GD,29.98
LDL-PLATE3-WH,29.98
LDL-PLATE4-BL,32.25
LDL-PLATE4-WH,32.25
LDL-TLT-BL,59.24
LDL-TLT-GD,59.24
LDL-TLT-WH,59.24
LDL105CW-SC,38.61
LDL105CW-WH,38.61
LDL125-WH,44.85
LDL160-WH,38.97
LDL175-WH,41.25
LDL75WW-SC,35.13
LDL75WW-WH,35.13
LDLB75-BL,25.30
LDLB75-SC,25.30
LDLB75-WH,25.30
LDLB90-BL,34.41
LDLB90-FIRE60,38.73
LDLB90-GD,45.32
LDLB90-SC,34.41
LDLB90-WH,35.38
LDLB90S-GD,34.41
LDLB90S-SC,34.41
LDLB90S-WH,34.41
LDLS-REF-GD,4.08
LDLS-REF-SI,4.08
LDLS-REF-WH,4.08
LDLS115-BL,78.18
LDLS115-WH,78.18
LDLS120-BL,42.92
LDLS120-WH,42.92
LDU150-WH,67.63
LDU200-WH,90.05
LDUGR150-WH,58.04
LDUGR200-WH,83.34
LDUGR90-BL,28.29
LDUGR90-WH,28.29
LEADB001,5.64
LEADB002,7.77
LEADB003,9.88
LEADB004,14.32
LEADB005,24.41
LEADB006,31.64
LEADB007,44.04
LEADB008,53.39
LEADB009,63.82
LEADW001,4.44
LEADW002,5.64
LEADW003,8.73
LEADW004,11.45
LEADW005,15.91
LECCE,124.96
LED-AT023Q-3X1W-WH SQ,139.10
LED-AT023R-3X1W-WH RD,139.10
LED-AT113Q-1W-BLUE SQ,64.08
LED-AT113Q-1W-WHITE SQ,64.08
LED-AT113R-1W-WHITE RD,64.08
LED-B03 Small,67.10
LED-B04 Small,67.10
LED-CC350-12,28.38
LED-CC350-3,12.98
LED-CV12V-12W,32.78
LED-MO2,68.04
LED-MO3,68.04
LED-NO3-White,62.37
LED-SO5,48.79
LED41WKL,43.40
LED65WKL,46.49
LEDB242,10.34
LEDB264,22.76
LEDB264FY,23.79
LEDB265,22.76
LEDB265D,22.76
LEDF271,14.49
LEDF272A,14.49
LEDF274,14.49
LEDLIN118-12,15.71
LEDLIN78-6,11.75
LEDON-B/FIX,27.56
LEDRESIST,7.24
LEDW252,10.34
LEDW3157,22.76
LEDW920,22.76
LEDW920A,23.79
LEDW921,22.76
LEDW922,22.76
LEGERO OY50-SMT,148.67
LEGNA1,88.36
LEGNA2,79.40
LEGNA3,88.36
LEGNA4,79.40
LENGAN1B,19.89
LENGAN1W,19.89
LENGAN2B,45.51
LENGAN2W,45.51
LENGAN3B,68.28
LENGAN3W,68.28
LENGAN4B,91.04
LENGAN4W,91.04
LENORE EX170-BK,78.17
LENORE EX170-WH,78.17
LENORE EX215-BK,120.33
LENORE EX215-WH,120.33
LENOX WB-BK,82.28
LENOX WB-WH,82.28
LENS-207L,35.97
LENS-207S,17.99
LENS-LJ5000,23.98
LENS-LJ5050,17.99
LENS-LJ6000,14.39
LENS-LJ6050,14.39
LENS-SFE-10,9.59
LENS-SFE-15,10.79
LENS-SFE-18,11.99
LENS-SFE-30,14.39
LENS-SFE-36,16.79
LENS22-AL,11.99
LENS22-OP,11.99
LENS32-AL,17.99
LENS32-OP,17.99
LENS40-AL,23.98
LENS40-OP,23.98
LEONE WB-WH,41.14
LERIDA CTC4-CH,63.77
LERIDA CTC4-GD,63.77
LERIDA CTC6-CH,107.99
LERIDA CTC6-GD,107.99
LERIDA PE12-CH,243.75
LERIDA PE12-GD,243.75
LERIDA PE12R-CH,231.41
LERIDA PE12R-GD,231.41
LERIDA PE12V-CH,247.87
LERIDA PE12V-GD,247.87
LERIDA PE18R-CH,557.45
LERIDA PE18R-GD,557.45
LERIDA PE24-CH,605.79
LERIDA PE24-GD,605.79
LERIDA PE6V-CH,150.16
LERIDA PE6V-GD,150.16
LERIDA PE8-CH,110.05
LERIDA PE8-GD,110.05
LERIDA PE9-CH,152.22
LERIDA PE9-GD,152.22
LESPA-1L,133.82
LETIZIA-4L SM BLACK,405.90
LETIZIA-4L SM BRUSHED CHROME,482.90
LETIZIA-4L SM BRUSHED GOLD,548.90
LETIZIA-5L BLACK,482.90
LETIZIA-5L BRUSHED CHROME,548.90
LETIZIA-5L BRUSHED GOLD,658.90
LETIZIA-7L BLACK,768.90
LETIZIA-7L BRUSHED CHROME,878.90
LETIZIA-7L BRUSHED GOLD,988.90
LEVANTE-4L,428.78
LF3210/10WH,29.70
LF3288WH,32.78
LF3613WH,16.39
LF3615BK,16.39
LF3620WH,16.50
LF3630WH,52.58
LF3800BC,7.59
LF3820BC,10.89
LF3820BK,9.79
LF3820WH,9.79
LF3824/5000WH,16.28
LF4017-MR11 12V,118.64
LF4024-MR11 12V,101.48
LF4026-Black 12V,32.67
LF4026-Copper 12V,118.64
LF4026-St/Steel 12V,101.48
LF4117-MR11 12V,153.07
LF4124-MR11 12V,135.91
LF4325BCH,9.79
LF4591BCH,10.89
LF4593WH,12.65
LF500/1S WH,31.90
LF500/1WH,27.50
LF500/2WH,53.90
LF500/3WH,78.10
LF5006-Black-LG-Pondlight 12V,41.30
LF5006-Black-SM-Pondlight 12V,25.30
LF5017-Copper,197.78
LF5019       IP65 GU10,99.77
LF5019-Copper,123.86
LF5024       IP65 GU10,118.64
LF5024-BTS Copper,146.19
LF5027-Black 12V,41.30
LF5027-Copper 12V,146.19
LF5027-S/Steel 12V,72.27
LF5027-Silver 12V,41.30
LF5029  Silver 12V,67.10
LF5032-St/Steel 12V,175.07
LF5119-BTS Copper,239.03
LF5124-BTS Copper,239.03
LF5251D-Silver GU10,62.37
LF5300/1000BK,46.20
LF5300/1000SIL,22.55
LF5300/1000WH,46.20
LF5300/2000BK,92.40
LF5300/2000WH,92.40
LF5301BK,12.10
LF5301SIL,6.05
LF5301WH,12.10
LF5302BK,17.38
LF5302WH,17.38
LF5303BK,30.58
LF5303WH,30.58
LF5355BK,42.90
LF5355WH,42.90
LF6524WH,71.50
LF6WLEDR63,9.39
LF7411BK,56.98
LF7411SS,56.98
LF7422BK,65.78
LF7422SS,65.78
LF7551BK,38.50
LF7552BK,40.70
LF7552WH,40.70
LF7951BK,19.58
LF7951WH,19.58
LF7952BK,29.70
LF7952WH,29.70
LF9201AB,61.38
LF9201BC,61.38
LF9201GM,61.38
LF9205AB,61.38
LF9205BCH,61.38
LF9205GM,61.38
LF9207AB,61.38
LF9207GM,61.38
LFCA60E27D-6W-WW,7.15
LFCC35E14D-4W-CW,5.23
LFCC35E14D-4W-WW,5.23
LFCG125B22D-6W-WW,10.45
LFCG125E27D-6W-WW,10.45
LFCG45E14D-4W-WW,5.23
LFCG45E27D-4W-WW,5.23
LFCG95E27D-6W-WW,8.53
LFCP64E27D-6W-WW,8.53
LFGU10-5W-DL,4.40
LFGU10-5W-WW,4.40
LFGU10-8W-DL,6.60
LFGU10-8W-WW,6.60
LFGU10D-12W-DL,12.10
LFGU10D-12W-WW,12.10
LFGU10D-8W-DL,8.25
LFGU10D-8W-WW,8.25
LFMR16-8W-DL,6.60
LFMR16-8W-WW,6.60
LFMR16D-8W-DL,9.35
LFMR16D-8W-WW,9.35
LG201-BL,32.86
LG201-SS,50.36
LG202-SS,63.79
LG203-BL,29.49
LG203-SS,34.06
LG2182-SS,70.86
LG220-SS,33.94
LG8072-SS,26.50
LGS7008-BL,123.98
LGX53-R2-SG,62.59
LGX53-S2-SG,62.59
LH0.4M,2.20
LH1.5M,2.73
LH1701-BL,47.72
LH1701-WH,47.72
LH2300-BL,66.07
LH2300-WH,66.07
LH2845-CC,59.47
LH2850-CC,76.02
LH300-CC,190.64
LH3010-CC,71.35
LH4901-BL,55.64
LH5001-BL,111.14
LH5101-BL,66.19
LH5980-CC,59.36
LH6871-BL,83.45
LH6872-BL,103.95
LH7950-CC,225.41
LHG1580-BL,357.91
LHP170E40-50WCW,66.00
LHP170E40-50WDL,66.00
LHS5870-CC,78.18
LIAM TL-AGOM,41.23
LIAM TL-BKOM,41.23
LIAM1EBLK,108.90
LIAM1EWHT,108.90
LIAT-2-PA,101.48
LIGHTHOUSE,57.80
LIGNA01,60.51
LIGNA02,60.51
LIGNA03,60.51
LIGNA05,86.44
LIGNA08,95.10
LILAC OY28-3C,45.58
LILAC OY40-3C,64.75
LILL1EAGB,174.90
LILL1EBLK,163.90
LIMA 3R-AL83,26.83
LIMA 3R-AL85,26.83
LIMA 3S-AL83,26.83
LIMA-2L,108.68
LIMA-4L,137.00
LIMA1,118.26
LIMA2,118.26
LIN78-6WLED-CW,13.67
LINC1EBLK,97.90
LINC1EWHT,97.90
LIND-14H-GY,52.88
LIND-14H-WH,52.88
LIND-14R-GY,52.88
LIND-14R-WH,52.88
LIND-14S-GY,52.88
LIND-14S-WH,52.88
LIND-21H-GY,58.87
LIND-21H-WH,58.87
LIND-21R-GY,58.87
LIND-21R-WH,58.87
LIND-21S-GY,58.87
LIND-28H-GY,63.55
LIND-28H-WH,63.55
LIND-28R-GY,63.55
LIND-28R-WH,63.55
LIND-28S-GY,63.55
LIND-28S-WH,63.55
LIND-35R-GY,71.23
LIND-35R-WH,71.23
LIND-35S-GY,71.23
LIND-35S-WH,71.23
LINDA-F/L Beige Shade,712.42
LINEAL1L,141.86
LINEAL1M,118.71
LINEAL1S,100.60
LINEAL2L,141.86
LINEAL2M,118.71
LINEAL2S,100.60
LINEAL3L,167.02
LINEAL3M,150.92
LINEAL3S,116.70
LINEAL4L,183.72
LINEAL4M,165.61
LINEAL4S,128.37
LINEON-PL200-BLK,216.70
LINERA-WL90-BLK,97.90
LINKTRI01,15.43
LINKTRI02,21.96
LINKTRI03,25.99
LINKTRICN,2.25
LINKTRIFP,4.08
LINO-1-PA,60.83
LINO-1L BLACK,60.83
LINO-1L SILVER,60.83
LINO-2-PA,92.13
LINO-2L Black,78.05
LINO-2LSilver,78.05
LIO01C-T-LIO01-SH,207.90
LISTER-2 BLACK,53.85
LISTER-2 SILVER,53.85
LITTLEKRAKKA,25.15
LIVIA FL-BECM,201.26
LIVIA FL-BKDGY,201.26
LIVIA TL-BKDGY,116.83
LJ1001-BL,9.00
LJ2003-BL,28.41
LJ2003-WH,28.41
LJ2026-BL,62.71
LJ2026-WH,62.71
LJ2080-BL,31.78
LJ2080-WH,31.78
LJ2081-CC,58.99
LJ3718-BL,49.87
LJ3718-WH,49.87
LJ5003-BL,88.13
LJ5051-BL,35.73
LJ5051-WH,29.98
LJ6000-CON,7.44
LJ6001-BL,36.33
LJ6001-CO,36.33
LJ6001-GR,36.33
LJ6001-SG,36.33
LJ6001-SS,49.76
LJ6001-WH,36.33
LJ6002-BL,37.05
LJ6002-CO,37.05
LJ6002-GR,37.05
LJ6002-SG,37.05
LJ6002-SS,108.39
LJ6002-WH,37.05
LJ6003-BL,39.08
LJ6003-CO,39.08
LJ6003-GR,39.08
LJ6003-SG,39.08
LJ6003-WH,39.08
LJ6004-BL,39.57
LJ6004-CO,39.57
LJ6004-GR,39.57
LJ6004-SG,39.57
LJ6004-WH,39.57
LJ6051-BL,41.01
LJ6051-SS,70.38
LJ6051-WH,41.01
LJ7001-WH,15.22
LJ7002-BL,16.07
LJ7003-BL,16.42
LJBELL-BS,3.00
LJBELL-CH,3.00
LJCONE-BL,3.00
LJCONE-CH,3.00
LJCONE-WH,3.00
LJDOME-BL,3.00
LJDOME-CH,3.00
LJDOME-WH,3.00
LJF4061-WH,45.80
LJF9001-BL,31.78
LJF9001-WH,31.78
LJF9051-BL,26.98
LJF9051-WH,26.98
LJKIT-PLC18,12.95
LJKIT-PLC26,12.95
LJL6001-BL,63.06
LJL6001-CO,63.06
LJL6001-GR,63.06
LJL6001-SG,63.06
LJL6001-SS,76.49
LJL6001-WH,63.06
LJL6002-BL,63.79
LJL6002-CO,63.79
LJL6002-GR,63.79
LJL6002-SG,63.79
LJL6002-SS,132.37
LJL6002-WH,63.79
LJL6003-BL,65.70
LJL6003-CO,65.70
LJL6003-GR,65.70
LJL6003-SG,65.70
LJL6003-WH,65.70
LJL6004-BL,66.19
LJL6004-CO,66.19
LJL6004-GR,66.19
LJL6004-SG,66.19
LJL6004-WH,66.19
LJL6051-BL,65.95
LJL6051-SS,90.76
LJL6051-WH,65.95
LJS6003-BL,78.18
LJX8830-CC,81.90
LJY204-BL,38.73
LK1000,19.06
LK1001-CC,2.76
LK1001-SI,2.76
LK1001-WH,2.76
LK1200,28.18
LK1201-CC,4.55
LK1201-SI,4.55
LK1201-WH,4.55
LK1401,24.10
LK1403,27.34
LK1441-CC,4.31
LK1441-SI,4.31
LK1441-WH,4.31
LK1443-CC,5.75
LK1443-SI,5.75
LK1443-WH,5.75
LK1501,24.70
LK1503,25.42
LK1551-CC,4.20
LK1551-SI,4.20
LK1551-WH,4.20
LK1553-CC,5.04
LK1553-SI,5.04
LK1553-WH,5.04
LK2240,99.64
LK2241-CC,12.47
LK2241-SI,12.47
LK2241-WH,12.47
LK2300,31.30
LK2301,35.73
LK2302,30.58
LK2303,26.86
LK2310-CC,4.20
LK2310-SI,4.20
LK2310-WH,4.20
LK2331-CC,5.40
LK2331-SI,5.40
LK2331-WH,5.40
LK2332-CC,5.04
LK2332-SI,5.04
LK2332-WH,5.04
LK2333-CC,4.20
LK2333-SI,4.20
LK2333-WH,4.20
LK3050,94.24
LK3051-CC,9.35
LK3051-SI,9.35
LK3051-WH,9.35
LK3052-CC,9.35
LK3052-SI,9.35
LK3052-WH,9.35
LK3053-CC,11.63
LK3053-SI,11.63
LK3053-WH,11.63
LK3340,94.13
LK3341-BL,18.11
LK3341-WH,18.11
LKS3050,104.56
LKV12301,35.13
LKV12302,31.05
LKV12401,30.34
LKV12403,27.82
LL-T70KIT-BL,41.84
LL-T70KIT-CO,41.84
LL-T70KIT-SI,41.84
LL0011,21.82
LL0113-CO,50.96
LL0113-SI,50.96
LL0116-BL,43.88
LL0123-CO,69.66
LL015-BL,8.51
LL015-CO,8.51
LL015-SI,8.51
LL0211-BL,76.25
LL0211-CO,76.25
LL0211-SI,76.25
LL030-BL,15.83
LL030-CO,15.83
LL030-SI,15.83
LL0802-BL,16.67
LL0802-CO,16.67
LL0802-SI,16.67
LL0802-SS,64.50
LL0901-BL,9.71
LL0911-BL,18.82
LL0911-CO,18.82
LL0911-SI,18.82
LL1000,6.71
LL1012-SI,62.59
LL1012-SS,89.80
LL1014-BL,65.58
LL1015-BL,50.60
LL1015-SI,50.60
LL12-15,47.37
LL120-SS,42.68
LL20103-SI,35.38
LL5000-BL,63.79
LL5010-SS,198.08
LL6001,7.32
LL6003,4.43
LL7531-BL,88.61
LL8010,69.18
LL8200,46.76
LL8201,31.54
LL9000,10.08
LLA50B22-6W-DL,3.03
LLA50B22-6W-WW,3.03
LLA50E27-6W-DL,3.03
LLA50E27-6W-WW,3.03
LLA55B22-7W-DL,3.30
LLA55B22-7W-WW,3.30
LLA55B22D-7W-WW,11.00
LLA55E27-7W-DL,3.30
LLA55E27-7W-WW,3.30
LLA55E27D-7W-DL,11.00
LLA55E27D-7W-WW,11.00
LLA60B22-8W-12V-WW,6.60
LLA60B22-9W-DL,3.85
LLA60B22-9W-WW,3.85
LLA60B22D-9W-DL,11.55
LLA60B22D-9W-WW,11.55
LLA60E27-8W-12V-DL,6.60
LLA60E27-8W-12V-WW,6.60
LLA60E27-9W-DL,3.85
LLA60E27-9W-WW,3.85
LLA60E27D-9W-DL,11.55
LLA65B22-12W-DL,4.95
LLA65B22-12W-WW,4.95
LLA65B22D-12W-DL,12.65
LLA65E27-12W-DL,4.95
LLA65E27-12W-WW,4.95
LLA65E27D-12W-WW,12.65
LLA72B22-15W-DL,6.60
LLA72E27-15W-DL,6.60
LLED1-C1000,3.60
LLED1-C2000,5.16
LLED1-C5000,20.62
LLED1-IPEC20,35.73
LLED1-IPEC45,54.91
LLED1-KIT6,86.57
LLED1-L1,13.55
LLED1-SC101,59.36
LLED1-TEE,2.28
LLED100-LENS,19.79
LLED10006-SS,73.26
LLED101-BL,35.26
LLED1010-BL,118.34
LLED1010-CO,107.07
LLED1010-SS,207.79
LLED1011-SG,76.49
LLED1012-CO,76.49
LLED1012-SG,76.49
LLED105-BL,72.18
LLED2000-BL,202.75
LLED2000-WH,202.75
LLED2002-BL,208.99
LLED2002-WH,208.99
LLED20101-CC,35.01
LLED20101-SI,35.01
LLED20103-BL,67.63
LLED20103-WH,67.63
LLED271-BL,7.19
LLED272-BR,12.71
LLED30101-CC,40.89
LLED30101-CO,40.89
LLED30101-SI,40.89
LLED30102-SI,49.40
LLED3030-CC,62.83
LLED3030-CO,62.83
LLED3030-SI,62.83
LLED3504-CC,68.59
LLED3504-SI,68.59
LLED400-SS,13.43
LLED4001-BL,50.12
LLED401-SS,64.99
LLED47111WW,10.79
LLED4901-BL,36.09
LLED521-CO,72.78
LLED521-SS,56.47
LLED70108-CC,7.56
LLED70108-CO,7.56
LLED7010BE,74.34
LLED7010GN,74.34
LLED730-SS,70.86
LLED731-SS,80.58
LLED734-SS,80.58
LLED850-SS,69.66
LLEDF120-SS,70.86
LLEDT130-SS,90.05
LLFL-20WDL,22.00
LLFL-30WDL,27.50
LLG120B22-16W-DL,9.90
LLG120B22-16W-WW,9.90
LLG120B22D-16W-DL,13.75
LLG120E27-16W-DL,9.90
LLG120E27-16W-WW,9.90
LLG45B15-4W-DL,2.48
LLG45B15-4W-WW,2.48
LLG45B15D-6W-DL,11.00
LLG45B15D-6W-WW,11.00
LLG45B22-4W-DL,2.48
LLG45B22-4W-WW,2.48
LLG45B22D-6W-DL,11.00
LLG45E14-4W-DL,2.48
LLG45E14-4W-WW,2.48
LLG45E14D-6W-DL,11.00
LLG45E14D-6W-WW,11.00
LLG45E27-4W-DL,2.48
LLG45E27-4W-WW,2.48
LLG45E27D-6W-DL,11.00
LLG45E27D-6W-WW,11.00
LLG70B22-8W-DL,6.05
LLG70B22-8W-WW,6.05
LLG70E27-8W-WW,6.05
LLG95B22-12W-DL,7.15
LLG95B22-12W-WW,7.15
LLG95B22D-12W-DL,12.65
LLG95B22D-12W-WW,12.65
LLG95E27-12W-DL,7.15
LLG95E27-12W-WW,7.15
LLG95E27D-12W-DL,12.65
LLH155-SI,68.95
LLM155-SI,68.95
LLRC-15WW,15.40
LLRC-25WW,24.75
LLW-18W-CW,18.70
LLW-18W-DL,18.70
LM65E27-20W-DL,22.00
LOBOK-PDT Black,175.89
LOBOK-PDT Natural,175.89
LODAN WB-BRS,49.04
LODAN WB-CP,49.04
LODAN WB-GM,49.04
LOFTUS FL-AGIV,172.98
LOFTUS FL-RST,172.98
LOFTUS TL-RST,70.12
LOGIK TS55.3-BK,73.63
LOGIK TS55.3-WH,73.63
LOGIK TS65.3-BK,97.19
LOGIK TS65.3-WH,97.19
LOI1000027,311.85
LOI1000028,296.01
LOI1000029,196.02
LOI1000030,450.45
LOI1000031,197.01
LOI1000032,76.23
LOI1000033,110.88
LOI1000043,98.21
LOI1000044,83.16
LOI1000052,106.13
LOI1000110,171.27
LOI1000121,296.01
LOI1000122,445.50
LOI1000123,237.60
LOI1000124,194.04
LOI1000125,242.55
LOI1000126,292.25
LOI1000127,365.31
LOI1000129,434.81
LOI1000131,123.75
LOI1000134,118.80
LOI1000135,148.50
LOI1000136,367.29
LOI1000137,448.47
LOI1000138,176.62
LOI1000139,220.77
LOI1000140,47.52
LOI1000141,59.40
LOI1000143,98.01
LOI1000144,78.21
LOI1000145,78.21
LOI1000146,78.21
LOI1000147,99.00
LOI1000148,70.29
LOI1000149,70.29
LOI1000151,382.14
LOI1000152,382.14
LOI1000155,639.54
LOI1000157,579.15
LOI1000158,601.92
LOI1000187,177.41
LOI1000188,177.41
LOI1000247A,191.07
LOI1000248A,191.07
LOI1000249,123.55
LOI1000250,154.44
LOI1000251A,306.90
LOI1000252A,306.90
LOI1000253,217.01
LOI1000254,271.26
LOI1000256,340.56
LOI1000258,102.96
LOI1000259,34.65
LOI1000260,34.65
LOI1000261,114.84
LOI1000262,143.55
LOI1000263,41.98
LOI1000264,52.47
LOI1000270,52.47
LOI1000272,52.47
LOI1000292,2376.00
LOI1000293,151.47
LOI1000294,1286.01
LOI1000296,494.01
LOI1000297,643.50
LOI1000298,98.01
LOI1000306,34.65
LOI1000308,34.65
LOI1000312,164.74
LOI1000313,217.80
LOI1000314,200.97
LOI1000315,356.40
LOI1000316,205.92
LOI1000317,167.31
LOI1000327,197.01
LOI1000328,197.01
LOI1000329,222.75
LOI1000330,222.75
LOI1000333,296.01
LOI1000334,296.01
LOI1000335,297.00
LOI1000336,297.00
LOI1000337,30.69
LOI1000338,167.31
LOI1000339,30.69
LOI1000340,207.90
LOI1000341,218.79
LOI1000363,92.07
LOI1000397,70.29
LOI1000399,83.16
LOI1000400,83.16
LOI1000426,384.12
LOI1000427,256.41
LOI1000442,107.91
LOI1000443,69.30
LOI1000463,95.04
LOI1000464,52.47
LOI1000490,164.34
LOI1000491,177.21
LOI1000492,126.72
LOI1000493,117.81
LOI1000494,316.80
LOI1000496,123.75
LOI1000497,124.74
LOI1000499,86.13
LOI1000510,105.93
LOI1000512,117.81
LOI1000513,105.93
LOI1000514,67.32
LOI1000526,127.71
LOI1000527,115.83
LOI1000528,115.83
LOI1000529,78.21
LOI1000563,255.42
LOI1000564,196.02
LOI1000565,419.76
LOI1000566,202.95
LOI1000567,171.27
LOI1000569,221.76
LOI1000571,163.35
LOI1000573,130.68
LOI1000575,211.86
LOI1000576,194.04
LOI1000577,164.34
LOI1000578,351.45
LOI1000579,171.27
LOI1000580,117.81
LOI1000582,161.37
LOI1000583,214.63
LOI1000584,130.68
LOI1000585,257.40
LOI1000586,79.20
LOI1000596,64.35
LOI1000598,93.06
LOI1000599,93.06
LOI1000606,153.45
LOI1000607,214.83
LOI1000608,352.44
LOI1000609,919.71
LOI1000610,72.27
LOI1000617,495.00
LOI1000620,163.94
LOI1000621,194.83
LOI1000623,153.45
LOI1000624,214.83
LOI1000625,495.00
LOI1000626,352.44
LOI1000627,919.71
LOI1000628,72.27
LOI1000650,296.01
LOI1000651,297.00
LOI1000708,192.06
LOI1000709,192.06
LOI1000800,178.20
LOI1000803,738.14
LOI1000804,1226.81
LOI1000807,1021.68
LOI1000808,593.01
LOI1000809,666.27
LOI1000810,395.01
LOI1000811,377.19
LOI1000813,198.00
LOI1000814,134.64
LOI1000815,231.66
LOI1000817,247.50
LOI1000819,389.07
LOI1000821,158.40
LOI1000822,139.59
LOI1000823,115.83
LOI1000825,168.30
LOI1000832,354.02
LOI1000837,503.71
LOI1000840,217.80
LOI1000842,257.40
LOI1000844,270.27
LOI1000853,128.30
LOI1000856,95.04
LOI1000857,99.00
LOI1001080,104.94
LOI1001090,226.71
LOI1001091,416.79
LOI1001092,185.13
LOI1001093,262.35
LOI1001094,276.21
LOI1001095,93.06
LOI1001096,226.71
LOI1001097,416.79
LOI1001098,185.13
LOI1001099,262.35
LOI1001100,450.45
LOI1001101,93.06
LOI1001106,48.51
LOI1001107,48.51
LOI1001108,72.07
LOI1001109,72.07
LOI1001110,107.71
LOI1001111,117.22
LOI1001112,134.64
LOI1001113,98.01
LOI1001149,111.87
LOI1001167,48.51
LOI1001168,48.51
LOI1001169,171.27
LOI1001170,171.27
LOI1001171,226.71
LOI1001172,226.71
LOI1001173A,171.27
LOI1001174A,171.27
LOI1001175A,226.71
LOI1001176A,226.71
LOI1001177,405.90
LOI1001178,569.25
LOI1001179,592.02
LOI1001180,222.75
LOI1001201,130.68
LOI1001202,150.48
LOI1001203,140.58
LOI1001204,130.68
LOI1001205,130.68
LOI1001213,69.30
LOI1001214,54.45
LOI1001215,44.55
LOI1001221,70.29
LOI1001235,285.12
LOI1001238,127.71
LOI1001239,103.95
LOI1001241,132.66
LOI1001242,111.87
LOI1001243,95.04
LOI1001244,70.29
LOI1001245,297.00
LOI1001246,163.35
LOI1001251A,237.60
LOI1001252A,136.62
LOI1001292,127.71
LOI1001294,322.34
LOI1001295,949.41
LOI1001320,104.94
LOI1001372,58.41
LOI1001373,111.87
LOI1001375,58.41
LOI1001376,111.87
LOI1001392,141.57
LOI1001393,153.45
LOI1001394,141.57
LOI1001395,104.94
LOI1001400,98.21
LOI1001410,105.93
LOI1001411,114.84
LOI1001412,126.72
LOI1001413,143.55
LOI1001414,84.74
LOI1001416,126.72
LOI1001417,114.84
LOI1001428,84.15
LOI1001430,166.32
LOI1001431,178.20
LOI1001432,166.32
LOI1001433,127.71
LOI1001434,99.99
LOI1001470,119.79
LOI1001480,58.41
LOI1001481,82.17
LOI1001525,142.56
LOI1001526,137.81
LOI1001527,152.86
LOI1001528,142.56
LOI1001529,78.21
LOI1001530,76.03
LOI1001573,609.84
LOI1001580,297.00
LOI1001581,163.35
LOI1001582,48.51
LOI1001583,171.27
LOI1001584,226.71
LOI1001585,111.87
LOI1001586,58.41
LOI1001587,111.87
LOI1001588,84.15
LOI1001589,84.15
LOI1001590,570.24
LOI1001591,496.98
LOI1001592,3588.75
LOI1001593,315.81
LOI1001594,248.49
LOI1001595,1255.32
LOI1001596,246.51
LOI1001597,416.79
LOI1001598,185.13
LOI1001599,262.35
LOI1001600,450.45
LOI1001601,93.06
LOI1001602,268.29
LOI1001603,321.75
LOI1001604,116.82
LOI1001605,104.94
LOI1001606,104.94
LOI1001607,71.28
LOI1001608,71.28
LOI1001609,119.79
LOI1001610,119.79
LOI1001611,104.94
LOI1001612,104.94
LOI1001613,84.15
LOI1001614,100.98
LOI1001615,100.98
LOI1001616,109.89
LOI1001617,109.89
LOI1001618,107.91
LOI1001619,107.91
LOI1001620,347.49
LOI1001621,438.57
LOI1001622,740.52
LOI1001623,356.40
LOI1001624,153.45
LOI1001625,153.45
LOI1001626,153.45
LOI1001627,866.25
LOI1001628,1080.09
LOI1001629,1535.49
LOI1001630,449.46
LOI1001631,899.91
LOI1001632,800.91
LOI1001633,899.91
LOI1001634,1326.60
LOI1001635,378.18
LOI1001636,531.63
LOI1001637,706.86
LOI1001638A,1678.05
LOI1001639,493.02
LOI1001640,1178.10
LOI1001641,740.52
LOI1001648,334.82
LOI1001649,334.82
LOI1001652,72.27
LOI1001653,94.05
LOI1001654,91.08
LOI1001655,269.28
LOI1001656,163.35
LOI1001657,297.00
LOI1001661,130.09
LOI1001664,62.17
LOI1001666,54.45
LOI1001667,54.45
LOI1001668,54.45
LOI1001669,54.45
LOI1001670A,171.27
LOI1001671A,226.71
LOI1001672,192.06
LOI1001673,30.69
LOI1001674,269.58
LOI1001675,283.14
LOI1001676,99.50
LOI1001677,560.34
LOI1001678,560.34
LOI1001679,232.65
LOI1001680,232.65
LOI1001681,213.84
LOI1001682,213.84
LOI1001683,123.75
LOI1001684,123.75
LOI1001685,368.28
LOI1001686,368.28
LOI1001687,128.70
LOI1001688,128.70
LOI1001689,99.99
LOI1001690,99.99
LOI1001691,182.16
LOI1001692,182.16
LOI1001693,89.10
LOI1001694,89.10
LOI1001695,62.37
LOI1001696,62.37
LOI1001697A,136.62
LOI1001698A,161.37
LOI1001699A,151.47
LOI1001700,159.39
LOI1001701,55.44
LOI1001702,59.40
LOI1001703,65.34
LOI1001704,65.34
LOI1001705,65.34
LOI1001706,65.34
LOI1001707,65.34
LOI1001708,65.34
LOI1001709,84.15
LOI1001710,150.48
LOI1001711,58.41
LOI1001712,111.87
LOI1001713,48.51
LOI1001714,171.27
LOI1001715,226.71
LOI1001716A,237.60
LOI1001717A,151.47
LOI1001718A,237.60
LOI1001719,217.80
LOI1001720,409.86
LOI1001721,252.45
LOI1001723,257.40
LOI1001724A,136.62
LOI1001725A,161.37
LOI1001726A,136.62
LOI1001727A,267.30
LOI1001728A,237.60
LOI1001729A,237.60
LOI1001730A,267.30
LOI1001731A,237.60
LOI1001732A,2376.00
LOI1001733A,1286.01
LOI1001734A,494.01
LOI1001735A,643.50
LOI1001736A,98.01
LOI1001737,89.10
LOI1001738,252.45
LOI1001746,466.29
LOI1001747,134.64
LOI1001759,252.45
LOI1001760,217.80
LOI1001761,212.85
LOI1001762,94.05
LOI1001763,122.86
LOI1001764,57.42
LOI1001765,675.18
LOI1001766,148.50
LOI1001767,122.76
LOI1001768,104.94
LOI1001771,77.22
LOI1001772,14.85
LOI1001773,77.22
LOI1001774,77.22
LOI1001775,77.22
LOI3000009A,152.46
LOI3000010A,198.00
LOI3000011A,178.20
LOI3000012A,176.22
LOI3000013A,200.97
LOI3000017A,167.31
LOI3000018A,161.37
LOI3000019A,185.13
LOI3000022A,34.65
LOI3000029A,27.72
LOI3000032A,32.67
LOI3000035A,48.51
LOI3000037A,69.30
LOI3000039A,59.40
LOI3000041A,102.96
LOI3000042A,59.40
LOI3000043A,59.40
LOI3000044A,34.65
LOI3000045A,65.34
LOI3000046A,57.42
LOI3000047A,48.51
LOI3000051A,82.17
LOI3000053A,51.48
LOI3000054A,65.34
LOI3000056A,98.01
LOI3000057A,59.40
LOI3000058A,69.30
LOI3000062A,99.99
LOI3000063A,141.57
LOI3000064A,123.75
LOI3000065A,98.01
LOI3000066A,113.85
LOI3000067A,113.85
LOI3000068A,156.42
LOI3000093A,96.03
LOI3000095A,122.76
LOI3000105A,83.16
LOI3000107A,83.16
LOI3000108A,103.95
LOI3000110A,103.95
LOI3000111A,92.07
LOI3000113A,115.83
LOI3000121A,29.70
LOI3000123A,29.70
LOI3000124A,34.65
LOI3000126A,34.65
LOI3000127A,69.30
LOI3000128A,59.40
LOI3000131A,69.30
LOI3000132A,59.40
LOI3000153A,99.99
LOI3000154A,99.99
LOI3000155A,96.03
LOI3000175A,62.37
LOI3000180A,58.41
LOI3000183A,63.36
LOI3000185A,63.36
LOI3000186A,63.36
LOI3000187A,69.30
LOI3000188A,206.91
LOI3000189A,220.77
LOI3000190A,297.99
LOI3000191A,321.75
LOI3000242A,70.29
LOI3000245A,95.04
LOI3000247A,134.64
LOI3000252A,127.71
LOI3000253A,83.16
LOI3000254A,59.40
LOI3000256A,89.10
LOI3000257A,79.20
LOI3000258A,70.29
LOI3000262A,103.95
LOI3000264A,75.24
LOI3000265A,89.10
LOI3000267A,84.15
LOI3000268A,122.76
LOI3000270A,95.04
LOI3000275A,69.30
LOI3000277A,69.30
LOI3000278A,93.06
LOI3000280A,188.10
LOI3000283A,132.66
LOI3000284A,176.22
LOI3000285A,192.06
LOI3000286A,217.80
LOI3000287A,156.42
LOI3000288A,210.87
LOI3000289A,146.52
LOI3000290A,101.97
LOI3000292A,101.97
LOI3000316A,70.29
LOI3000320A,239.58
LOI3000324A,335.61
LOI3000327,82.17
LOI3000329A,48.51
LOI3000331A,48.51
LOI3000332A,58.41
LOI3000333A,63.36
LOI3000334A,63.36
LOI3000335A,96.03
LOI3000336A,96.03
LOI3000337A,59.40
LOI3000351A,101.97
LOI3001111A,93.06
LOI3001112A,323.73
LOI3001113A,101.97
LOI3001175A,62.37
LOI3001190A,89.10
LOI3001191A,112.86
LOI3001192A,99.00
LOI3001193A,105.93
LOI3001242A,89.10
LOI3001278A,196.02
LOI3001279A,129.69
LOI3001280A,271.26
LOI3001281A,384.12
LOI3001282A,81.18
LOI3001284A,309.87
LOI3006006,82.17
LOI3006013,8.91
LOI3006037,43.56
LOI3006060,59.40
LOI3006061,8.91
LOI3006062,9.90
LOI3006063,12.87
LOI3006064,21.78
LOI3006065,32.67
LOI3006071,17.82
LOI3006072,21.78
LOI3006087,31.68
LOI3006088,49.50
LOI3006089,40.59
LOI3006090,62.37
LOI3006092,48.51
LOI3010004A,171.27
LOI3010005A,198.00
LOI3010006A,192.06
LOI3010007A,217.80
LOI3010013A,220.77
LOI3010014A,239.58
LOI3010015A,214.83
LOI3010018A,34.65
LOI3010020,77.22
LOI3010021,82.17
LOI3010023,88.11
LOI3010024A,31.68
LOI3010025,90.49
LOI3010027A,51.48
LOI3010028A,105.93
LOI3010029A,63.36
LOI3010030A,62.37
LOI3010031A,72.27
LOI3010032A,63.36
LOI3010033A,40.59
LOI3010034A,59.40
LOI3010037A,84.15
LOI3010039A,53.46
LOI3010040A,70.29
LOI3010043A,113.85
LOI3010044A,153.45
LOI3010045A,111.87
LOI3010046A,123.75
LOI3010047A,122.76
LOI3010072A,132.66
LOI3010078A,129.69
LOI3010090A,99.99
LOI3010091A,99.99
LOI3010105A,107.91
LOI3010106A,103.95
LOI3010107A,103.95
LOI3010108A,99.99
LOI3010110A,82.17
LOI3010111A,82.17
LOI3010116A,78.21
LOI3010170A,90.09
LOI3010172A,153.45
LOI3010177A,146.52
LOI3010178A,70.29
LOI3010179A,99.99
LOI3010180A,96.03
LOI3010181A,93.06
LOI3010185A,117.81
LOI3010188A,93.06
LOI3010190A,98.01
LOI3010191A,144.54
LOI3010192A,112.86
LOI3010194A,103.95
LOI3010195A,152.46
LOI3010196A,194.04
LOI3010197A,260.37
LOI3010198A,257.40
LOI3010199A,280.17
LOI3010200A,177.21
LOI3010201A,231.66
LOI3010202A,164.34
LOI3010213,116.82
LOI3010217A,69.30
LOI3010218A,72.27
LOI3010219A,72.27
LOI3010220A,341.55
LOI3010221A,107.91
LOI3010222A,103.95
LOI3010223A,112.86
LOI3010224A,105.93
LOI3010225A,214.83
LOI3010226A,167.31
LOI3010227A,206.91
LOI3010228A,112.86
LOI3010229A,69.30
LOI3010230A,115.83
LOI3010231A,118.80
LOI3010232A,136.62
LOI3010233A,112.86
LOI3010234A,63.36
LOI3010235A,101.97
LOI3010238A,115.83
LOI3010239A,72.27
LOI3010240A,93.06
LOI3010241A,52.47
LOI3010242A,123.75
LOI3010243A,34.65
LOI3016001,99.00
LOI3016005,8.91
LOI3016006,58.41
LOI3016010,52.47
LOI3016020,113.85
LOI3016021,10.89
LOI3016022,12.87
LOI3016023,17.82
LOI3016024,31.68
LOI3016025,42.57
LOI3016026,27.72
LOI3016028,31.68
LOI3016034,42.57
LOI3016035,69.30
LOI3016036,50.49
LOI3016037,82.17
LOI3020004A,171.27
LOI3020005A,198.00
LOI3020006A,192.06
LOI3020007A,214.83
LOI3020008A,220.77
LOI3020009A,214.83
LOI3020010A,239.58
LOI3020015A,31.68
LOI3020017A,34.65
LOI3020018A,70.29
LOI3020020A,51.48
LOI3020021A,72.27
LOI3020022A,63.36
LOI3020024A,105.93
LOI3020025A,62.37
LOI3020026A,63.36
LOI3020027A,40.59
LOI3020028A,69.30
LOI3020029A,59.40
LOI3020030A,52.47
LOI3020032A,84.15
LOI3020033A,53.46
LOI3020035A,63.36
LOI3020036A,72.27
LOI3020038A,113.85
LOI3020039A,153.45
LOI3020040A,136.62
LOI3020041A,111.87
LOI3020042A,123.75
LOI3020043A,122.76
LOI3020044A,167.31
LOI3020052A,113.85
LOI3020055A,103.95
LOI3020057A,138.60
LOI3020059A,103.95
LOI3020067A,129.69
LOI3020068A,112.86
LOI3020069A,105.93
LOI3020070A,214.83
LOI3020078A,34.65
LOI3020099A,90.09
LOI3020100A,115.83
LOI3020102A,161.37
LOI3020103A,103.95
LOI3020107A,206.91
LOI3020108A,146.52
LOI3020109A,152.46
LOI3020110A,194.04
LOI3020111A,260.37
LOI3020112A,257.40
LOI3020113A,280.17
LOI3020114A,177.21
LOI3020115A,82.17
LOI3020116A,93.06
LOI3020117A,99.99
LOI3020118A,102.96
LOI3020119A,112.86
LOI3020120A,99.99
LOI3020122A,124.74
LOI3020125A,93.06
LOI3020126A,112.86
LOI3020128A,231.66
LOI3020129A,98.01
LOI3020130A,144.54
LOI3020131A,112.86
LOI3020132A,164.34
LOI3020134A,341.55
LOI3020135A,115.83
LOI3020136A,118.80
LOI3020137A,123.75
LOI3020142A,103.95
LOI3020143A,103.95
LOI3020144A,99.99
LOI3020145A,107.91
LOI3020146A,107.91
LOI3020147A,111.87
LOI3020148A,111.87
LOI3020149A,123.75
LOI3026001,99.00
LOI3026004,8.91
LOI3026005,58.41
LOI3026009,52.47
LOI3026021,113.85
LOI3026022,10.89
LOI3026023,12.87
LOI3026024,17.82
LOI3026025,31.68
LOI3026026,42.57
LOI3026031,27.72
LOI3026032,31.68
LOI3026037,42.57
LOI3026038,69.30
LOI3026039,50.49
LOI3026040,82.17
LOI3090004,17.82
LOI3090005,17.82
LOI3090009,17.82
LOI3090017,27.72
LOI3090018,152.46
LOI3090020,79.20
LOI3090021,42.57
LOI3090022,70.29
LOI3090027,12.87
LOI3090031,23.76
LOI3090032,23.76
LOI3090033,18.81
LOI3090034,75.24
LOI3090035,32.67
LOI3090036,116.82
LOI3090037,40.59
LOI3090038,52.47
LOI3090039,99.99
LOI3090040,40.59
LOI3090042,87.12
LOI3090045,43.56
LOI3090046,117.81
LOI3090047,48.51
LOI3090050,72.27
LOI3090051,96.03
LOI3090052,243.54
LOI3090053,35.64
LOI3090054,52.47
LOI3090056,18.81
LOI3090057,30.69
LOI3090060,30.69
LOI3090061,42.57
LOI3090062,12.87
LOI3090063,17.82
LOI3090064,118.80
LOI3090066,63.36
LOI3090067,86.13
LOI3090068,99.00
LOI3090121,42.57
LOI3090122,70.29
LOI3090136,116.82
LOI3090137,40.59
LOI3090138,52.47
LOI3090142,87.12
LOI3090143,72.27
LOI3090145,48.51
LOI3090167,86.13
LOI3090168,99.00
LOI3090169,29.70
LOI3090275,21.78
LOI3090277,21.78
LOI3090278,29.70
LOI3090280,29.70
LOI3090281,40.59
LOI3090283,40.59
LOI3090284,63.36
LOI3090286,63.36
LOI3090287,39.60
LOI3090288,89.10
LOI3090289,89.10
LOI3090290,141.57
LOI3090291,49.50
LOI3090292,77.22
LOI3090293,191.07
LOI3090294,43.56
LOI3090295,59.40
LOI3090296,70.29
LOI3090297,76.23
LOI3090298,43.56
LOI3090305,54.45
LOI3090306,191.07
LOI3090307,250.47
LOI3090308,44.55
LOI3090314,17.82
LOI3090315,21.78
LOI3090316,32.67
LOI3090317,44.55
LOI3090318,63.36
LOI3090319,87.12
LOI3090320,89.10
LOI3090321,29.70
LOI3090322,38.61
LOI3090323,77.22
LOI3090324,67.32
LOI3090325,23.76
LOI3090326,25.74
LOI3090327,55.44
LOI3090328,58.41
LOI3090329,46.53
LOI3090330,28.71
LOI3090331,76.23
LOI3090332,259.38
LOI3090333,67.32
LOI3090334,41.58
LOI3090335,60.39
LOI3090336A,123.75
LOI3090337,49.10
LOI3090338,49.10
LOI3090338A,123.75
LOI3090339A,133.65
LOI3090340A,133.65
LOI3090341A,119.79
LOI3090342A,220.77
LOI3090343A,321.75
LOI3090344A,206.91
LOI3090345A,297.99
LOI3090346A,206.91
LOI3090347A,299.97
LOI3090348A,257.40
LOI3090349A,257.40
LOI3090350A,324.72
LOI3090352A,257.40
LOI3090353A,257.40
LOI3090354A,324.72
LOI3090356A,267.80
LOI3090357A,384.12
LOI3090358A,81.18
LOI3090359A,72.27
LOI3090360A,64.35
LOI3090361A,82.17
LOI3090362A,74.25
LOI3090363A,72.27
LOI3090364A,64.35
LOI3090365A,82.17
LOI3090366A,74.25
LOI3090367A,72.27
LOI3090368A,64.35
LOI3090369A,82.17
LOI3090370A,74.25
LOI3090371A,72.27
LOI3090372A,64.35
LOI3090373A,82.17
LOI3090374A,74.25
LOI3090375A,113.85
LOI3090376A,83.16
LOI3090377A,115.83
LOI3090378A,93.06
LOI3090379A,113.85
LOI3090380A,83.16
LOI3090381A,115.83
LOI3090382A,93.06
LOI3090383A,113.85
LOI3090384A,83.16
LOI3090385A,115.83
LOI3090386A,93.06
LOI3090387A,113.85
LOI3090388A,83.16
LOI3090389A,115.83
LOI3090390A,93.06
LOI3090391A,80.19
LOI3090392A,80.19
LOI3090393A,106.92
LOI3090394A,106.92
LOI3090395A,148.50
LOI3090396A,148.50
LOI3090398A,81.18
LOI3090399A,81.18
LOI3090400A,91.08
LOI3090401A,83.16
LOI3090402A,60.69
LOI3090403A,195.03
LOI3090404A,195.03
LOI3090405A,280.17
LOI3090406A,280.17
LOI3090407A,61.38
LOI3090409A,474.21
LOI3090410A,99.99
LOI3090416A,125.73
LOI3090417A,188.10
LOI3090418A,171.27
LOI3090419A,188.10
LOI3090420A,212.36
LOI3090421A,157.91
LOI3090422A,212.36
LOI3090423A,253.44
LOI3090424A,189.09
LOI3090425A,253.44
LOI3090426A,68.31
LOI3090427A,63.16
LOI3090428A,68.31
LOI3090429A,102.27
LOI3090430A,85.64
LOI3090431A,102.27
LOI3090432A,117.81
LOI3090433A,102.27
LOI3090434A,117.81
LOI3090435A,111.87
LOI3090436A,97.91
LOI3090437A,111.87
LOI3090438A,78.70
LOI3090439A,102.17
LOI3090440A,109.89
LOI3090444A,87.62
LOI3090445A,111.08
LOI3090446A,118.60
LOI3090447A,57.52
LOI3090448A,60.19
LOI3090449A,60.19
LOI3090450A,66.33
LOI3090451A,64.55
LOI3090452A,66.33
LOI3090453A,48.51
LOI3090454A,46.73
LOI3090455A,48.51
LOI3090456A,109.99
LOI3090457A,99.20
LOI3090458A,109.99
LOI3090459A,240.57
LOI3090460A,240.57
LOI3090461A,245.52
LOI3090462A,245.52
LOI3090463A,354.42
LOI3090464A,354.42
LOI3090465A,364.32
LOI3090466A,364.32
LOI3090467A,78.21
LOI3090468A,76.23
LOI3090471A,128.01
LOI3090472A,128.01
LOI3090473A,118.11
LOI3090474A,169.39
LOI3090475A,169.39
LOI3090476A,149.59
LOI3090477A,175.73
LOI3090478A,175.73
LOI3090479A,158.10
LOI3090480A,441.54
LOI3090482,54.45
LOI3090483A,48.51
LOI3090484A,51.48
LOI3090485A,51.48
LOI3090486A,70.29
LOI3090487A,90.09
LOI3090488A,90.09
LOI3090489A,59.40
LOI3090490A,63.36
LOI3090491A,63.36
LOI3090492A,84.15
LOI3090493A,98.01
LOI3090494A,98.01
LOI3090495A,98.01
LOI3090496A,111.87
LOI3090497A,111.87
LOI3090498A,122.76
LOI3090499A,144.54
LOI3090500A,144.54
LOI3090501A,92.07
LOI3090502A,95.04
LOI3090503A,95.04
LOI3090504A,113.85
LOI3090505A,132.66
LOI3090506A,132.66
LOI3090507A,59.40
LOI3090508A,62.37
LOI3090509A,62.37
LOI3090510A,83.16
LOI3090511A,99.99
LOI3090512A,99.99
LOI3090513A,141.57
LOI3090514A,153.45
LOI3090515A,153.45
LOI3090516A,176.22
LOI3090517A,194.04
LOI3090518A,194.04
LOI3090519A,113.85
LOI3090520A,123.75
LOI3090521A,123.75
LOI3090522A,146.52
LOI3090523A,164.34
LOI3090524A,164.34
LOI3090525A,123.75
LOI3090526A,136.62
LOI3090527A,136.62
LOI3090528A,156.42
LOI3090529A,177.21
LOI3090530A,177.21
LOI3090531A,47.52
LOI3090532A,50.49
LOI3090533A,50.49
LOI3090534A,69.30
LOI3090535A,84.15
LOI3090536A,84.15
LOI3090537A,102.96
LOI3090538A,105.93
LOI3090539A,105.93
LOI3090540A,127.71
LOI3090541A,146.52
LOI3090542A,146.52
LOI3090543A,85.14
LOI3090544A,89.10
LOI3090545A,89.10
LOI3090547A,66.13
LOI3090548A,54.25
LOI3090549A,43.56
LOI3090550A,36.73
LOI3090551A,71.28
LOI3090552A,59.40
LOI3090553A,48.71
LOI3090554A,39.50
LOI3090555A,71.28
LOI3090556A,59.40
LOI3090557A,48.71
LOI3090558A,39.50
LOI3090559A,97.71
LOI3090560A,112.96
LOI3090561A,112.96
LOI3090562A,76.73
LOI3090563A,93.36
LOI3090564A,93.36
LOI3090565A,65.93
LOI3090566A,82.47
LOI3090567A,82.47
LOI3090571A,169.29
LOI3090572A,187.11
LOI3090573A,187.11
LOI3090574A,83.16
LOI3090575A,48.61
LOI3090576A,51.38
LOI3090577A,51.38
LOI3090578A,138.01
LOI3090579A,121.37
LOI3090580A,138.01
LOI3090581A,98.90
LOI3090582A,103.95
LOI3090583A,103.95
LOI3090584A,147.91
LOI3090585A,133.55
LOI3090586A,147.91
LOI3090587A,153.35
LOI3090588A,138.01
LOI3090589A,153.35
LOI3090590A,109.89
LOI3090591A,95.93
LOI3090592A,109.89
LOI3090593A,73.36
LOI3090594A,76.23
LOI3090595,99.00
LOI3090596A,69.30
LOI3090597A,95.04
LOI3090598A,72.27
LOI3090599A,112.86
LOI3090600A,72.27
LOI3090601A,112.86
LOI3090602A,76.23
LOI3090603A,110.88
LOI3090604A,108.11
LOI3090605A,121.87
LOI3090606A,118.90
LOI3090607A,121.87
LOI3090608A,118.90
LOI3090609A,76.41
LOI3090610A,73.44
LOI3090611A,78.21
LOI3090612A,75.24
LOI3090613A,78.21
LOI3090614A,75.24
LOI3090615A,98.90
LOI3090616A,96.03
LOI3090617A,111.97
LOI3090618A,109.00
LOI3090619A,111.97
LOI3090620A,109.00
LOI3090621A,65.74
LOI3090622A,434.61
LOI3090623A,129.59
LOI3090624A,139.59
LOI3090625A,139.59
LOI3090626A,161.17
LOI3090627A,179.59
LOI3090628A,179.59
LOI3090629A,71.28
LOI3090630A,71.28
LOI3090631A,259.38
LOI3090639,17.62
LOI3090640,17.62
LOMIRA WB-AG,79.05
LOMIRA WB-BK,79.05
LOMIRA WB-NK,79.05
LONDON,157.34
LOR-9DL-13W-WH,11.55
LOREN TL-AGIV,45.82
LOREN TL-NKIV,45.82
LOREN-A1 5W Blk 100x150x100m,58.80
LORIA BF30-BKWH,34.36
LORIA BF40-BKWH,57.46
LORIENTE-1P CHAMPAGNE,183.98
LORIENTE-1P CLEAR,183.98
LORIENTE1P -SMOKE,183.98
LORSA EXWB1-BK,19.45
LORSA EXWB1-WH,19.45
LORSA EXWB2-BK,26.23
LORSA EXWB2-WH,26.23
LORY-Beige,35.26
LORY-Black,35.26
LOTUS1,82.79
LOTUS2,82.79
LOVEN BF30-CH,55.02
LOVISA FL-OAK,198.13
LOVISA FL-WL,198.13
LPLB15-7W-DL,4.40
LPLB15-7W-WW,4.40
LPLB22-12W-DL,9.90
LPLB22-12W-WW,9.90
LPLB22-7W-DL,4.40
LPLB22-7W-WW,4.40
LPLB22-9W-DL,4.95
LPLB22-9W-WW,4.95
LPLE14-7W-DL,4.40
LPLE27-12W-DL,9.90
LPLE27-12W-WW,9.90
LPLE27-7W-DL,4.40
LPLE27-7W-WW,4.40
LPLE27-9W-WW,4.95
LPLG24D-12W-DL,9.90
LPLG24D-12W-WW,9.90
LPLG24D-7W-DL,4.40
LPLG24D-7W-WW,4.40
LPLG24D-9W-DL,4.95
LPLG24D-9W-WW,4.95
LPR30E27-10W/B,11.00
LPR30E27-10W/D,11.00
LPR30E27-10W/R,11.00
LPR30E27-10W/W,11.00
LPR38E27-15W/D,11.55
LPR38E27-15W/G,11.55
LPR50E14-5W-DL,4.95
LPR63B22-8W-DL,7.70
LPR63B22-8W-WW,7.70
LPR63E27-8W-DL,7.70
LPR63E27-8W-WW,7.70
LPR80B22-10W-DL,9.90
LPR80B22-10W-WW,9.90
LPR80E27-10W-DL,9.90
LPR80E27-10W-WW,9.90
LR275E7GDR,6.64
LRD76-SI,39.33
LRL112-BL,17.74
LRL112-SS,17.74
LRL112-WH,17.74
LRL133-SC,35.01
LS-BC22,11.40
LS-E27,11.40
LSA-BL,103.36
LSA-WH,103.36
LSB-BL,91.49
LSB-WH,91.49
LSD-WH,300.71
LSDD-8W-DL/WH,6.60
LSDD-8W-WW/WH,6.60
LSG-BL,62.23
LSG-WH,62.23
LSH13-127,419.65
LSH13-231,82.49
LSH13-269,98.32
LSH13-363,109.11
LSH13-505,477.20
LSH14-228,82.49
LSH14-661,1486.76
LSH15-450,3393.17
LSH15-451,2386.01
LSH15-473,1737.35
LSH15-993,863.28
LSH16-110,1163.03
LSH68-727,20.62
LSH68-837,23.74
LSL141-BL,57.92
LSL142-BL,72.55
LSL222-BL,110.43
LSLB-P1-CH,23.39
LSLC-B2-CH,67.86
LSLC-B4-CH,126.38
LSLC-P1-CH,50.24
LSLN-B3-CH,138.01
LSLR-B2-SC,74.58
LSLR-B3-SC,86.93
LSLR-P1-SC,50.24
LSLS-B4-WH,95.44
LSLS-P1-WH,30.46
LSLS-P3-WH,94.84
LSLT-B3-CH,82.97
LSLT-P1-CH,50.60
LSLT-P4-CH,104.56
LSLX-B2-BL,86.09
LSLX-B2-GD,90.53
LSLX-B2-WH,86.09
LSLX-B3-BL,117.74
LSLX-B3-GD,123.98
LSLX-B3-WH,117.74
LSLX-P1-BL,44.85
LSLX-P1-GD,46.40
LSLX-P1-WH,44.85
LSLZ-B2-BL,94.48
LSLZ-B2-GD,99.28
LSLZ-B2-WH,94.48
LSLZ-P3-BL,118.22
LSLZ-P3-GD,122.30
LSLZ-P3-WH,118.22
LSM-1-BL,55.99
LSM-1-WH,55.99
LSM-10-BL,26.14
LSM-10-WH,26.14
LSM-11-CH,250.95
LSM-12-CH,138.25
LSM-14-WH,89.68
LSM-16-WH,155.87
LSM-2-BL,25.30
LSM-2-WH,25.30
LSM-3H-BL,18.23
LSM-3H-WH,18.23
LSM-4-BL,11.40
LSM-4-WH,11.40
LSM-6-SC,14.51
LSM-7-BL,47.00
LSM-7-WH,47.00
LSM-8-CH,158.03
LSM-8-HOS,182.01
LSM-9ROD-BL,52.04
LSM-9ROD-WH,52.04
LSP-WH,307.55
LSS-WH,353.11
LST-BL,77.94
LST-WH,77.94
LSW-BL,108.15
LSW-BS,108.15
LSW-WH,108.15
LSX,133.33
LSX-GLASS,10.79
LSY,71.35
LT4010,4.04
LT4011,4.04
LT4012,4.04
LT4012V1,14.05
LT4012V2,14.05
LT4013,4.04
LT4014,4.04
LT4015,4.04
LT4016,4.04
LT4017,4.04
LT40D01,4.96
LT40D02,4.96
LT40D03,4.96
LT40D04,4.96
LT40D07,4.96
LT40D08,4.96
LT8S-10W-CW,6.05
LT8S-20W-WW,9.35
LUC PT3-BK83-826,46.28
LUC PT5-BK324,40.11
LUC SP3-BK83-826,28.80
LUC SP5-BK83-826,36.00
LUC SP8-BK83-826,50.40
LUC.G13-BK83-826,29.83
LUC.G23-BK83-826,36.00
LUC.G3-AL83-826,22.63
LUC.G3-BK83-826,22.63
LUC.G5-AL83-826,27.77
LUC.G5-BK83-826,27.77
LUC.G8-BK83-826,41.14
LUCCA-25 Black,251.63
LUCCA-25 White,251.63
LUCCA-25 Wood,251.63
LUCCA-35 Black,341.00
LUCCA-35 White,341.00
LUCCA-35 Wood,341.00
LUCENT OY60-GD,605.79
LUCERNA-W1,130.89
LUCERNA1,130.89
LUCID PE065-BK,466.56
LUCID PE065-WD,466.56
LUCID PE180-BK,368.39
LUCID PE180-WD,368.39
LUDEK EX2-BK,38.05
LUGANO-8L,236.78
LUMA-WL16-BNZ,97.90
LUMINO-4L,803.99
LUNA-30,81.23
LUNA-50,218.84
LUNA-750,617.54
LUND1WLEDBLK,75.90
LUND1WLEDWHT,75.90
LUNOS OY23.3C-BK,29.03
LUNOS OY23.3C-WH,29.03
LUNOS OY30.3C-BK,39.04
LUNOS OY30.3C-WH,39.04
LUNOS OY40.3C-BK,59.05
LUNOS OY40.3C-WH,59.05
LUSSO-T1,113.81
LUSSO-T2,170.70
LUTO1EBLK,152.90
LUTO1EOBR,163.90
LUX-34 Mirror,328.90
LUX01-W-LUX03B-SH,207.90
LUX01-W-LUX03BL-SH,207.90
LUX01-W-LUX03G-SH,207.90
LUX01-W-LUX03W-SH,207.90
LUX01-W-PNTUBE,178.20
LUX03-P-LUX03B-SH,386.10
LUX03-P-LUX03BL-SH,386.10
LUX03-P-LUX03G-SH,386.10
LUX03-P-LUX03W-SH,386.10
LUX03-P-PNTUBE,297.00
LUX05-P-LUX03B-SH,613.80
LUX05-P-LUX03BL-SH,613.80
LUX05-P-LUX03G-SH,613.80
LUX05-P-LUX03W-SH,613.80
LUX05-P-PNTUBE,465.30
LUX09-P-LUX03B-SH,1138.50
LUX09-P-LUX03BL-SH,1138.50
LUX09-P-LUX03G-SH,1138.50
LUX09-P-LUX03W-SH,1138.50
LUX09-P-PNTUBE,871.20
LUXIA C38R-RGB,184.19
LUXIA C38S-RGB,186.07
LUXIA C45R-RGB,248.71
LUXIA C45S-RGB,281.44
LUXIA C55R-RGB,332.86
LUXIA C55S-RGB,350.62
LUXIA PE120-RGB,221.59
LV731-SS,74.94
LV732-SS,74.94
LVDD-10W-CW/SW,8.80
LVDD-10W-CW/WH,8.80
LVDD-10W-DL/SW,8.80
LVDD-10W-WW/SW,8.80
LVDD-10W-WW/WH,8.80
LVDD-12W-CW/WH,9.90
LVDD-12W-DL/SW,9.90
LVDD-12W-WW/SW,9.90
LVDD-12W-WW/WH,9.90
LVPC-12W-WW/WH,22.00
LVPS-12W-DL/WH,16.50
LVPS-12W-WW/WH,16.50
LVPU-12W-CW/WH,19.25
LVPU-12W-DL/WH,19.25
LVPU-12W-WW/WH,19.25
LW7122WH,61.05
LW7401BK,22.00
LW7411WH,52.25
LW7801SIL,14.19
LWCL-10WDL,18.15
LWCL-10WW,18.15
LWCL-20WW,24.75
LWOL-10WDL,18.15
LWOL-10WW,18.15
LWOL-20WDL,24.75
LWOL-20WW,24.75
LX162-CC,51.80
LX163-CC,62.47
LX164-CC,64.87
LYDIA BF-FR,27.12
LYMAN TL-AGGN,81.35
LYMAN TL-GMSM,81.35
LYNDRA FL-BZNAT,118.75
LYNDRA FL-GMBK,118.75
LYNDRA TL-BZNAT,73.87
LYNDRA TL-GMBK,73.87
LYNX1,23.66
LYON,124.07
LYON1ECHA,72.60
LYON1ESLV,72.60
LYON1EWHT,72.60
LYRA1,6.55
LYRA3,6.55
LYRIC OY30-WD3C,60.03
LYRIC OY40-WD3C,85.04
LYRIC OY50-WD3C,114.07
Lima1,118.26
Lima2,118.26
M1003VKIT,13.19
M1006VKIT,14.53
M1503VKIT,13.52
M1506VKIT,18.08
M2HDLXWH,109.38
M4HDLXWH,126.59
M800,448.06
M801,448.06
MA1018CCT,15.29
MA1024CCT,17.92
MA1036CCT,33.74
MA1071BLK,25.63
MA1071PWT,16.50
MA14-W-SN,13.60
MA1806SN,8.15
MA1806WHITE,8.15
MA1808SN,8.16
MA1808WHITE,12.84
MA2751-SN,15.29
MA2752-SN,25.27
MA3938-6,27.50
MA418-5K,40.77
MA4918,18.41
MA4930,25.80
MA6815WHT-CCT,36.11
MA7111,47.07
MA906C-BLK,11.13
MA906W-SN,11.06
MA908W-SN,17.74
MA94BC,5.05
MA97BLK,14.64
MACRO DL105-BK3C,14.31
MACRO DL105-WH3C,14.31
MAD1ELGBLK,132.00
MAD1ELGBRZ,132.00
MAD1ELGWHT,132.00
MAD1ESMBLK,94.60
MAD1ESMBRZ,94.60
MAD1ESMWHT,94.60
MADE2EBLK,52.80
MADE2EWHT,52.80
MADRAS WB120-BK,123.42
MADRAS WB120-WH,123.42
MADRAS WB60-BK,93.50
MADRAS WB60-WH,93.50
MADRAS WB90-BK,105.66
MADRAS WB90-WH,105.66
MADRID TL-BKWH,158.02
MADRID TL-BLWH,158.02
MADRID TL-GNWH,158.02
MADRID TL-RDWH,158.02
MADRID-Black,58.80
MADRID-Silver,58.80
MADRID-White,58.80
MAGGIORE,99.94
MAGILL-T/L Black Shade,247.17
MAGILL-T/L White Shade,247.17
MAGNUM1,66.20
MAGNUM2,66.20
MAGNUS PE35-CH,111.27
MAL1404TI,310.31
MALABO EX.P-BK,153.25
MALABO EX.P-GY,153.25
MALABO EX.P-RST,153.25
MALAGA-Black,58.80
MALAGA-Silver,58.80
MALIN PE-BK,203.64
MALIN PE-GN,203.64
MALIN PE-GY,203.64
MALLORY EX30-BK,65.82
MALLORY EX40-BK,96.68
MALONE WB-AGWH,25.53
MALONE WB-BKWH,25.53
MALONE WB-NKWH,25.53
MALTA-1P Black,65.50
MALVERN FL3-AS,251.52
MALVERN PE03-AS,158.02
MALVERN PE08-AS,447.87
MALVERN PE12-AS,588.12
MALVERN TL2-AS,97.24
MALVERN WB2-AS,92.57
MAMBO-Black,80.85
MAMBO-Red,82.56
MAMBO-White,77.44
MAMO EX18-BK,72.65
MAMO EX18-WH,72.65
MAMO EX25-BK,129.59
MAMO EX25-WH,129.59
MAN01S-T-MAN01G-S,173.80
MAN04S-W-MAN03BL-SH,114.40
MAN04S-W-MAN03G-SH,114.40
MAN08-W,107.80
MANDEL TL-AG,32.02
MANDEL TL-BK,32.02
MANDEL TL-NK,32.02
MANDEL TL-WH,32.02
MANGA1,65.12
MANGA2,65.12
MANGA3,65.12
MANGA4,65.12
MANGA5,65.12
MANOLO TL-TLBRN,260.87
MANOR-28 Led Mirror,293.10
MANOR-32 Led Mirror,395.45
MANU1,82.06
MANU2,82.06
MAPEL TL-ABBKM,143.06
MARACA1,125.50
MARACA2,125.50
MARACA3,125.50
MARACA4,125.50
MARACA5,125.50
MARB1EAGB,163.90
MARB1EBLK,152.90
MARBELL CTC6ABAM,176.11
MARBELL CTC6BKSM,150.07
MARBELL CTC8ABAM,203.13
MARBELL CTC8BKSM,177.09
MARBELL FL-ABAM,107.06
MARBELL FL-BKSM,86.07
MARBELL PE5-ABAM,170.08
MARBELL PE5-BKSM,143.10
MARBELL TL-ABAM,55.02
MARBELL TL-BKSM,46.05
MARBELL WB-ABAM,48.06
MARBELL WB-BKSM,41.05
MARBRE1,75.77
MARBRE2,75.77
MARBRE3,75.77
MAREN DL44RD-MC,11.69
MAREN DL44SQ-MC,11.69
MARIKA-T/L (Grey Marble),213.02
MARINA 18-850,45.82
MARINA-1P Bronze,404.91
MARINA1,78.27
MARINA2,78.27
MARISA-4L Bronze,606.15
MARISA-4L Chrome,606.15
MARISA-6L Bronze,822.75
MARISA-6L Chrome,822.75
MARISA-8L Bronze,1058.15
MARISA-8L Chrome,1058.15
MARISA-A1 Bronze,174.19
MARISA-A1 Chrome,174.19
MARKA-1L Black Bronze,324.56
MARKA-4L Black Bronze,728.09
MARKA-8L Black Bronze,941.00
MARKET PE31-CH,129.97
MARMOL1,113.81
MARMOL2,113.81
MARMOL3,113.81
MARMOL4,113.81
MAROCCO-Black,245.30
MAROCCO-Red,245.30
MAROCCO-White,245.30
MARQUES EX-BK,54.51
MARRAKESH01,317.23
MARRAKESH02,206.86
MARRAKESH03A,206.86
MARRAKESH04,124.09
MARRAKESH05,220.66
MARRAKESH06,317.23
MARRAKESH07,206.86
MARRAKESH08,206.86
MARRAKESH09,124.09
MARRAKESH10,220.66
MARSTEN PE12-AGO,417.24
MARSTEN PE12-BKO,401.54
MARSTEN PE5-AGOM,230.71
MARSTEN PE5-BKOM,215.99
MARSTEN PE7-AGOM,293.54
MARSTEN PE7-BKOM,264.09
MARSTEN PE8-AGOM,293.54
MARSTEN PE8-BKOM,264.09
MARSTEN WB-AGOM,48.11
MARSTEN WB-BKOM,46.14
MARTA-T/L Chrome,260.98
MARTA-T/L Gold,260.98
MARTE-12-Chrome Small,329.51
MARTE-12-Gold Small,329.51
MARTE-25 Large-Crystal,4518.09
MARTE-25 Large-Glass,2954.77
MARTE-25 Small Chrome,1460.03
MARTE-25 Small Gold,1460.03
MARTE-3 Chrome,188.27
MARTE-3 Gold,188.27
MARTE-5 Chrome,223.58
MARTE-5 Gold Crystal,257.79
MARTE-6+3 Chrome,270.66
MARTE-6+3 Gold,270.66
MARTE-8 Chrome,258.88
MARTE-8 Gold,258.88
MARTE-A1-Chrome,65.84
MARTE-A1-Gold,65.84
MARTE-A2-Chrome,82.33
MARTE-A2-Gold,82.33
MARTE1,103.39
MARTE2,103.39
MARTE3,103.39
MARTHOS FL-BKAG,242.17
MARTIN-1P Gold,988.90
MARVIN PE1O-BKGD,73.63
MARVIN PE1R-BKGD,73.63
MARVIN PE1S-BKGD,73.63
MASA-12 Blk W/B 12W 600x160x75m,94.11
MASH-8W Solar Light,39.27
MASON1,109.69
MASON2,109.69
MASON3,109.69
MASON4,92.81
MASON5,92.81
MASON6,92.81
MASON7,92.81
MASON8,92.81
MASON9,92.81
MASTO WB1-WH83,45.82
MASYA PE-AB,158.02
MATI1PBLK,97.90
MATI1PGLD,108.90
MATI1PPN,104.50
MATI1WBLK,104.50
MATI1WGLD,119.90
MATI1WPN,115.50
MATIAS TL-BKAG,72.37
MATILDA TL-BKAG,186.07
MATRIX-1,138.99
MATRIX-2,187.44
MATRIX-B,107.64
MATRIX-W,107.64
MAXIM10,320.74
MAY BF20-CH,39.27
MAZZA,163.90
MBL001WHT,45.17
MBL002BLK,48.51
MBL002WHT,48.51
MC1000BKCCT,23.23
MC1001BKCCT,29.05
MC1015,27.50
MC1021,25.83
MC1221,38.68
MC809-16-S/Ch,121.83
MC812-12,45.21
MC812-16,62.37
MC812-20,135.91
MD2052-30-Silv,218.74
MD2052-40-Silv,312.51
MD2052-80-Silv,937.86
MD380W-TRI,13.75
MD385W-TRI,15.95
MD4005-3-Beige,232.93
MD4005-3-Black,232.93
MD4005-9-Black,468.88
MD4106W-CCT,5.70
MD4209W-CCT,6.29
MD4209WP10,60.25
MD4212W-CCT,10.00
MD4309WL-CCT,15.79
MD4309WLG-CCT,17.29
MD4309WP-CCT,22.98
MD490B-TRI,5.17
MD490S-TRI,5.17
MD490W-TRI,5.17
MD510B-SW,15.29
MD510S-SW,16.35
MD510W-SW,15.29
MD555W-3,20.38
MD595B-CCT,25.46
MD595W-CCT,25.46
MD599S-5,23.98
MD60221/10BK,1650.00
MD630S-3,5.09
MD635S-5,7.14
MD635W-5,7.14
MD640S-5,7.14
MD664B,44.00
MD664W,44.00
MD666B-TRI,48.79
MD666TB-TRI,96.64
MD666TW-TRI,96.64
MD666W-TRI,48.79
MD780B-CCT,12.87
MD780W-CCT,13.00
MD8209CCT,11.00
MD8213CCT,25.93
MD8215CCT,29.73
MD8220CCT,36.12
MD92CHAIN,6.60
MDA001,1.38
MDC146,15.55
MDCS02WHT,40.62
MDCS11,7.90
MDCS12,7.90
MDET240,4.61
MDET566,11.81
MDF6,66.69
MDG6,66.69
MDIY001BLK,21.89
MDIY001WHT,21.89
MDIY002BLK,15.31
MDIY004,33.24
MDL-16D-16W-930,41.61
MDL-16D-510G3,24.22
MDL-16D-840G2,29.17
MDL-16D-850,29.17
MDL-503-WH,8.32
MDL-601-NK,6.55
MDL-601-WH,4.49
MDL-613-BK,9.26
MDL-613-WH,9.26
MDL-703-WH,11.22
MDL10-NEW,21.48
MEDINA PE30-AB,210.38
MEDIO-2 BLACK,98.95
MEDIO-2 WHITE,98.95
MEDUSA-A1-12V White,259.55
MEL001,10.39
MELANIA TL-GDWH,128.10
MELO-1L BLACK,71.45
MELO-1L BLACK SENSOR,83.38
MELO-1L S/CHROME,72.98
MELO-1L S/CHROME SENSOR,87.89
MELO-2L BLACK,87.89
MELO-2L BLACK SENSOR,96.75
MELO-2L S/CHROME,93.83
MELO-2L S/CHROME SENSOR,102.74
MENTERA-3 ROUND,230.01
MENTERA-4L X BAR,337.04
MENTERA-6L ROUND,405.96
MENTERA-8L ROUND,446.55
MENTERA-A1 W/B,75.68
MENTO FL-DGYAB,210.38
MENTO FL-WHAB,210.38
MESSINA-18W RD LED 6500K,45.93
MESSINA-18W SQ LED 4000K/6500K,45.93
MESSINA-24W RD LED 4000K/6500K,57.70
MESSINA-24W SQ LED 4000K/6500K,57.70
MESTOLO1,142.15
MESTOLO2,73.93
METI01,1468.71
METI02,903.80
METI03W,421.72
METR6P,383.90
METR8P,493.90
MF3625S-3,24.30
MF3648CCT,68.52
MF5020CCT,26.18
MF5040CCT,49.96
MFL001,88.23
MFL002,61.60
MFL003,70.33
MFL006,107.01
MFL012,107.01
MFL013BLK,97.01
MFL013NAT,97.01
MFL017,69.87
MFL041,105.45
MFL044,48.28
MG-1L Post and Top,993.96
MG/1-Post Top Only,496.98
MG1631M-BLK,71.51
MG2031S,57.20
MG2621WHT,109.81
MG3131,66.81
MG3431L-BLK,28.27
MG3431L-NKL,28.27
MG3981,62.15
MG4061,99.62
MG4131S,76.02
MG4231S,177.08
MG5641BLK,72.38
MG6031L,162.66
MG6031S,121.47
MG6221S,85.49
MG6531S,81.38
MG6931L-WHT,141.00
MG8631COG,52.80
MG9031L,111.55
MG9031S,72.75
MGL010DB-D,5.47
MGL010DE-D,5.47
MGL010WB-D,5.47
MGL010WE-D,5.47
MGL020DB-D,6.35
MGL020DE-D,6.35
MGL020WB-D,6.35
MGL020WE-D,6.35
MGL030DB-D,7.61
MGL030DE-D,7.61
MGL030WB-D,7.61
MGL040DB-D,8.95
MGL040DE-D,8.95
MGL040WB-D,8.95
MGL040WE-D,8.95
MGL060DSB-D,4.27
MGL060DSE-D,4.27
MGL060WSB-D,4.27
MGL060WSE-D,4.27
MGL062DSB-D,4.27
MGL062DSE-D,4.27
MGL062WSB-D,4.27
MGL062WSE-D,4.27
MGL068D,3.03
MGL068W,3.03
MGL069D,3.03
MGL070DSE,3.66
MGL070WSE,3.66
MGL071DSE,4.27
MGL071WSE,6.06
MGL072DE,5.45
MGL072WE,5.45
MGL075DE,6.35
MGL075WE,6.35
MGL080D-D,5.42
MGL080GD,4.54
MGL080GW,4.54
MGL080W-D,5.42
MGL082D-D,5.42
MGL082GD,4.54
MGL082GW,4.54
MGL082W-D,5.42
MGL090D-D,6.51
MGL090GD,4.76
MGL090GW,4.76
MGL090W-D,6.51
MGL092D-D,6.51
MGL092GD,4.76
MGL092GW,4.76
MGL092W-D,6.51
MGL274,14.88
MGL280-D,5.47
MGL282-D,7.13
MGL284,3.17
MGL285,3.17
MGL288B,3.17
MGL288G,3.17
MGL288O,3.17
MGL288R,3.17
MGL288Y,3.17
MGL289B,3.17
MGL289G,3.17
MGL289O,3.17
MGL289R,3.17
MGL289Y,3.17
MGM-6L,988.90
MGM-8L,1428.90
MGM-A2 Gold,214.50
MHCAP-150,7.19
MI57100D,126.57
MI57120D,137.59
MI57150D,148.64
MI57200D,184.05
MI57REMOTE,30.58
MI57SEN,50.96
MI7020CCTDP,30.00
MI7040CCTDP,46.19
MI7120CCTDP,13.20
MI8220TRI,34.14
MI8240BAT,98.49
MI8240TRI,48.71
MI8260TRI,67.85
MI8520TRI,19.36
MI8540TRI,30.02
MI9000,15.40
MI9200,19.80
MIAMI-12L Black-Opal G9,768.90
MIAMI-12L Black-Smoke G9,768.90
MIAMI-12L Gold-Amber G9,878.90
MIAMI-12L Gold-Opal G9,878.90
MIAMI-12L White-Opal G9,768.90
MIAMI-20L Black-Opal G9,1419.00
MIAMI-20L Black-Smoke G9,1419.00
MIAMI-20L Gold-Amber G9,1639.00
MIAMI-20L Gold-Opal G9,1639.00
MIAMI-20L White-Opal G9,1419.00
MIAMI-6L Black-Opal G9,317.90
MIAMI-6L Black-Smoke G9,317.90
MIAMI-6L Gold-Amber G9,438.90
MIAMI-6L Gold-Opal G9,438.90
MIAMI-6L White-Opal G9,317.90
MIAMI-A1 Black / Opal,64.90
MIAMI-A1 Black / Smoke,64.90
MIAMI-A1 Gold / Amber,71.50
MIAMI-A1 Gold / Opal,71.50
MIAMI-A1 White / Opal,64.90
MIAMI-A2 Black / Opal,130.90
MIAMI-A2 Black / Smoke,130.90
MIAMI-A2 Gold / Amber,136.40
MIAMI-A2 Gold / Opal,136.40
MIAMI-A2 White / Opal,130.90
MIKA FL3-GY,146.79
MIKA PE03-GY,163.62
MIKA PE14-GY,36.47
MIKA PE18-GY,50.49
MIKA TL-GY,46.75
MIKRO1,51.04
MIKRO2,51.04
MILAZO PE60-CH3K,788.21
MILAZO PE60-GD3K,788.21
MILAZO WB2-CH3K,45.82
MILAZO WB2-GD3K,45.82
MIMA-1L Concrete Pdt,95.26
MIMOSA PE61-MC,513.32
MINARO-T/L Beige Shade,146.63
MINDY FL-BK,49.93
MINDY FL-BRW,49.93
MINDY FL-GN,49.93
MINDY FL-WH,49.93
MINDY TL-BK,36.47
MINDY TL-BRW,36.47
MINDY TL-GN,36.47
MINI-3Bollard,154.77
MINIGRAB,13.33
MINOLTA-1L Black,57.97
MINOLTA-1L Silver,57.97
MIO PE80-BK,638.61
MIRAMONTE-LG W/B,148.72
MIRAMONTE-SM W/B,104.06
MIRANDA-1L PDT SMOKE,162.31
MIRANO-WL60-BLK,97.90
MIRANO-WL90-BLK,107.80
MIRIANA-1P Black,132.55
MIRIANA-1P Chrome,132.55
MIRIANA-1P Gold,132.55
MIRIANA-3P CHROME,296.29
MIRO EX1-BK,20.57
MIRO EX1-GY,20.57
MIRO EX1-WH,20.57
MIRO EX2-BK,27.77
MIRO EX2-GY,27.77
MIRO EX2-WH,27.77
MIRROR-25 Smoke,110.11
MIRROR-25 Smoke(Special 4M)NETT,171.00
MIRROR-35 Smoke,178.59
MIRROR-35 Smoke(Special 4M)NETT,239.53
MIRROR-40 Smoke,208.40
MIRROR-40 Smoke(Special 4M)NETT,269.28
MIRTILLO-6L Black,293.10
MIRTILLO-6L Gold,304.87
MIRTILLO-8L Black,328.41
MIRTILLO-8L Gold,351.94
MISARU TL-BK,42.54
MISARU TL-BL,42.54
MISARU TL-GDBK,42.54
MISARU TL-PK,42.54
MISARU TL-WH,42.54
MISTY TL-SL,64.05
ML10028CCT,24.12
ML10040CCT,38.39
ML15020SEN-5,42.89
ML15040SEN-5,62.39
ML3541,162.32
ML5018Y,23.43
ML5036Y,37.65
ML7224WHT,219.73
MLC001,16.57
MLVA001WH,33.95
MLX610,43.30
MNL001,17.61
MNL002,17.61
MODE-1 LED Round,109.28
MODE-10 LED Square,109.28
MODE-9 LED Round,109.28
MODE1ECHA,31.90
MODE1EWHT,31.90
MODELLO1,51.16
MODELLO2,51.16
MODRIC FL-BKGD,139.32
MODRIC FL-GY,139.32
MODRIC TL-BKGD,83.22
MODRIC TL-GY,83.22
MOHAN TL38-GY,83.22
MOHAN TL38-SD,83.22
MOLENA PE10-CH,416.08
MOLENA PE10-GD,416.08
MOLENA PE10RE-CH,408.60
MOLENA PE10RE-GD,408.60
MOLENA PE5-GD,194.48
MOLENA PE6-CH,227.21
MOLENA PE6-GD,227.21
MOLENA PE8-CH,302.94
MOLENA PE8-GD,302.94
MOMDC100,62.64
MOMDC150,82.47
MONDO-3,600.05
MONDO-6,652.14
MONIKA-3,430.32
MONIKA-5,545.60
MONIKA-8-4,1233.48
MONT1EBLK,153.45
MONT1EOBR,161.15
MONTE PE12-BRS,1056.55
MONTE PE16-BRS,1009.80
MONTE PE8-BRS,747.07
MONTE WB3-BRS,199.16
MONTEAL PE1-AGBK,154.28
MONTEAL PE4-AGBK,223.47
MONTECARLO-12L Long,1428.90
MONTECARLO-12L Square,1318.90
MONTECARLO-8L Square,988.90
MONTERO 1.2 Gold                         NETT,276.60
MONTERO 1.2 Woodgrain             NETT,281.33
MONTERO 1.8 Gold                         NETT,382.53
MONTERO 2.4 Gold                        NETT,469.65
MONTERO-12 LED Black 1180mm,253.11
MONTERO-12 LED Silver 1180mm,253.11
MONTERO-12 LED White 1180mm,253.11
MONTERO-18 BLACK,350.57
MONTERO-18 SILVER,350.57
MONTERO-18 WHITE,350.57
MONTERO-24 BLACK,445.34
MONTERO-24 SILVER,445.34
MONTERO-24 WHITE,445.34
MOONLIGHT-30W LED OYSTER,69.85
MORA1EBLK,48.40
MORA1EWHT,48.40
MORAN PE03-AGOP,101.92
MORAN PE03-BKOP,92.57
MORAN PE03-BKSM,92.57
MORAN PE09-AGOP,279.57
MORAN PE09-BKSM,229.08
MORAN PE14-AGOP,427.06
MORAN PE14-BKOP,377.97
MORAN PE14-BKSM,377.97
MORAN PE18-AGOP,535.05
MORAN PE18-BKOP,470.26
MORAN PE18-BKSM,470.26
MORAN WB04-AGOP,126.65
MORAN WB04-BKOP,126.65
MORENO PE5-AS,354.37
MORENO PE8-AS,527.34
MORENO WB-BK,70.12
MORENO2 PE3-AG,248.15
MORENO2 PE3-AS,248.15
MORENO2 PE3-BK,248.15
MORENO2 PE5-AG,389.19
MORENO2 PE5-AS,389.19
MORENO2 PE5-BK,389.19
MORENO2 PE8-AG,589.28
MORENO2 PE8-AS,589.28
MORENO2 PE8-BK,589.28
MORENO2 WB-AG,76.02
MORENO2 WB-AS,76.02
MORENO2 WB-BK,76.02
MORNET PE-GDCL,381.90
MORO WB-BKGY,79.48
MORO WB-BRWBK,79.48
MORO WB-GNBK,79.48
MORO WB-OGGY,79.48
MOSARI CTC3-BK,83.22
MOSARI CTC3-GD,83.22
MOSARI CTC7-BK,176.72
MOSARI CTC7-GD,176.72
MOSARI TL-BK,45.82
MOSARI TL-GD,45.82
MOSARI WB-BK,31.79
MOSARI WB-GD,31.79
MOTION1,42.55
MOTION2,57.24
MOTION3,42.55
MOTION4,57.24
MOTTA-6,2516.25
MP0931WHT,65.98
MP3531L,45.65
MP3531S,42.35
MP3731L,171.44
MP3731S,103.92
MP4931L-BLK,74.68
MP4931S-BLK,40.74
MP4931S-WHT,40.74
MP6937,46.94
MP8021,44.34
MP9131,145.52
MP9731,83.90
MPC627,7.26
MPC728,9.62
MPH1000,231.85
MPH1500,264.83
MPH2000,291.02
MPH2400,328.85
MPL001L,140.66
MPL001R,14.03
MPL001S,126.12
MPL505BLK,70.33
MPL505BRS,70.33
MPLS001BLK-L,203.72
MPLS001BLK-S,116.41
MPLS002NAT-L,182.79
MPLS002NAT-S,107.66
MPLS003,28.35
MPLS004BLK,43.46
MPLS004WHT,43.46
MPLS005,72.47
MPLS005SMK,74.59
MPLS006BLK,174.03
MPLS006BRS,184.79
MPLS013BLK,101.20
MPLS013NAT,101.20
MPLS015,63.82
MPLS016BLK,55.00
MPLS016GRY,58.07
MPLS016WHT,55.00
MPLS017,75.64
MPLS021BLK,110.00
MPLS021WHT,110.00
MPLS022,58.39
MPLS023BLK,64.76
MPLS023NAT,43.66
MPLS024BLK,40.27
MPLS024NAT,58.20
MPLS026,23.65
MPLS028L-BLK,229.45
MPLS028S-BLK,146.50
MPLS028S-BRS,207.58
MPLS029L-BLK,49.50
MPLS029L-BRS,49.50
MPLS029S-BLK,44.00
MPLS029S-BRS,44.00
MPLS030L-AMB,62.11
MPLS030L-SMK,61.95
MPLS030S-AMB,50.68
MPLS030S-SMK,63.05
MPLS031,225.40
MPLS031BLK,178.67
MPLS035,41.23
MPLS502BLK,66.00
MPLS502WHT,64.22
MPLS503,62.00
MPLS511BLK-S,54.20
MPLS511WHT-S,54.20
MPLS512L,112.01
MPLS515BLK,66.00
MPLS516,83.04
MPLS533S,87.21
MPP02GWE,31.16
MR11-20-A20,3.96
MR11-HPLED-WH,15.83
MR1101,19.65
MR1102,19.65
MR16-20-D38,3.48
MR16-35-D38,3.23
MR16-50-A38,3.23
MR16-50-D38,3.23
MR16-8WLED-WW,5.16
MR16-HPLED-BE,11.51
MR16-HPLED-CW,4.80
MR16-HPLED-GN,17.03
MR16-HPLED-WW,4.80
MR16-NBLED-WW,6.24
MR1601A,6.15
MR1602A,6.15
MR16B01A,9.68
MR16D-WBLED-WW,21.82
MR16G01A,9.68
MR16GREENC,3.81
MR16R01A,9.68
MR16TRI1,7.30
MR16TRI24V1,8.59
MR2DXBL,216.60
MR2DXWH,207.86
MR4DXBL,258.37
MR4DXWH,249.79
MRHGXBL,467.35
MRHGXWH,458.65
MRPQBL,417.30
MRPQWH,408.56
MS1053-BA,35.01
MS125-BL,35.38
MS125-OR,35.38
MS125-RD,35.38
MS125-WH,35.38
MS150-GY,55.99
MS190-BL,11.87
MS190-SC,11.87
MS190-WH,11.87
MS20223-GD,178.89
MS2254-CH,46.17
MS2400-BLWH,169.06
MS2400-WHSI,169.06
MS250-NI,50.96
MS270-GY,86.45
MS29020-BA,37.65
MS29202-BA,23.86
MS300-LED-SC,78.06
MS320-CO,47.00
MS320-NI,35.73
MS335-BA,20.62
MS336-BA,33.57
MS341-BA,35.73
MS34202-BA,39.08
MS349-BA,59.36
MS350-BZ,80.94
MS350-NI,50.60
MS40-WH,93.89
MS400-BLWH,98.20
MS400-WHSI,98.20
MS420-GY,143.29
MS47402-BA,51.56
MS500-BLWH,151.68
MS500-WHSI,151.68
MS600-BLWH,205.27
MS600-WHSI,205.27
MS70357-CO,59.24
MS70358-CO,59.24
MS9250-WH,41.60
MS9411-BLBS,136.44
MS9412-BLBS,101.32
MS9413-BLBS,101.20
MS9450-BL,80.94
MSB-BB,9.35
MSB-BL,9.35
MSB-BS,9.35
MSB-CH,9.35
MSB-SC,9.35
MSC-BB,22.19
MSC-BL,20.26
MSC-CO,26.26
MSC-SC,22.19
MSC-WH,20.26
MSL213,94.09
MSL215,113.50
MSL30100,111.96
MSL3050,81.94
MST-BL,9.47
MST-SC,9.47
MTBL001-L,48.51
MTBL001-S,24.06
MTBL002-S,22.34
MTBL008BLK,44.77
MTBL008BRS,53.63
MTBL008GRN,44.77
MTBL008WHT,44.77
MTBL011,11.69
MTBL013-L,32.06
MTBL015,54.69
MTBL016,47.08
MTBL019GRY,84.34
MTBL023BLK,12.63
MTBL025PNK,26.18
MTBL026,40.39
MTBL027,100.55
MTBL028,60.49
MTBL031GRY,70.42
MTBL031WHT,70.14
MTBL033,40.16
MTBL034NAT,51.27
MTBL036,38.29
MTBL037,59.65
MTBL041,71.20
MTBL042BLK,36.63
MTBL042WHT,36.11
MTBL043,34.30
MTBL044,31.25
MTBL047,41.01
MTBL049PNK,27.52
MTBL050,98.08
MTBL058BLK,35.48
MTBL058GRN,35.48
MTBL058WHT,35.48
MTBL064,24.26
MTBL066,25.72
MTBL070,31.53
MTBL080BLK,43.66
MTBL080NAT,43.66
MTFL005,76.97
MTFL011,59.50
MTFL036,81.68
MTFL051BLK,144.03
MTFL051BRS,144.03
MTK2212BKCCT,40.26
MTK2212WHCCT,40.26
MTL002,43.66
MTL010BLK,18.23
MTL011,34.65
MTL013WHT,37.81
MTL020BLK,53.78
MTL020WHT,53.78
MTL025WHT,43.47
MUC150,9.85
MUC151,12.21
MUC152,14.94
MUC153,17.67
MULTIREMOTE,11.58
MUN-150LN-40W-GP,422.73
MUN-1PN-E27-GP,138.60
MUN-22WL-2GU10-GP,46.20
MURILLO-37,104.06
MURILLO-50,164.67
MUSAN RD.24-BK,18.51
MUSAN SQ.24-BK,19.54
MW1707WHT,17.44
MW1714WHT,38.62
MW1811RBLK,19.40
MW1811RWHT,19.40
MW1811SBLK,19.40
MW1811SWHT,19.40
MW2902BLK-CCT,50.53
MW2902WHT-CCT,50.53
MW5611BLK,45.19
MW5611BRZ,45.19
MW6818BLK-CCT,112.18
MW6818WHT-CCT,112.18
MW6911S,37.77
MW7111BLK,48.03
MW7111WHT,44.73
MW8611BLK-3,31.87
MW8611BLK-4,28.03
MWL001BRS,33.34
MWL002BLK,17.83
MWL002WHT,17.11
MWL004BLK,33.95
MWL004BRS,38.81
MWL005BLK-3,58.01
MWL005BLK-4,35.40
MWL005WHT-3,35.40
MWL005WHT-4,35.40
MWL007WHT,21.78
MWL009BLK,34.64
MWL009BRS,34.64
MWL013,23.29
MWL014,32.99
MWL017,49.50
MWL026,24.97
MX10112BLK,13.20
MX104100BLK-5,101.39
MX106120,24.20
MX106130,30.80
MX10630BLK-5,48.32
MX1210O-CCT,15.41
MX1210O-CCT-SEN,33.23
MX1210O-SEN,32.64
MX1210R-CCT,17.69
MX1210R-CCT-SEN,34.93
MX1611GT,73.98
MX20150BLK-RGB,56.31
MX20320BLK,15.20
MX20330BLK,26.10
MX20330BLK-SEN,38.17
MX20350BLK,36.81
MX20350BLK-SEN,48.84
MX3603BLK,117.21
MX4011-BGE-SEN,49.74
MX4011-BLK-SEN,49.74
MX4011-WHT-SEN,49.74
MX4011BGE,25.07
MX4011BLK,25.07
MX4011WHT,25.07
MX4071BLK,25.33
MX4412S,107.44
MX4971BLK,35.29
MX5911CCT,42.17
MX6512BLK,35.44
MX7391BLK,73.03
MX7391P-BLK,182.56
MX8606L,10.20
MX88011S,73.98
MX913-3 Black,141.08
MX913-6 Black,189.15
MX913-9 Black,264.88
MX9506BLK-CCT,40.26
MX9506WHT-CCT,40.26
MX9512BLK-CCT,51.13
MX9512WHT-CCT,51.13
MX955 Bronze,248.60
MX956-A1 A/Brass,103.18
MX956-A2 A/Brass,177.21
MX959-A1 A/Brass,116.93
MX959-A2 A/Brass,196.08
MX966 3+2 S/Chrome,206.36
MX966 5+2 Chrome,282.10
MX966-15-A/Brass,775.67
MX966-15-S/Chrome,775.67
MX966-3+2-A/Brass,206.36
MX966-5+2A/Brass,282.10
MX966-A1 S/Chrome,96.36
MX966-A1-A/Brass,96.36
MX967-3-A/Brass,232.21
MX967-A1 A/Brass,118.64
MXB1010CCT,51.81
MXB1020CCTBLK,13.24
MXB1020CCTWHT,13.24
MXB1BLK,34.74
MXB1GR,34.74
MXC1010BGE,21.78
MXC1010BLK,21.78
MXD1010,36.06
MXD1011,60.84
MXD1020,35.12
MXD1021,44.05
MXD1030,32.79
MXD1031,30.64
MXD1032,32.79
MXD1033,30.64
MXD1035,20.42
MXD1035-SEN,34.47
MXD1040,21.84
MXD1041,28.34
MXD1042,21.84
MXD1043,28.34
MXD1050BLK,32.74
MXD1050WHT,32.74
MXD1060BLK,33.95
MXD1060WHT,33.95
MXD1817L,138.85
MXD4406R-BC,48.79
MXD5311BLK,21.69
MXD5312BLK,32.52
MXD5511WHT,27.10
MXD5612R-BLK,43.36
MXD5612S-ALU,43.36
MXD5612S-BLK,43.36
MXD6512BLK,52.39
MXD6512WHT,52.39
MXD6612BLK,17.40
MXD6612BLK-SEN,25.06
MXD6624BLK,27.91
MXD6624BLK-SEN,35.57
MXD6711BLK,37.22
MXD6711BLK-SEN,50.13
MXD6711SIL,37.22
MXD6711SIL-SEN,50.13
MXD6711WHT,37.22
MXD6711WHT-SEN,50.13
MXD6712BLK,59.27
MXD6712BLK-SEN,75.21
MXD6712SIL,59.27
MXD6712SIL-SEN,75.21
MXD6712WHT,59.27
MXD6712WHT-SEN,75.21
MXD6721BLK,26.40
MXD6721BLK-SEN,30.80
MXD6721WHT,26.40
MXD6721WHT-SEN,30.80
MXD6722BLK,44.80
MXD6722BLK-SEN,51.66
MXD6722WHT,35.20
MXD6722WHT-SEN,39.60
MXD6821BLK,19.84
MXD6821BLK-SEN,27.16
MXD6822BLK,26.15
MXD6822BLK-SEN,33.46
MXD6921BLK,30.07
MXD6921BLK-SEN,36.15
MXD6922BLK-SEN,51.61
MXD6923BLK,48.15
MXD6923BLK-SEN,54.22
MXD8006BLK,45.66
MXD8006WHT,45.66
MXS0450,39.66
MXS4405,30.56
MXS4410,71.61
MXW1010,32.48
MXW1011,39.94
MXW1012,46.52
MXW1013,46.52
MXW1020,31.04
MXW1021,30.64
MXW1040BLK,35.89
MXW1040WHT,35.89
MXW1050BLK,41.71
MXW1050WHT,41.71
MXW1060,29.79
MYFAIR-100 GOLD                            NETT,441.38
MYFAIR-3/100 Black,1098.90
MYFAIR-3/100 White,1098.90
MYFAIR-3/80 Black,867.90
MYFAIR-3/80 GOLD                         NETT,988.90
MYFAIR-3/80 White,867.90
MYFAIR-40 Black,189.37
MYFAIR-40 White,189.37
MYFAIR-40/60 GOLD                        NETT,609.40
MYFAIR-60 Black,257.07
MYFAIR-60 GOLD                              NETT,323.68
MYFAIR-60 White,257.07
MYFAIR-60/80 Black,622.49
MYFAIR-60/80 GOLD                         NETT,681.50
MYFAIR-60/80/100 GOLD                 NETT,1164.08
MYFAIR-80 Black or White,405.96
MYFAIR-80 GOLD                              NETT,406.06
MYFAIR-80 White,405.96
Manga1,65.12
Manga2,65.12
Manga3,65.12
Manga4,65.12
Manga5,65.12
Marbre1,75.77
Marbre2,75.77
Marbre3,75.77
Mikro1,51.04
Mikro2,51.04
NADAL-5,467.45
NADIRA EX-BK,50.40
NADIRA EX-WH,50.40
NAGOYA,118.26
NANCY TL-SLWH,46.66
NAPA2EBLK,47.85
NAPA2EWHT,47.85
NAPOLI-1P,217.36
NARA CTC-BK.3CCT,70.12
NARA CTC-WH.3CCT,70.12
NARIKO EX12-TN84,82.28
NARVIK TL-AGCL,204.77
NARVIK1,108.56
NARVIK2,108.56
NARVIK3,108.56
NASA-A1-Black,93.61
NASA-A1-Silver,93.61
NATALYA -1L Black,69.47
NATALYA -1L Gold,81.23
NATIVA TLL-BK,64.80
NATIVA TLL-NAT,64.80
NATIVA TLL-WH,64.80
NATIVA TLS-BK,45.16
NATIVA TLS-NAT,45.16
NATIVA TLS-WH,45.16
NAVARO PE120-GDB,195.42
NAVARO PE120-WH,195.42
NAVARO PE240-GDB,223.47
NAVARO PE240-WH,223.47
NAVARO2 PE120-BK,205.19
NAVARO2 PE240-BK,342.63
NC2151,221.07
NC2152,221.07
NCL2155,273.58
NCL2156,273.58
ND100-BL,23.27
ND100-WH,23.27
ND180-WH,27.21
ND360,25.42
ND463,70.86
ND901,41.97
ND912,49.87
NED01,67.73
NED02,55.67
NEGAS TL-WHAG,53.30
NEO 020.TA-840,17.77
NEO 030.LP-840,18.61
NEO 150.LP-840,73.87
NEPAL-F/L White Shade,426.53
NEPEAN EX.P-SL,139.32
NERIS 0500-WH,13.28
NESBY PE30-BE,67.32
NESBY PE30-BK,67.32
NESBY PE30-GN,67.32
NETA1,85.36
NETA2,85.36
NETA3,85.36
NETA4,85.36
NETA5,85.36
NEVADA-1P,208.28
NEVIN EX-BK,91.54
NEW BRIGIDA-3L Black / Opal,152.90
NEW BRIGIDA-3L Gold / Opal,174.90
NEW YORKG2,137.46
NEWBACH-40 BLACK,297.61
NEWBACH-50 BLACK,357.17
NEWBACH-60 BLACK,446.49
NEWBACH-80 Black,735.40
NEWBARI-1P Black,239.03
NEWBARI-3P Black,437.64
NEWBARI-A1 Black,84.26
NEWDAYTONA-62 Black 12W,116.00
NEWDAYTONA-62 Chrome 12W,116.00
NEWDAYTONA-62 Gold,129.42
NEWDAYTONA-90 Black 18W,148.72
NEWDAYTONA-90 Chrome 18W,148.72
NEWDAYTONA-90 Gold,172.98
NEWERIKA-30 CHROME,6700.10
NEWERIKA-30 GOLD,6700.10
NEWP1EBLK,71.50
NEWP1EWHT,71.50
NEWP1UBLK,60.50
NEWP1UWHT,60.50
NEWROSA-50,698.34
NEWROSA-63,966.30
NEWROSA-A2 Black,104.06
NEWROSA-A2 Chrome,104.06
NEZIA-Aluminium,67.21
NEZIA-Black,67.21
NEZIA-Red,67.21
NEZIA-White,67.21
NG4840,227.84
NG4841,227.84
NG5240,236.31
NG5241,236.31
NG5640,244.78
NG5641,244.78
NGL4845,253.25
NGL4846,253.25
NGL5245,261.72
NGL5246,261.72
NGL5645,270.19
NGL5646,270.19
NGLR5700,49.97
NGLR5701,49.97
NIDO-OV Clear Oval,42.08
NIDO-OV Opal Oval,42.08
NIDO-TO Clear Round,51.43
NIDO-TO Opal Round,51.43
NIG-1SL-15W-BK,30.03
NIG-1SL-15W-BK-S,40.04
NIG-1SL-15W-WH,30.03
NIG-1SL-15W-WH-S,40.04
NIG-2SL-30W-BK,39.27
NIG-2SL-30W-BK-S,48.51
NIG-2SL-30W-WH,39.27
NIG-2SL-30W-WH-S,48.51
NIGHT01,11.41
NIME2EBLK,63.80
NIME2EWHT,63.80
NINO-12 Blk W/B 12W 600x230x50m,105.88
NINO-12 Ch W/B 12W 600x230x50m,105.88
NINO-9 Ch W/B 6W 400x230x50m,82.33
NIRO WB-BKGY,153.34
NIRO WB-BRWBK,153.34
NIRO WB-GNBK,153.34
NIRO WB-OGGY,153.34
NIUM-2 Black,63.86
NLM103317,18.11
NLM103503-BL,317.25
NLM103503-WH,287.88
NLM103505,25.30
NLM103509-BL,22.90
NLM103509-WH,22.90
NLM103512-BL,343.87
NLM103512-WH,343.87
NLM103513,21.95
NLM12121-BL,55.87
NLM12121-WH,55.87
NOCATI-25 CHROME,105.71
NOCATI-35 CHROME,147.24
NOCATI-40 CHROME,181.50
NORAL EX-BKCL,45.07
NORAL EX.P-BKCL,106.82
NORD TL-BKWH,51.33
NORD TL-BLWH,51.33
NORD TL-CM,51.33
NORDIC1,105.96
NORDIC2,105.96
NORDIC3,159.01
NORDIC4,159.01
NORDIC5,212.04
NORDIC6,212.04
NOREL PE4-AG,243.47
NOREL PE4-BK,243.47
NOREL PE4-NK,243.47
NOREL PE6-AG,293.54
NOREL PE6-BK,293.54
NOREL PE6-NK,293.54
NORI FL-BKOM,120.62
NORI PE4-BKOM,176.72
NORI PE6-BKOM,178.96
NORVEGIA-12L Pdt,431.59
NORVEGIA-16L Pdt,565.62
NOTAL TL-BKOP,42.08
NOTAL TL-BLOP,42.08
NOTAL TL-GNOP,42.08
NOTAL TL-WHOP,42.08
NOTREDAME-10L,1133.83
NOTREDAME-12L,1475.38
NOTREDAME-3L,288.69
NOTREDAME-5L,415.58
NOVA FL-BL,33.10
NOVA FL-GY,33.10
NOVA FL-NK,42.08
NOVA FL-PK,33.10
NOVA FL-WH,33.10
NOVA TL-AB,33.10
NOVA TL-BL,25.25
NOVA TL-DGY,25.25
NOVA TL-GY,25.25
NOVA TL-PK,25.25
NOVA TL-WH,25.25
NOVADBLK01A,1.23
NOVADBLK02,1.23
NOVADBR01A,2.46
NOVADBR02,2.46
NOVADLUX01A,13.64
NOVADLUX02,14.91
NOVAK-1L BLACK,291.83
NOVATRIS,24.09
NOVIO TL-AGOP,73.87
NOVIO TL-BKOP,73.87
NUDA-FL-BLACK,91.69
NUDA-FL-WHITE,91.69
NUDA-TL-WHITE,51.26
NUVO24WLEDBLK,185.90
NUVO24WLEDCH,196.90
Nagoya,118.26
OANT-1L Black,117.65
OANT-1L White,117.65
OBE07-W,103.40
OBLO-1P Black,107.86
OBLO-1P White,107.86
OBRIS PE1-CHCL,57.04
OBRIS PE15-CHCL,628.32
ODEL-B/FIX,21.61
ODES1EGBLK,60.50
ODES1EGWHT,60.50
ODES1EPBLK,60.50
ODES1EPWHT,60.50
ODESSA CTC60-WH,247.78
ODIN EX-BK,21.60
OGA02,74.80
OGATRI1,77.42
OHH FL-AGOM,64.52
OHH FL-BKOM,70.12
OHH TL-AGOM,45.82
OHH TL-BKOM,45.82
OHIO TL AB,63.77
OHIO TL GM,63.77
OL2010/100BK,23.98
OL2010/100WH,23.98
OL2010/30BC,21.78
OL2010/30BK,19.58
OL2010/30WH,19.58
OL2010/50BK,21.78
OL2010/50WH,21.78
OL2100/15BK,23.10
OL2100/15WH,23.10
OL2117/15,22.00
OL2210/15,32.78
OL2210/22,52.58
OL2240,48.40
OL2243,48.40
OL2245/30FX,86.90
OL2245/45FX,115.50
OL2247/40FX,86.90
OL2247/80FX,262.90
OL2248/60FX,152.90
OL2250CL,144.10
OL2250MO,144.10
OL2255/15AM,30.58
OL2255/15BL,30.58
OL2255/15CL,29.70
OL2257/15OM,31.90
OL2258BK,53.90
OL2259WH,53.90
OL2260/27BK,49.50
OL2260/27WH,49.50
OL2260/31BK,64.90
OL2260/31WH,64.90
OL2260/39BK,86.90
OL2260/39WH,86.90
OL2262BK,86.90
OL2263BK,132.00
OL2264BK,66.00
OL2264WH,66.00
OL2265BK,65.78
OL2265CO,72.38
OL2265WH,65.78
OL2267BK,62.70
OL2267WH,62.70
OL2270/30BK,41.58
OL2270/30WH,41.58
OL2285/25BK,54.78
OL2285/25WH,54.78
OL2295/35BK,126.50
OL2295/35PA,33.00
OL2295/35RD,33.00
OL2295/35WH,126.50
OL2295/47WH,194.70
OL2298/38AB,144.10
OL2298/38BK,87.78
OL2298/38CO,144.10
OL2298/38CR,39.05
OL2298/38RU,109.78
OL2298/38WH,87.78
OL2299/14BK,31.90
OL2299/18BK,15.29
OL2419/16B,38.50
OL2420,64.90
OL2461BK,53.90
OL2461WH,53.90
OL2465BK,64.90
OL2465BR,69.30
OL2542BK,47.30
OL2542WH,47.30
OL2543BK,51.70
OL2543WH,51.70
OL2545BK,47.30
OL2545WH,47.30
OL2546BK,77.00
OL2546WH,77.00
OL2547BK,49.50
OL2547WH,49.50
OL2567CH,78.10
OL2580BB,40.70
OL2580BK,31.90
OL2580WH,31.90
OL2593BK,54.78
OL2593WH,54.78
OL2705BR,60.50
OL2729/30WH,53.35
OL41040BCH,51.70
OL41040GD,51.70
OL41040WH,51.70
OL41140BCH,85.58
OL41140GD,85.58
OL41140WH,85.58
OL41340BCH,38.50
OL41340GD,38.50
OL41340WH,38.50
OL43630SN,28.05
OL43635/22SN,50.05
OL43645/40SN,65.45
OL44031CH,51.70
OL44131CH,85.58
OL44331CH,41.58
OL47100WH,43.78
OL47530SC,34.65
OL47700BC,84.70
OL47700WH,80.30
OL48630WH,61.05
OL49212,32.89
OL49224,54.89
OL49312,61.05
OL49781/33BK,106.70
OL49781/33WH,106.70
OL49781/38BK,174.90
OL49781/38WH,174.90
OL49781/48BK,262.90
OL49781/48WH,262.90
OL49861/30BK,104.50
OL49861/30WH,104.50
OL49861/40BK,174.90
OL49861/40WH,174.90
OL49861/50BK,262.90
OL49861/50WH,262.90
OL50316BK,143.00
OL50316SB,187.00
OL50401AB,108.90
OL50401BK,108.90
OL50610BC,32.45
OL50700AB,97.90
OL50800AB,137.50
OL50800BK,127.38
OL50800BP,137.50
OL50800CH,137.50
OL50903BK,159.50
OL50903BZ,174.90
OL50903SB,174.90
OL51121WH,129.80
OL51360/60CH,275.00
OL51360/60WH,253.00
OL51360/90CH,341.00
OL51360/90WH,319.00
OL51445CH,217.80
OL51445SB,217.80
OL51521/30BK,121.00
OL51521/30WH,121.00
OL51521/60BK,187.00
OL51521/60WH,187.00
OL51521/90BK,217.80
OL51521/90WH,217.80
OL52103BK,151.80
OL52103WH,151.80
OL52215BK,121.00
OL52215WH,121.00
OL53101,108.90
OL53201/20BK,104.50
OL53201/20GN,187.00
OL53201/20GY,187.00
OL53201/20NAT,117.70
OL53201/20TR,187.00
OL53201/20WH,104.50
OL53201/25BK,144.10
OL53201/25GN,253.00
OL53201/25GY,253.00
OL53201/25NAT,157.30
OL53201/25TR,253.00
OL53201/25WH,144.10
OL53325SB,174.90
OL53512,86.90
OL53514,108.90
OL53935BK,56.10
OL53935WH,56.10
OL54191BK,77.00
OL54191SB,93.50
OL54191WH,77.00
OL54225BK,53.90
OL54225SB,64.90
OL54225WH,53.90
OL54251BK,63.80
OL54251CH,77.00
OL54251SB,77.00
OL54251WH,63.80
OL54260BK,85.80
OL54260SB,94.60
OL54260WH,85.80
OL54271BK,77.00
OL54271SB,86.90
OL54271WH,77.00
OL54292BK,107.80
OL54292SB,121.00
OL54292WH,107.80
OL54310BK,47.30
OL54310SB,53.90
OL54310WH,47.30
OL54402BK,55.00
OL54402SB,71.50
OL54402WH,55.00
OL54560CH,152.90
OL54560WH,130.90
OL54585CH,231.00
OL54585WH,209.00
OL54636CH,173.80
OL54636WH,165.00
OL54639CH,195.80
OL54639WH,173.80
OL55211BK,59.18
OL55211WH,59.18
OL56013/4BK,209.00
OL56013/4SB,242.00
OL56013/6BK,253.00
OL56013/6SB,297.00
OL56015BK,43.78
OL56015SB,48.18
OL56015SW,48.18
OL56015WH,43.78
OL56093BK,283.80
OL56096BK,415.80
OL56213SB,64.90
OL56215/4SB,283.80
OL56216/6SB,484.00
OL57117CH,48.18
OL58570/1WH,14.85
OL58578/3BC,35.75
OL58610/1BK,27.50
OL58610/1WH,27.50
OL58611/2BK,52.80
OL58611/2WH,52.80
OL58611/3BK,79.20
OL58611/3WH,79.20
OL58611/4BK,105.60
OL58611/4WH,105.60
OL58613/1BK,31.90
OL58613/1WH,31.90
OL58615BK,27.50
OL58615WH,27.50
OL58733/1BK,41.58
OL58733/1WH,41.58
OL58735BK,39.38
OL58735WH,39.38
OL58770/1RB,27.50
OL58771/2RB,52.80
OL58771/3RB,79.20
OL58810/1BK,34.10
OL58810/1WH,34.10
OL58811/2BK,75.90
OL58811/2WH,75.90
OL58811/3BK,133.10
OL58811/3WH,133.10
OL58811/4BK,183.70
OL58811/4WH,183.70
OL59079CH,98.78
OL59407,98.34
OL60168WH,87.89
OL60175BK,82.50
OL60175WH,82.50
OL60392/55,649.00
OL60451/42BK,217.80
OL60451/42WH,217.80
OL60451/56BK,371.80
OL60451/56WH,371.80
OL60561WH,50.49
OL60571,65.78
OL60610/115,47.85
OL60610/85,41.25
OL60613/1500BK,261.80
OL60614/40BK,242.00
OL60614/40WH,242.00
OL60614/60BK,319.00
OL60614/60WH,319.00
OL60625/1200BK,209.00
OL60625/1200WH,209.00
OL60625/1500BK,242.00
OL60625/1500SB,341.00
OL60625/1500WH,242.00
OL60628/1800BK,349.80
OL60628/1800WH,349.80
OL60630/1300,547.80
OL60634/60BK,298.10
OL60634/60WH,298.10
OL60640/1200,429.00
OL60650/1500,657.80
OL60660/150BZ,503.80
OL60660/150SB,503.80
OL60670/150BZ,657.80
OL60670/150SB,657.80
OL60680/1500,547.80
OL60751/1200WH,66.00
OL60751/600WH,44.00
OL60751/900WH,55.00
OL60775BK,36.30
OL60775WH,36.30
OL60778/1200BK,269.50
OL60778/1200WH,269.50
OL60778/1500BK,350.90
OL60778/1500WH,350.90
OL60785/1200WH,185.90
OL60795/1500WH,242.00
OL60795/1800BK,349.80
OL60851/60BK,393.80
OL60851/60WH,393.80
OL60853/1200WH,188.10
OL60853/600WH,130.90
OL60853/900WH,152.90
OL60860/80BK,415.80
OL60860/80WH,415.80
OL60861/50BK,462.00
OL60861/50WH,462.00
OL60914/40BK,115.50
OL60954/80BK,393.80
OL60954/80WH,393.80
OL60973/50BK,371.80
OL60973/50WH,371.80
OL60973/70BK,481.80
OL60973/70WH,481.80
OL60980/120BK,429.00
OL60994/80BK,393.80
OL60994/80WH,393.80
OL61293BK,48.95
OL61293WH,48.95
OL62255/27AM,130.90
OL62255/27BL,130.90
OL62255/27CL,130.90
OL62257/27OM,130.90
OL62259/30CL,126.50
OL62275/25AB,152.90
OL63251BK,75.90
OL63252BK,108.90
OL63296SB,152.90
OL63296SW,152.90
OL63301CL,108.90
OL63301GN,111.10
OL63501CL,95.70
OL63503CL,95.70
OL63504CL,95.70
OL63506CL,24.75
OL63611BK,86.90
OL63612BK,86.90
OL63613BK,86.90
OL63705/13CL,84.70
OL63705/20CL,104.50
OL63705/30CL,137.50
OL63725/13OM,91.30
OL63725/20OM,108.90
OL63735/25OM,130.90
OL63735/30OM,157.30
OL63744BK,305.80
OL63744SB,371.80
OL63751/13AM,108.90
OL63751/13GN,108.90
OL63751/13SM,108.90
OL63753/13MX,349.80
OL63859BK,65.78
OL63859WH,65.78
OL64130WH,139.70
OL64140WH,242.00
OL64150WH,371.80
OL64304,173.80
OL64353/1NAT,319.00
OL64355/3NAT,657.80
OL64356/3NAT,217.80
OL64455,305.80
OL64457BK,242.00
OL64457NAT,217.80
OL64457WH,242.00
OL64463,239.80
OL64464,195.80
OL64469/35,165.00
OL64469/47,217.80
OL64471/25,107.80
OL64471/36,173.80
OL64471/48,239.80
OL64475/30,151.80
OL64475/38,195.80
OL64479/36,173.80
OL64485/33,123.20
OL64485/45,173.80
OL64489/30,151.80
OL64489/45,209.00
OL64495/38,165.00
OL64501/38,327.80
OL64521BK,102.30
OL64522BK,152.90
OL64523BK,253.00
OL64718NAT,55.00
OL64719NAT,60.50
OL64721,21.45
OL64723,72.05
OL64726,114.18
OL64727,166.98
OL64741NAT,76.45
OL64761,109.78
OL64762,160.38
OL64822BK,143.00
OL64822WH,143.00
OL64832BK,175.78
OL64832WH,175.78
OL64848BK,283.80
OL64848WH,283.80
OL64910/28BK,88.00
OL64910/28WH,88.00
OL64910/45BK,209.00
OL64910/45WH,209.00
OL64920/35BK,99.00
OL64920/35WH,99.00
OL65010/6BK,341.00
OL65010/6SB,407.00
OL65272/6,770.00
OL65272/8,990.00
OL65273/2,214.50
OL65274/1,283.80
OL65281/6,825.00
OL65281/8,1089.00
OL65321/1AB,70.40
OL65321/1BK,63.80
OL65321/3AB,253.00
OL65321/3BK,217.80
OL65321/5AB,371.80
OL65321/5BK,327.80
OL65401BK,253.00
OL65621BK,305.80
OL65623BK,415.80
OL65625BK,371.80
OL65705BZ,613.80
OL65901BK,78.10
OL65901BZ,78.10
OL65933BZ,187.00
OL65951BZ,137.50
OL65963BZ,253.00
OL67384WH,86.90
OL67393WH,86.90
OL67394WH,139.70
OL67421BK,115.50
OL67421WH,115.50
OL67451BR,60.50
OL67452BR,62.15
OL67453BK,62.15
OL67511AB,56.10
OL67511BC,56.10
OL67513AB,192.50
OL67513BC,192.50
OL67721BK,115.50
OL67721GN,115.50
OL67721GY,115.50
OL67721WH,115.50
OL67761AC,175.78
OL67761BK,152.90
OL68710/3CL,261.80
OL68750/1BK,148.50
OL68750/1WH,148.50
OL68751/3BK,269.50
OL68761BK,107.80
OL68763BK,195.80
OL68778/27BK,99.00
OL68778/27WH,99.00
OL68778/38BK,129.80
OL68778/38WH,129.80
OL68781BK,64.90
OL68781WH,64.90
OL68783BK,130.90
OL68783WH,130.90
OL68784BK,174.90
OL68821AR,94.05
OL68831BK,82.50
OL68832BK,163.90
OL68852BK,104.50
OL68852WH,104.50
OL69217/1BC,60.50
OL69242BC,36.30
OL69243BC,43.45
OL69251BC,49.50
OL69251BK,43.78
OL69251WH,43.78
OL69253BC,36.30
OL69253BK,36.30
OL69253WC,36.30
OL69253WH,36.30
OL69254BK,36.30
OL69256BK,42.90
OL69256WH,42.90
OL69257BK,47.30
OL69257WH,47.30
OL69258BK,47.30
OL69258WH,47.30
OL69259BK,55.00
OL69259WH,55.00
OL69265/27BK,130.90
OL69281BK,39.38
OL69281RD,19.69
OL69281WH,39.38
OL69286WH,79.75
OL69288BB,38.50
OL69288BK,31.90
OL69288WH,31.90
OL69291/17CL,141.90
OL69291/30CL,201.30
OL69313BK,49.50
OL69313WH,49.50
OL69321AB,42.90
OL69321BK,40.70
OL69321CH,42.90
OL69321CO,42.90
OL69321WH,40.70
OL69322AB,56.10
OL69322BK,49.50
OL69322WH,49.50
OL69327BK,56.65
OL69351BK,163.90
OL69351WH,81.95
OL69371AM,77.00
OL69371BL,77.00
OL69371CL,75.90
OL69372OM,78.10
OL69373AB,32.45
OL69373BK,53.90
OL69373CH,32.45
OL69375BK,120.12
OL69375RB,120.12
OL69377BK,196.90
OL69379BK,109.78
OL69381BK,78.10
OL69385AB,126.50
OL69385BK,115.50
OL69385CH,126.50
OL69387BK,107.80
OL69387WH,107.80
OL69389/1BR,80.30
OL69389/2BR,152.90
OL69463BK,85.80
OL69463BZ,104.50
OL69463CH,104.50
OL69463SB,104.50
OL69473BK,70.40
OL69473SB,82.50
OL69481BK,137.50
OL69481BR,150.70
OL69481CH,150.70
OL69491AM,71.50
OL69491BL,71.50
OL69491CL,71.50
OL69551BK,99.00
OL69551SB,108.90
OL69551WH,99.00
OL69990/200/5K,371.80
OL7010/20OP,53.90
OL7010/25OP,67.10
OL7010/30OP,95.70
OL7010/35OP,144.10
OL7010/40OP,190.30
OL7010/50OP,386.10
OL7021BK,12.98
OL7025BK,22.00
OL7050/2400BK,131.78
OL7051/1000BK,122.98
OL7051/1800BK,175.78
OL7119BK,217.80
OL7119GP,217.80
OL7125BK,99.00
OL7148BK,46.20
OL7155BK,175.78
OL7156BK,175.78
OL7161BK,129.80
OL7176BK,295.90
OL7181BK,64.90
OL7183BK,129.80
OL7190BK,231.00
OL7193BK,143.00
OL7194BK,165.00
OL7240BK,151.80
OL7240SS,217.80
OL7240WH,151.80
OL7247SS,39.49
OL7270BK,62.70
OL7270WH,62.70
OL7282BK,58.30
OL7282SS,67.10
OL7293BK,96.58
OL7293SS,105.38
OL7321BK,209.00
OL7326BK,385.00
OL7351BK,152.90
OL7351WH,152.90
OL7361BK,195.80
OL7366BK,371.80
OL7371BK,196.90
OL7381BK,261.80
OL7386BK,503.80
OL7401BK,64.90
OL7401WH,64.90
OL7402BK,64.90
OL7402WH,64.90
OL7461BK,55.00
OL7462BK,77.00
OL7621BK,151.80
OL7621GP,151.80
OL7621WH,151.80
OL7631BK,108.90
OL7631WH,108.90
OL7641BK,108.90
OL7641WH,108.90
OL7643BK,108.90
OL7643WH,108.90
OL7651BK,121.00
OL7661BK,71.50
OL7661GN,71.50
OL7661PR,71.50
OL7661WH,71.50
OL7662BK,71.50
OL7662GN,71.50
OL7662PR,71.50
OL7662WH,71.50
OL7663BK,87.78
OL7663WH,87.78
OL7664BK,107.80
OL7664WH,107.80
OL7665BK,151.80
OL7666BK,71.50
OL7667BK,107.80
OL7669/2BK,525.80
OL7669BK,371.80
OL7700/60,73.70
OL7702/15,38.50
OL7702/30,75.90
OL7704/15,31.90
OL7704/30,62.70
OL7711BC,57.09
OL7711CO,126.50
OL7717BC,54.45
OL7718BC,85.25
OL7718CO,174.90
OL7737BK,104.50
OL7737CO,152.90
OL7738BK,73.70
OL7741CO,109.78
OL7753BK,32.78
OL7753SS,87.78
OL7762BK,47.30
OL7762SS,49.50
OL7766SS,49.50
OL7767SS,47.30
OL7774/1BK,61.38
OL7774/1SS,61.38
OL7774/2BK,116.60
OL7774/2SS,116.60
OL7774/3BK,178.20
OL7774/3SS,178.20
OL7775/1BK,59.18
OL7775/1SS,59.18
OL7775/2BK,107.58
OL7775/2SS,107.58
OL7776/2SS,109.78
OL7798BK,107.80
OL7798WH,107.80
OL7816BK,69.30
OL7816WH,69.30
OL7819SS,56.10
OL7821BK,55.00
OL7821WH,55.00
OL7822BK,85.80
OL7822WH,85.80
OL7826BK,107.80
OL7826WH,107.80
OL7831BK,55.00
OL7831WH,55.00
OL7832BK,85.80
OL7832WH,85.80
OL7843BK,100.10
OL7844BK,130.90
OL7849BK,151.80
OL7850BK,86.90
OL7850GP,86.90
OL7850WH,86.90
OL7862BK,77.00
OL7862WH,77.00
OL7865BK,152.90
OL7865WH,152.90
OL7880BK,82.50
OL7880CO,105.38
OL7880WH,82.50
OL7890BK,109.78
OL7890WH,109.78
OL7901BK,91.30
OL7901GP,91.30
OL7901WH,91.30
OL7902BK,91.30
OL7902GP,91.30
OL7902WH,91.30
OL7940GN,14.19
OL7942GN,16.61
OL7960BK,47.30
OL7960GP,47.30
OL7960WH,47.30
OL7971BK,37.18
OL7973BK,37.18
OL7973WH,37.18
OL7990BK,40.70
OL7991BK,42.90
OL7992BK,46.20
OL81158,257.40
OL81159,257.40
OL81160,257.40
OL81161,324.50
OL81162,324.50
OL81164,324.50
OL81411,404.80
OL81412,404.80
OL81413,360.80
OL81414,360.80
OL83610,146.63
OL83620,280.94
OL85301,119.90
OL85302,119.90
OL85303,156.75
OL85304,156.75
OL85305,161.26
OL85306,152.46
OL85307,218.79
OL85308,205.59
OL85310,161.26
OL85311,152.46
OL85312,218.79
OL85313,205.59
OL86222,107.80
OL86261,101.20
OL86262,101.20
OL86263,123.20
OL86264,123.20
OL86265,184.80
OL86266,184.80
OL86271,77.88
OL86272,77.88
OL86281,91.08
OL86282,91.08
OL86283,162.80
OL86284,162.80
OL86291,128.48
OL86292,184.80
OL86293,150.48
OL86294,128.48
OL86440,342.10
OL86441,276.10
OL86442,201.30
OL86443,254.10
OL86444,210.10
OL86445,276.10
OL86446,188.10
OL86447,232.10
OL86448,210.10
OL86450,159.50
OL86451,210.10
OL86452,188.10
OL86453,245.30
OL86455,278.30
OL86456,254.10
OL86457,278.30
OL90110BL,48.40
OL90110GY,48.40
OL90110TP,48.40
OL90110WH,48.40
OL90111BL,67.98
OL90111GY,67.98
OL90111TP,67.98
OL90111WH,67.98
OL90115BK,63.58
OL90115WH,63.58
OL90117CO,56.10
OL90117GN,56.10
OL90117GY,56.10
OL90117PK,56.10
OL90117WH,56.10
OL90117YE,56.10
OL90118GY,47.30
OL90118TP,47.30
OL90118WH,47.30
OL90119TP,47.30
OL90119WH,47.30
OL90120BK,49.50
OL90120GY,49.50
OL90120TP,49.50
OL90120WH,49.61
OL90130GN,64.90
OL90130PK,64.90
OL90132BK,42.90
OL90132GY,42.90
OL90132WH,42.90
OL90141,42.90
OL90142,42.90
OL90151CO,99.00
OL90151GN,99.00
OL90151GY,99.00
OL90151PK,99.00
OL90151WH,99.00
OL90161BK,97.90
OL90161CO,97.90
OL90161GN,97.90
OL90161GY,97.90
OL90161PK,97.90
OL90161WH,97.90
OL90162BK,64.90
OL90162GN,64.90
OL90162GY,64.90
OL90162PK,64.90
OL90162WH,64.90
OL90163BK,64.90
OL90163GY,64.90
OL90163TP,64.90
OL90163WH,64.90
OL91203BZ,214.50
OL91203CH,192.50
OL91206CH,96.25
OL91232BC,93.50
OL91232BK,87.78
OL91232WH,87.78
OL91233CH,32.45
OL91238BCH,50.38
OL91238BK,48.18
OL91238CH,50.38
OL91238WH,48.18
OL91298CH,52.25
OL91311CO,22.00
OL91735,47.30
OL91748,69.30
OL91758,65.78
OL91778,69.30
OL91788,68.20
OL91789,68.20
OL91790,52.80
OL91791,52.80
OL91793,63.80
OL91812,65.78
OL91841,64.90
OL91860,21.78
OL91861,132.00
OL91862,176.00
OL91869,86.90
OL91876,175.89
OL91877,60.50
OL91881,47.30
OL91882,60.50
OL91896,47.30
OL91899,42.90
OL91901,198.00
OL91903,198.00
OL91906,73.70
OL91907,73.70
OL91910,129.80
OL91911,129.80
OL91912,129.80
OL91917,99.00
OL91931,65.78
OL91933,69.30
OL91942,32.78
OL91945,58.30
OL91946,95.70
OL91947,95.70
OL91948,95.70
OL91950,151.80
OL91951,32.78
OL91953,32.78
OL91955,82.50
OL91956,82.50
OL91957,82.50
OL91961BK,121.00
OL91961WH,121.00
OL92631BK,122.98
OL92631WH,122.98
OL92651BK,110.00
OL92651WH,110.00
OL92661BK,68.75
OL92661WH,68.75
OL92961BK,192.50
OL92961SIL,192.50
OL92961WH,192.50
OL93125BK,117.70
OL93125WH,117.70
OL93131BB,78.10
OL93131BK,71.50
OL93131CO,86.90
OL93131WH,71.50
OL93245,231.00
OL93255,231.00
OL93281NAT,76.45
OL93283NAT,242.00
OL93459,104.50
OL93511,76.89
OL93513,186.45
OL93521WH,137.50
OL93523WH,306.90
OL93524BASE,261.80
OL93525BK,319.00
OL93525WH,319.00
OL93531BK,122.10
OL93533BK,305.80
OL93533WH,305.80
OL93601CO,65.89
OL93611BK,86.90
OL93611GY,86.90
OL93611PK,86.90
OL93611WH,86.90
OL93651AB,130.90
OL93721BK,131.78
OL93721WH,131.78
OL93731BK,100.10
OL93733BK,174.90
OL93755BK,371.80
OL93773BK,165.00
OL93773WH,165.00
OL93801AB,181.50
OL93801CH,181.50
OL93805AB,181.50
OL93831BK,121.00
OL93851AB,151.80
OL93911BK,64.90
OL93921BC,87.78
OL93921BK,83.38
OL93931BK,128.70
OL93931WH,128.70
OL93933BK,129.80
OL93933WH,129.80
OL93941AB,114.40
OL93941BC,114.40
OL93952BK,152.90
OL93952WH,152.90
OL93953BK,174.90
OL93953WH,174.90
OL93961BK,35.75
OL93961WH,35.75
OL93971BK,93.50
OL93971WH,93.50
OL93981,143.00
OL93991BK,143.00
OL94511,151.80
OL94521,121.00
OL94522,173.80
OL94523,188.10
OL94524,181.50
OL94525,168.30
OL94526,225.50
OL94527,106.70
OL94528,214.50
OL94529,130.90
OL94530,209.00
OL94531,231.00
OL94532,99.00
OL94533,146.30
OL94534,106.70
OL94535,196.90
OL94537,137.50
OL94538,99.00
OL94539,148.50
OL95711,121.00
OL95712,130.90
OL95713CL,108.90
OL95714CL,108.90
OL95715GN,108.90
OL95715SM,108.90
OL96948,16.50
OL96963,130.90
OL97111BK,58.30
OL97317WH,100.10
OL97611,81.95
OL97612,97.90
OL97613,119.90
OL97742BK,141.90
OL97831,64.90
OL97934WN,196.90
OL97951WH,87.45
OL97951WN,87.45
OL97962WH,64.90
OL97964WH,73.70
OL97971BL,209.00
OL97971WH,209.00
OL97973AS,239.80
OL97976AS,209.00
OL97976BK,209.00
OL97978TE,195.80
OL97978WH,195.80
OL97981CO,41.25
OL97981PU,41.25
OL97997WN,174.90
OL98825-BASE,32.45
OL98832,209.00
OL98836,196.90
OL98837,253.00
OL98842,231.00
OL98856,196.90
OL98865,185.90
OL98870,151.80
OL98871,165.00
OL98872,157.30
OL98873,214.50
OL98874,151.80
OL98875,151.80
OL98877,148.50
OL98878,152.90
OL98879,148.50
OL98880,148.50
OL98881,117.70
OL98882,141.90
OL98884,283.80
OL98885,201.30
OL98886,253.00
OL98887,209.00
OL98889,231.00
OL98890,242.00
OL98891,283.80
OL98892,253.00
OL98893,275.00
OL98895,209.00
OL98896,187.00
OL98897,187.00
OL98898BK,173.80
OL98899BK,143.00
OL99441AB,138.60
OL99441BK,138.60
OL99441BP,138.60
OL99443AB,283.80
OL99454AB,143.00
OL99454BC,143.00
OL99458AB,152.90
OL99458BK,152.90
OL99458BP,152.90
OL99458CH,152.90
OL99463BC,44.00
OL99467BK,77.00
OL99467GY,77.00
OL99467PK,77.00
OL99467WH,77.00
OL99469BK,66.00
OL99469WH,66.00
OL99485BC,58.30
OL99486BC,58.30
OL99491BC,85.80
OL99511AB,82.50
OL99511BC,82.50
OL99511GM,82.50
OL99722WG,57.75
OL99732BR,57.75
OLA-MWS01,43.78
OLA01,58.28
OLA01/210A,9.90
OLA01/210B,9.90
OLA01/526,5.28
OLA01/527,5.28
OLA01/528,13.20
OLA01/529,13.20
OLA02,58.28
OLA02/50BK,11.00
OLA02/60BK,38.50
OLA02/60WH,38.50
OLA03/13BK,15.40
OLA03/13GD,15.40
OLA03/13WH,15.40
OLA03/52BK,15.40
OLA03/53BK,17.60
OLA03/72CLR,15.40
OLA03/73CLR,17.60
OLA05/428,2.20
OLA05/628,1.10
OLA07/6BK,19.80
OLA09/414AB,30.58
OLA09/414BK,28.38
OLA09/99BK,19.58
OLA09/99WH,19.58
OLA14/8WH,4.40
OLA16/01,6.60
OLA16/314,4.40
OLA16/SHADE,4.18
OLA17/140,11.00
OLA17/185,19.80
OLA19/01,30.25
OLA92961BK,27.50
OLAV FL-BE,81.49
OLAV FL-BK,81.49
OLAV FL-GN,81.49
OLAV FL-OG,81.49
OLBIA-3 Chrome,565.79
OLBIA-3 Gold,565.79
OLBIA-5+2 Chrome,891.88
OLBIA-5+2 Gold,891.88
OLIANA FL-AGMB,185.55
OLIANA TL20-AGMB,76.11
OLIANA TL25-AGMB,103.08
OLIMPIA-2 Ring 60W Black,494.06
OLIMPIA-2 Ring 60W White,494.06
OLIMPYA-10 Black 26W LED,257.12
OLIMPYA-20  Small 53W LED Black,311.25
OLIMPYA-30 Large 80W LED Black,378.95
OLIVER-16L Pdt,565.62
OLIVER-8L Pdt,297.61
OLMONT PE-GDCL,210.38
OLMONT PE-NKCL,210.38
OLRG-1400,16.50
OLRG-1600,28.38
OLRG-47100,29.70
OLS250RD,76.69
OLS250RD-LED,102.29
OLSEN F/L Black,240.08
OLSEN T/L Black,186.34
OLSWURD,64.68
OLSWURD-LED,92.63
OLY01B-T,217.80
OLYM3PLEDBLK,295.90
OLYM3PLEDGLD,328.90
OLYM3PLEDWHT,207.90
OLYM5PLEDBLK,394.90
OLYM5PLEDGLD,438.90
OLYM5PLEDWHT,284.90
OM-DLR92W-11W-WW,9.90
OM-LSP-18W-WW,22.00
OMAR PE4-BK,215.00
OMER-B/FIX,25.25
ONDA-Green,385.66
ONE-1P BLACK,87.67
ONETA FL2-BKCL,109.40
ONETA FL2-WHCL,109.40
ONETA PE01-BKCL,33.05
ONETA PE01-WHCL,33.05
ONETA PE04-WHCL,142.40
ONETA PE05-WHCL,178.96
ONETA TL-BKCL,40.67
ONETA TL-WHCL,40.67
ONETA WB1-BKCL,36.18
ONETA WB1-WHCL,36.18
ONETA WBA-WHCL,38.43
OPERA-Pillar Mount,86.52
OPERA-Post Top,72.98
OPERA-W/B DOWN,72.98
OPERA-W/B UP,72.98
OPTIKA W120-BK3C,50.40
OPTIKA W120-WH3C,50.40
ORAS 12.420-BK3C,87.42
ORAS 18.665-BK3C,112.11
ORAS 18.665-CH3C,112.11
ORAS 24.975-BK3C,138.85
ORAS 24.975-CH3C,138.85
ORB-PL12-BLK,97.90
ORB-PL12-BNZ,107.80
ORB-PL20-BLK,117.70
ORB-PL20-BNZ,127.60
ORB-PL25-BLK,147.40
ORB-PL25-BNZ,147.40
ORB-PL30-BLK,177.10
ORB-PL30-BNZ,177.10
ORB-WL12-BLK,58.30
ORB-WL12-BNZ,58.30
ORB-WL12-CHR,58.30
ORB-WL8-BLK,48.40
ORB-WL8-BNZ,48.40
ORB-WL8-CHR,48.40
ORBI-PL40-BLK,246.40
ORBI-PL40-BNZ,256.30
ORBIFLAT-PL40-BLK,246.40
ORBIFLAT-PL40-BNZ,256.30
ORBIS-WL20-BNZ,107.80
ORBIT-40,87.56
ORBITA1,106.89
ORBITA2,156.39
ORBITA3,53.43
ORBITA5,160.35
ORDITO1,130.23
ORDITO2,130.23
ORDITO3,130.23
OREGON-OVAL,120.40
OREN CTC912-BK3C,32.91
OREN CTC912-WH3C,32.91
OREN CTC915-BK3C,43.20
OREN CTC915-WH3C,43.20
OREN CTC918-BK3C,47.31
OREN CTC918-WH3C,47.31
ORICA-WL16-BLK,88.00
ORICA-WL16-BNZ,97.90
ORIGAMI1,89.29
ORIGAMI2,89.29
ORIGAMI3,89.29
ORIGAMI4,138.14
ORIGAMI5,138.14
ORIGAMI6,138.14
ORILLA PE-BRW,170.36
ORILLA PE-FR,170.36
ORILLA PE-SM,170.36
ORION-3-S/C,118.64
ORION-5-S/C,153.07
ORION-PM,29.70
ORION-W/B UP or DOWN,29.70
ORION-WL16-BLK,97.90
ORION-WL16-BNZ,107.80
ORISTA PE-BRS,387.09
ORLIN OY30-WD3C,47.69
ORLIN OY42-WD3C,77.61
ORLIN OY50-WD3C,112.20
ORPH1PSGLD,130.35
ORPH1WBLK,69.30
ORPH1WGLD,82.50
ORSON TL-WHWH,60.78
ORTE-30 SQUARE,89.27
ORTE-40 SQUARE,104.17
ORTEZ FL-BKAG,148.67
ORTEZ FL-BKTRZAG,148.67
ORTEZ FL-WHAG,148.67
ORTEZ TL-BKTRZAG,86.39
ORTEZ TL-WHTRZBZ,86.39
ORTON PE7-AGAMT,256.10
ORTON PE7-AGCLP,256.10
ORTON PE7-AGFRT,256.10
ORTON PE7-AGOM,256.10
ORTON PE7-AGSM,256.10
ORTON PE7-AGSMT,256.10
ORTON PE7-BKAMT,256.10
ORTON PE7-BKCLP,256.10
ORTON PE7-BKFRT,256.10
ORTON PE7-BKOM,256.10
ORTON PE7-BKSM,256.10
ORTON PE7-BKSMT,256.10
ORWEL TL-GRAG,44.41
OSADA FL3-BK,170.82
OSADA TL-BK,58.91
OSAKA-2L W/B Chrome,385.66
OSAKA-2L W/B Gold,385.66
OSAKA-30-CTC Chrome,943.97
OSAKA-30-CTC Gold,943.97
OSAKA-30-Oyster Chrome,876.98
OSAKA-30-Oyster Gold,876.98
OSAKA-30-PDT Chrome,1487.42
OSAKA-30-PDT Gold,1487.42
OSAKA-40-Oyster Chrome,1338.54
OSAKA-40-Oyster Gold,1338.54
OSAKA-50-CTC Chrome,1666.12
OSAKA-50-CTC Gold,1666.12
OSAKA-50-Oyster Chrome,1934.13
OSAKA-50-Oyster Gold,1934.13
OSAKA-50-PDT Chrome,2516.25
OSAKA-50-PDT Gold,2516.25
OSAKA-80-PDT Chrome,6387.43
OSAKA-80-PDT Gold,6387.43
OSTEL EX1-BK,56.94
OSTEL EX1-WH,56.94
OSTEL EX2-BK,83.45
OSTEL EX2-WH,83.45
OSTROM PE3T-CG,704.90
OSTROM PE50-CG,211.08
OSTROM PE65-CG,262.13
OSTROM PE80-CG,305.32
OSTROM PER-CG,333.80
OTAR2EBLK,70.40
OTAR2EWHT,70.40
OTTA2EBLK,64.90
OTTA2ESLV,64.90
OTTA2EWHT,64.90
OTTER1,17.06
OTTER2,19.07
OTTER24V1,27.89
OTTER24V2,44.88
OTTER24V3,103.94
OTTER24V4,150.41
OTTER3,49.27
OTTER4,74.43
OTTER5,102.61
OTTER6,131.80
OTTER7,154.94
OTTER8,29.14
OVA250SQ,76.69
OVA250SQ-LED,102.29
OVAL-Black,92.13
OVAL-Silver,92.13
OVALIS1,51.24
OVALIS2,51.24
OVALIS3,51.24
OVAWUSQ,64.68
OVAWUSQ-LED,92.63
OVERTON PE-BRS,329.87
OXFO1EBLK,140.80
OXFO1EBRZ,140.80
OXFORD FL-ABGD,264.09
OXFORD T/L,604.34
OXIDO1,130.83
OXIDO2,191.81
OXIDO3,267.29
OY 1400,428.18
OY 2760,153.94
OY 2761,204.77
OY 2762,251.13
OY 3400,217.36
OY 3402,336.11
OY 3412-Oyster,342.38
OY 4895,926.97
OY 73656,347.44
OY 73657,509.08
OY 73658,634.59
OY 9714-Silver,122.10
OYSDIM001,46.10
OYSDIM002,64.30
OYSDIM003,31.93
OYSTRI1,28.46
OYSTRI2,40.06
P2200,338.80
P2201,338.80
P3B2571,204.97
P3B2572,204.97
P3B2575,221.07
P3B2576,221.07
P3BL2581,257.49
P3BL2582,257.49
P3BL2585,273.58
P3BL2586,273.58
P5551-BB,206.71
P8005-AB,75.78
P8005-SC,75.78
P8008-AB,91.96
P8008-SC,91.96
PACINO-1P Black,1644.50
PACINO-1P Gold,1644.50
PAKITA-155 Concrete-Pdt,87.89
PAKITA-270 Concrete Pdt,132.55
PAKODA-8W BLACK BUNKER,23.38
PAKODA-8W WHITE BUNKER,23.38
PALACIO-3L PDT Black,297.61
PALACIO-3L PDT White,297.61
PALAZZO-11L,867.90
PALAZZO-17L,1428.90
PALAZZO-21L,1318.90
PALAZZO-A3,273.90
PALE1PLEDBLK,394.90
PALE1PLEDWHT,394.90
PALERMO-1L,132.55
PALLA-W1,256.12
PALLA-W2,796.38
PALLADIO-12L Long,1758.90
PALLADIO-12L Round,1758.90
PALLADIO-9L Round,1318.90
PALMAS-TL-Black,72.88
PALMAS-TL-White,72.88
PALTA1,79.31
PALTA2,79.31
PANAMA-1,174.62
PANDA-Black,142.78
PANDA-Silver,142.78
PANELFR1,46.60
PANELFR2,32.89
PANELFR4,36.19
PANELMB,21.29
PANELSPKIT,14.62
PAPEL1,113.81
PAPEL2,113.81
PAPEL3,113.81
PAPEL4,113.81
PAPILLON1,70.39
PAPILLON2,91.76
PAR-1,96.36
PAR-2,163.41
PAR04N-P-PAR03BL-SH,336.60
PAR04N-P-PAR03C-SH,336.60
PAR30-LED-WW,17.50
PAR3001,12.83
PAR38-15WLED-DL,22.90
PAR38-15WLED-WW,22.90
PAR3801,14.05
PAR3802,14.05
PARADE Red,276.71
PARAGUAS-F1,170.70
PARAGUAS-T1,108.05
PARIGI-8 Pdt,489.89
PARIS,165.64
PAROL1,82.43
PAROL2,82.43
PAROL3,100.60
PAROL4,148.15
PAROL5,148.15
PAROLA TL-GDSM,163.62
PAROLA TL-NKCL,163.62
PARRILLA1,125.14
PARRILLA2,150.19
PARRILLA3,182.13
PARRILLA4,227.67
PARRILLA5,170.75
PARRILLA6,210.59
PASADENA-14 Black/Opal Glass,689.59
PASADENA-14 Chrome/Smoke Glass,728.20
PASADENA-14 Gold/Opal Glass,741.40
PASADENA-14L Black/Smoke Glass,668.53
PASADENA-14L Gold/Amber Glass,728.20
PASADENA-20 Black/Opal Glass,1054.46
PASADENA-20 Chrome/Smoke Glass,1204.56
PASADENA-20 Gold/Amber Glass,1204.56
PASADENA-20 Gold/Opal Glass,1235.74
PASADENA-20L Black/Smoke Glass,1013.82
PASADENA-A1 Black/Opal Glass,79.92
PASADENA-A1 Black/Smoke Glass,73.10
PASADENA-A1 Chrome/Smoke Glass,81.07
PASADENA-A1 Gold/Amber Glass,81.07
PASADENA-A1 Gold/Opal Glass,88.17
PASADENA-A2 Black/Opal Glass,104.61
PASADENA-A2 Black/Smoke Glass,101.53
PASADENA-A2 Chrome/Smoke Glass,121.72
PASADENA-A2 Gold/Amber Glass,121.72
PASADENA-A2 Gold/Opal Glass,132.88
PASTEL01A,52.65
PASTEL02A,52.65
PASTEL03A,52.65
PASTEL04A,52.65
PASTEL05A,52.65
PASTEL06A,52.65
PASTEL07,29.35
PASTEL07A,52.65
PASTEL08,54.55
PASTEL09,54.55
PASTEL10A,97.86
PASTEL11A,97.86
PASTEL12A,97.86
PASTEL13A,97.86
PASTEL14A,97.86
PASTEL15TL,59.88
PASTEL16TL,59.88
PASTEL17TL,59.88
PASTEL18TL,59.88
PASTEL20TL,59.88
PASTEL21TL,59.88
PASTEL22FL,81.72
PASTEL23FL,81.72
PASTEL24FL,81.72
PASTEL25FL,81.72
PASTEL26FL,81.72
PASTEL27FL,81.72
PASTEL28FL,81.72
PASTILLE1,50.26
PASTILLE2,50.26
PATERA1,138.14
PATERA2,138.14
PATERA3,138.14
PATINO PE20-AM,59.14
PATINO PE20-GN,59.14
PATINO PE20-SM,59.14
PATINO PE30-AM,91.91
PATINO PE30-GN,91.91
PATINO PE30-SM,91.91
PATINO PE40-AM,140.20
PATINO PE40-GN,147.78
PATINO PE40-SM,140.20
PAULINE-3L Black,236.78
PAULINE-3L Chrome,269.34
PAULINE-3L Gold,269.34
PAVER-Bollard Black,140.53
PAVER-Bollard Silver,140.53
PAVER-WB Black,82.67
PAVER-WB Silver,82.67
PAYONG1,70.65
PAYONG2,70.65
PAYONG3,82.43
PAYONG4,147.95
PAYONG5,147.95
PBM003,129.02
PC-1,0.04
PC-4,0.06
PC-5,0.06
PC-6,0.08
PD 1166,842.65
PD 184-3 Gold,310.75
PD 184-3 S/Chrome,239.03
PD 184-5 Black,292.38
PD 184-5 Gold,405.46
PD 184-5 S/Chrome,352.55
PD 184-8 Black,550.33
PD 184-8 Gold,781.22
PD 184-8 S/Chrome,679.30
PD 1950-1-Gold,276.87
PD 1950-5-Gold,572.72
PD 2006-CTC D408 Black,215.93
PD 2006-CTC D408-S/Gold,215.93
PD 2006-CTC D508 -S/Gold,245.69
PD 2006-CTC D508 Black,245.69
PD 2006-Pdt D408 Black,215.88
PD 2006-Pdt D408 Bronze,215.88
PD 2006-Pdt D408 S/Gold,215.88
PD 2006-Pdt D508 Black,245.69
PD 2006-Pdt D508 S/Gold,245.69
PD 2006-Pdt D800 Black,1189.65
PD 2006-Pdt D800 S/Chrome,1189.65
PD 2006-Pdt D800 S/Gold,1189.65
PD 25-1METRE,10146.12
PD 3700,1358.56
PD 3702,1014.64
PD 4884 Pendant,1092.80
PD 4885-P-Murano,1219.40
PD 4897-1P-Murano,335.39
PD 5114-Orange/Clear/Black,1109.24
PD 5134-Orange/Clear/Black,823.74
PD 6007-55-Gold,1398.15
PD 71155-P-Amber/Blue/Orange,186.01
PD35-WH,46.05
PD8163-CH,78.54
PDC-350-BK-L,164.01
PDC-350-WH,131.67
PDC-350B-BA-L,204.05
PDC-350B-KO-L,204.05
PDC-350W-BA,171.71
PDC-350W-KO,171.71
PDC-B50-BA,40.04
PDC-B50-KO,40.04
PDL1SQBL,60.19
PDL1SQBRZ,150.57
PDL1SQSS,150.57
PDLUDRECTBLK,75.41
PDLUDRECTBRZ,286.87
PDLUDRECTSS,286.87
PEAK WB-WH,27.49
PEDRAL EX18-BK,82.75
PEDRAL EX18-BZ,82.75
PEDRAL EX23-BK,120.43
PEDRAL EX23-BZ,120.43
PEDRAL PE18-BK,129.97
PEDRAL PE18-BZ,129.97
PEDRAL PE23-BK,176.72
PEDRAL PE23-BZ,176.72
PEG WB,54.23
PELION PE1-AG,109.96
PELION PE1-CH,104.07
PELION PE4-CH,282.74
PELION PE5-AG,287.65
PELION PE5-CH,277.84
PELOTA-1 Chrome/Copper/Woodgrain,303.33
PELOTA-1 White,248.60
PELOTA1,101.31
PELOTA2,101.31
PELOTA3,101.31
PELOTA4,101.31
PELOTA5,101.31
PELOTA6,101.31
PELZER WB20-BKGD,61.06
PELZER WB20-WHGD,61.06
PELZER WB30-BKGD,99.06
PELZER WB30-WHGD,99.06
PELZER WB60-BKGD,268.16
PELZER WB60-WHGD,268.16
PEN1,5.78
PEN2,24.78
PEN3,24.78
PEN4,6.55
PEN5,5.78
PEN6,6.55
PEN7,5.78
PEN8,5.78
PENDOLO1,75.90
PENDOLO2,75.90
PENLIGHT,34.54
PENMATE,35.48
PENOLA,26.40
PENROS EX1-AB,85.88
PENROS EX1-BRS,85.88
PENROS EX1-SS,85.88
PENROS EX2-AB,118.37
PENROS EX2-BRS,118.37
PENROS EX2-SS,118.37
PENSHADE1,97.20
PENSHADE10,97.20
PENSHADE11,97.20
PENSHADE12,97.20
PENSHADE13,97.20
PENSHADE14,97.20
PENSHADE15,97.20
PENSHADE16,97.20
PENSHADE17,97.20
PENSHADE18,97.20
PENSHADE2,97.20
PENSHADE3,97.20
PENSHADE4,97.20
PENSHADE5,97.20
PENSHADE6,97.20
PENSHADE7,97.20
PENSHADE8,97.20
PENSHADE9,97.20
PENT6WLEDLGE,108.90
PENT6WLEDSML,97.90
PERES-1L Black,57.97
PERES-1L Silver,57.97
PERI2WBLK,152.90
PERI2WMG,152.90
PERI4PBLK,251.90
PERI4PMG,251.90
PERI6PBLK,471.90
PERI6PMG,471.90
PERLA TL-IVCL,142.35
PERLA-1,396.06
PEROVA EX40-BK,208.41
PEROVA EX40-BRS,208.41
PEROVA EX50-BK,267.04
PEROVA EX50-BRS,267.04
PERRON PE1-AG,146.28
PERRON PE1-BK,146.28
PERRON PE1-NK,146.28
PERRON PE4-AG,252.31
PERRON PE4-BK,252.31
PERRON PE4-NK,252.31
PERUGIA-1P LGE Beige,175.40
PERUGIA-1P LGE Brown,175.40
PERUGIA-1P Small Brown,140.09
PERUGIA-1P XLG 700 Beige,269.56
PERUGIA-1P XLG 700 Brown,269.56
PERUH-(8101) Beige,72.27
PERUH-(8101) Black,72.27
PERUH-PILLAR MOUNT Black,102.74
PESINI1,89.29
PESINI1W,82.23
PESINI2,89.29
PESINI2W,82.23
PESINI3,89.29
PESINI3W,82.23
PESINI4,89.29
PESINI4W,82.23
PESINI5,89.29
PESINI5W,82.23
PESINI6,89.29
PESINI6W,82.23
PG-1P-AB,39.45
PG-1P-BL,39.45
PG-1P-BS,39.45
PG-1P-CH,39.45
PG1ABL,38.68
PG1ABR,123.31
PG1ABR1,123.31
PG1ABR2,123.31
PG1ABR3,123.31
PG1AC,123.31
PG1ACEC,91.75
PG1ACECA,91.75
PG1ASHSIL,42.98
PG1ASIL,38.68
PG1ASS,96.06
PG1AT,42.98
PG1AWH,38.68
PG1FBL,34.38
PG1FBR,119.01
PG1FBR1,119.01
PG1FBR2,119.01
PG1FBR3,119.01
PG1FC,119.01
PG1FCEC,91.75
PG1FCECA,91.75
PG1FSHSIL,42.98
PG1FSIL,34.38
PG1FSS,81.72
PG1FT,40.11
PG1FWH,34.38
PG2ABL,71.68
PG2ABR,272.53
PG2AC,272.53
PG2ACEC,124.75
PG2ACECA,124.75
PG2ASHSIL,78.83
PG2ASIL,71.68
PG2ASS,172.09
PG2AT,78.83
PG2AWH,71.68
PG2BARBL,77.26
PG2BART,84.59
PG2BARWH,77.42
PG3BARBL,114.72
PG3BART,120.44
PG3BARWH,114.72
PG4BARBL,153.44
PG4BART,169.24
PG4BARWH,153.44
PG4SQBL,169.24
PG4SQT,169.24
PG4SQWH,169.24
PGUDBL,42.98
PGUDBR,169.24
PGUDBR1,169.24
PGUDBR2,169.24
PGUDBR3,169.24
PGUDC,169.24
PGUDCEC,114.72
PGUDCECA,114.76
PGUDSHSIL,48.70
PGUDSIL,42.98
PGUDSS,114.72
PGUDT,48.70
PGUDWH,42.98
PHARE01G,86.02
PHARE01M,86.02
PHARE02G,86.02
PHARE02M,86.02
PHARE03EXT,48.21
PHARE03G,100.38
PHARE03M,100.38
PHARE04EXT,50.96
PHARE04G,96.98
PHARE04M,100.38
PHARE05G,169.24
PHARE05M,169.24
PHARE06M,71.68
PHARE07M,68.79
PHOENIX,135.99
PIATTO1,77.81
PIATTO2,71.17
PICARD SP1-BK,13.04
PICARD SP1-WH,13.04
PICARD SP2-BK,25.01
PICARD SP2-WH,25.01
PICARD SP3-BK,38.05
PICARD SP3-WH,38.05
PICARD SP4-BK,50.02
PICARD SP4-WH,50.02
PICARD SP5-BK,70.03
PICARD SP5-WH,70.03
PIER1PBLK,118.80
PILOT01,4.33
PINO1,94.56
PINO2,94.56
PINO3,94.56
PINO4X3R,266.10
PINO5,82.83
PINO6,82.83
PINO7,82.83
PINO8X3R,236.47
PINTA PE08-GD,255.26
PINTA PE10-BK,361.28
PINTA PE10-GD,361.28
PINTOR CTC9-CH,332.21
PIRA DL85-WH93,33.89
PIRAMIDO-17L Black,1824.35
PIRAMIDO-17L Chrome,1824.35
PIRAMIDO-17L Gold,1824.35
PIRAMIDO-9L Black,847.44
PIRAMIDO-9L Chrome,847.44
PIRAMIDO-9L Gold,847.44
PIVOT TL-BK,31.56
PIVOT TL-BL,31.56
PIVOT TL-GD,29.45
PIVOT TL-GN,32.40
PIVOT TL-PK,29.45
PIVOT TL-WH,31.56
PIXIEM098,40.66
PL-11CW,5.04
PL-7CW,5.87
PL-9CW,5.04
PL2205,387.08
PL2206,387.08
PL243BLK,562.1
PL243WH,562.1
PL250BLK,583.66
PL250BTL,630.63
PL250SLV,583.66
PL250TDW,630.63
PL250WH,583.66
PL250WTL,630.63
PL260BLK,746.9
PL260BTL,796.18
PL260SLV,746.9
PL260TDW,796.18
PL260WH,746.9
PL260WTL,796.18
PL2LKB3,170.94
PL2LKS3,170.94
PL2LKTD3,170.94
PL2LKTP3,170.94
PL2LKW3,170.94
PL343BLK,588.28
PL343WH,588.28
PL350BLK,608.3
PL350BTL,670.67
PL350SLV,608.3
PL350TDW,670.67
PL350WH,608.3
PL350WTL,670.67
PL360BLK,784.63
PL360BTL,854.7
PL360SLV,784.63
PL360TDW,854.7
PL360WH,784.63
PL360WTL,854.7
PL3LKB3,178.64
PL3LKS3,178.64
PL3LKTD3,178.64
PL3LKTP3,178.64
PL3LKW3,178.64
PLACIN FL-BZIV,158.02
PLACIN TL-AGIV,92.57
PLACIN TL-BZIV,92.57
PLAF-1000 Gold,10161.80
PLAF-55 Gold,2115.19
PLANA01,79.19
PLANA02,79.19
PLANE-HL9657-2,186.01
PLC003,22.10
PLCQ-18WW,2.88
PLCQ-26WW,4.31
PLFR-HAC,73.15
PLFR-HAC010,217.91
PLFR-SGS,53.13
PLFR-WIFI,50.82
PLRK45-WIFI,186.34
PLRK60-WIFI,186.34
PLUG001,3.48
PLUG002,4.07
PLUTO-F/L White,125.73
PLYM1EBLK,81.40
PLYM1EBRZ,81.40
PM1ABL,38.68
PM1ABR,123.31
PM1ACEC,91.75
PM1ACECA,91.75
PM1ASHSIL,42.98
PM1ASIL,38.68
PM1ASS,96.06
PM1AT,42.98
PM1AWH,38.68
PM1FBL,34.38
PM1FBR,119.01
PM1FC,110.56
PM1FCECA,91.75
PM1FSIL,34.38
PM1FSS,81.72
PM1FT,40.11
PM1FWH,34.38
PM2ABL,71.68
PM2AC,253.18
PM2ACEC,124.75
PM2ACECA,124.75
PM2ASHSIL,78.83
PM2ASIL,71.68
PM2ASS,172.09
PM2AT,78.83
PM2AWH,71.68
PMUDBL,42.98
PMUDBR,169.24
PMUDCEC,114.72
PMUDCECA,114.72
PMUDSHSIL,48.70
PMUDSIL,42.98
PMUDSS,114.72
PMUDT,48.70
PMUDWH,42.98
POD 110-830D-NK,4.49
POETIX FL-BE,137.45
POETIX FL-GD,137.45
POETIX PE35-BE,81.35
POETIX PE35-GD,81.35
POETIX PE50-BE,132.77
POETIX PE50-GD,132.77
POETIX TL-BE,61.71
POETIX TL-GD,61.71
POI1,113.93
POI2,113.93
POL16WLEDBLK,119.90
POL16WLEDWHT,119.90
POL24WLEDBLK,163.90
POL24WLEDWHT,163.90
POLANO TLL-BEIV,120.62
POLANO TLS-BEIV,70.12
POLIGON-2 SILVER,69.91
POLIGON-2L Black,69.91
POLK PE20-ALB,57.92
POLK PE20-BKB,57.92
POLK PE20-BKCP,67.74
POLK PE20-BZB,57.92
POLK PE20-GDB,57.92
POLK PE20-OKWH,48.11
POLK PE20-WHB,57.92
POLK PE30-ALB,83.45
POLK PE30-BKB,83.45
POLK PE30-BKCP,93.27
POLK PE30-BZB,83.45
POLK PE30-GDB,83.45
POLK PE30-OKBK,73.63
POLK PE30-OKWH,73.63
POLK PE30-WHB,83.45
POLK PE45-ALB,181.62
POLLARD FL-BKAG,129.97
POLYTA-BLACK,40.10
POLYTA-SILVER,40.10
POP-1L Bronze inc. LED  G125 Am,80.85
POP-1P S/Gold inc. LED  G125 Am,80.85
PORS8P,955.90
PORT2EBLK,49.50
PORT2EWHT,49.50
PORTHO-1P Bronze,389.29
PORTOBELLO-1L D250 Black,104.78
PORTOBELLO-1L D250 Gold,111.82
PORTOBELLO-1L D350 Black,140.09
PORTOBELLO-1L D350 Gold,151.86
PORTOBELLO-1L D400 Black,151.86
PORTOBELLO-1L D400 Gold,163.62
POTENZA T/L  Black,190.69
POTENZA T/L Beige,190.69
POTTER- Beige Up,47.47
POTTER-Black Up,47.47
PRADA EX-WH,88.83
PRAGE-28L,7742.30
PRATT PE20-AB,135.58
PRATT PE30-BK,214.12
PRI-150LN-54W-BK,311.85
PRI-150LN-54W-WH,311.85
PRI-200LN-65W-BK,448.14
PRI-200LN-65W-WH,448.14
PRI-250LN-76W-BK,579.04
PRI-250LN-76W-WH,579.04
PRICILLA-24 Led Mirror,293.10
PRICILLA-36 Led Mirror,422.56
PRINCES-1L BLACK,208.45
PRIVAS PE28-AGFR,100.98
PRIVAS PE38-AGFR,196.35
PRO2RSC12V,19.80
PROCIDA-Large Black W/B,163.90
PROCIDA-Small Black W/B,126.50
PROGETTO-F1,102.53
PROGETTO-F2,102.53
PROVO EX-BKCL,55.12
PS31-WH,17.03
PT818W5FT,28.77
PT8TRI1,9.01
PT8TRI2,18.06
PT8TRI3,7.50
PTBX200,27.84
PTBX250,32.61
PUENTE1,219.45
PUTIK-Black,44.61
PUTIK-White,44.61
PV100-EXT2,6.95
PV300-POST,34.06
PVB207-BL,153.11
PVB300-BL,157.19
PVB700-BL,245.55
PVB800-BL,301.55
PVB809-BL,301.55
PVB850-BL,298.43
PVB859-BL,311.74
PVB900-BL,457.18
PVB909-BL,470.01
PVF127-BL,64.99
PVF130-BL,113.31
PVP200-BL,504.42
PVP31HLXWH,424.35
PVP600-CC,954.65
PVP600HL,23.87
PVPX200R,74.77
PVPX250R,101.41
PVPXDC200,81.23
PVPXDC200WHRDLEDR,122.31
PVPXDC200WHRDR,93.59
PVPXDC200WHSQLEDR,122.31
PVPXDC200WHSQR,93.59
PVPXDC250,105.88
PVPXDC250WHRDLEDR,151.04
PVPXDC250WHRDR,120.66
PVPXDC250WHSQLEDR,151.04
PVPXDC250WHSQR,120.66
PVPXHF200RDLEDR,115.81
PVPXHF200RDR,87.05
PVPXHF200SQLEDR,115.81
PVPXHF200SQR,87.05
PVPXHF250RDLEDR,146.57
PVPXHF250RDR,116.19
PVPXHF250SQLEDR,146.57
PVPXHF250SQR,116.19
PVPXHF300RDR,123.47
PVPXHF300SQR,123.47
PVT200-BL,102.40
PVT300-BL,106.00
PVW207-BL,114.62
PYRUS EX.P-BK3,58.62
Pelota1,101.31
Pelota2,101.31
Pelota3,101.31
Pelota4,101.31
Pelota5,101.31
Pelota6,101.31
Penmate,35.48
Pors8p,955.90
Q00.02,146.19
Q003,12.23
Q004,10.91
Q005,11.63
Q013,44.00
Q020,53.47
Q022,57.19
Q040,43.41
Q041,47.37
Q063,45.68
Q100,12.23
Q138,29.26
Q209,82.14
Q210,82.14
Q211,82.14
Q216,90.29
Q217,90.29
Q218,113.42
Q222,67.98
Q223,67.98
Q276,17.03
Q316,83.34
Q317,83.34
Q318,83.34
Q332,58.51
Q333,79.50
Q372,53.00
Q408-WH,154.19
Q435,9.00
Q447,13.43
Q448,19.67
Q458,47.72
Q508,35.01
Q511,56.60
Q512,41.25
Q532-BE,11.28
Q532-GN,11.28
Q541-BE,17.03
Q541-GN,17.03
Q547-AC,11.03
Q547-BE,11.03
Q547-ME,11.03
Q573-CL,19.67
Q585-AC,7.19
Q622,21.70
Q630,19.67
Q634,21.70
Q697,14.63
Q723,19.31
Q763,20.62
Q820-L,47.96
Q820-M,35.97
Q820-S,23.98
Q820-W,23.98
Q873,10.67
Q903,16.79
Q904,15.35
Q905,15.35
Q908,29.26
Q921-BS,6.00
Q922-BS,4.55
Q922-CH,4.55
Q922-WH,4.55
Q923-BS,3.48
Q923-WH,3.48
Q935,19.67
Q938,25.54
Q940,3.48
Q941,4.20
Q942,4.20
Q943,4.20
Q944,4.20
Q945,4.20
Q947,4.20
Q981,16.91
Q983,16.91
Q985,16.91
Q986,16.91
QC4025,17.03
QH1011,21.70
QH1621-AM,152.52
QH1632-AM,189.93
QH1632-CL,180.93
QH1632-SM,180.93
QH1635-AM,251.79
QH200,58.99
QH2123-1,62.59
QH2149-3S,113.31
QH2183,44.85
QH2193-WH,99.64
QH2198-WH,148.92
QH290,94.13
QH3103-BS,117.74
QH3228-AB,155.03
QH3228-BL,155.03
QH3228-SC,155.03
QH3749,60.55
QH3926,77.94
QH3993,55.76
QH400,147.24
QH4097-BL,112.11
QH4097-WH,112.11
QH4277-WH,79.50
QH4803,188.96
QH5016,59.24
QH6311-AC,265.82
QH6313-AC,431.76
QH690-BE,46.40
QH8891-BL,143.88
QH8891-BZ,143.88
QH9020,31.30
QH9171-GO,142.09
QIK-24 9W LED,50.60
QJ1000,11.99
QJ1050,11.99
QJ2000,26.38
QJ2050,11.99
QJ2080,21.95
QJ3000,17.99
QJ3050,17.99
QSO.054,34.32
QUADRILLE-4P,111.21
QUALE-002L,41.30
QUALE-1,41.30
QUALE-202L,41.30
QUATTRO-1P BLACK,87.67
QUATTRO-1P WHITE,87.67
QUEEN-24 Led Mirror 19W,240.90
QUEEN-36 Led Mirror 24W,294.80
QUEENIE-4P,127.27
QUILO FL-BKSM,97.19
QUILO PE20-BKSM,57.92
QUILO PE3B-BKSM,122.72
QUILO PE40-BKSM,83.45
QUILO PE5-BKSM,175.73
QUINDI-2P,1547.70
QUINTO-1P WOOD,131.95
QUINTO-1P Wood,131.95
R I36-Grey          NETT,21.12
R I36-Sand          NETT,21.12
R I36-White         NETT,21.12
R POST 1 METRE Black 60mm,42.62
R POST 1 METRE Silver 60mm,42.62
R POST 2 METRE Black 60mm,85.14
R POST 2 METRE Silver 60mm,85.14
R1041-1B-SC,69.30
R1043-3P-SC,179.14
R1044-1P-SC,70.62
R1051-1B-WH,33.81
R1055-5P-WH,142.44
R1481-AB,70.98
R1481-SC,70.98
R1502-2B-AB,96.76
R1505-5P-AB,304.79
R1508-8P-AB,381.28
R1571-CH,35.26
R1591-AB,126.38
R1591-SC,126.38
R1682-AB,102.04
R1682-SC,102.04
R1765-5C-CH,126.61
R1842-2B-BR,106.95
R1845-5P-BR,451.66
R1895-5P-BL,119.78
R2015-5C-CH,66.07
R2474-BL,329.97
R2476-BL,460.54
R24912-12P-BB,1240.97
R24912-12P-CR,1240.97
R2492-2B-BB,208.38
R2492-2B-CR,208.38
R2495-5P-BB,489.19
R2495-5P-CR,489.19
R2683-AB,345.55
R2683-SC,345.55
R2769-9P-CH,155.28
R3806-BLBS,105.27
R4301-1P-AB,157.43
R4301-1P-BL,157.43
R4301-1P-SC,157.43
R4581-1P-AB,129.01
R4581-1P-BL,129.01
R4613-BL,216.30
R4614-BL,413.66
R5331-1B-AB,94.01
R5423-3P-AB,273.61
R5423-3P-BL,273.61
R5787-1P-AB,72.18
R5787-1P-SC,72.18
R6153-3B-CH,90.41
R6342-2B-AB,86.09
R6342-2B-BL,86.09
R6342-2B-SC,86.09
R6343-3P-AB,152.99
R6343-3P-BL,152.99
R6345-5P-AB,172.66
R6345-5P-BL,172.66
R6348-8P-AB,319.18
R6348-8P-BL,319.18
R63L1B,9.74
R63L2B,9.74
R6412-2B-BR,33.69
R6430-1B-BR,22.54
R6430-1B-SC,22.54
R6792-2B-PG,31.17
R6847-CH,58.87
R6847-CO,58.87
R71A,26.53
R72A,26.53
R73A,23.60
R74A,23.60
R75,13.04
R76,13.04
R7633-3P-CH,50.96
R77,11.02
R78,11.02
R80228-10C-SC,128.53
R80228-3B-SC,74.82
R8048-BLBS,160.07
R8071-1P-SC,224.21
R80D-12EWW,11.75
R80L1B,10.81
R80L2B,10.81
R81510-10C-CH,156.11
R8708-1B-SC,116.06
R8735-5P-DB,210.19
R888-8P,208.03
R8891-3P-BL,428.29
R8891-3P-BZ,428.29
R9351-1B-AB,70.98
R9352-2B-AB,101.43
R9353-3P-AB,155.28
R9355-5P-AB,255.15
R9926-BL,128.53
RAC-1PN-45-E27-WH,164.78
RAC-1PN-60-E27-WH,234.08
RACHA1,142.21
RACHA2,142.21
RACHA3,142.21
RAD2BAL,75.38
RAD2MBL,75.38
RAD2WHL,75.38
RADIANT-7 BLACK,236.78
RADIANT-7 GOLD,251.63
RADIANT-A2 Black,108.19
RADIANT-A2 Gold,121.72
RADU-14 Blk W/B 14W 500x200x12m,105.88
RADU-14 Wh W/B 14W 500c200x12m,105.88
RAFI WB-GM,81.35
RAGUSA-1P Large BLACK,385.66
RAGUSA-1P Large Natural Wood,385.66
RAGUSA-1P Long  BLACK,457.00
RAGUSA-1P Long Natural Wood,457.00
RAGUSA-1P Small BLACK,232.10
RAGUSA-1P Small Natural Wood,232.10
RAKER G13-BK324,29.83
RAKER G23-BK324,29.83
RAKER G43-BK324,29.83
RAMA2ECHA,68.20
RAMA2ESLV,68.20
RAMBLA-F/L,422.56
RAMBLER-Black,41.53
RAME-Pillar Mount,243.10
RAME-Wall Bracket,264.22
RAMIRO EX20-BK,78.54
RAMIRO EX20-BZ,78.54
RAMIRO EX25-BK,103.69
RAMIRO EX25-BZ,103.69
RAMIRO PE20-BK,111.27
RAMIRO PE20-BZ,111.27
RAMIRO PE25-BK,158.02
RAMIRO PE25-BZ,158.02
RAMO1WCH,126.50
RAMO1WWHT,112.20
RAMON-3W LED,31.24
RANA FL40NAT,195.42
RANA PE30-BK,73.87
RANA PE30-BRN,73.87
RANA PE30-NAT,73.87
RANA PE40-BK,120.62
RANA PE40-BRN,120.62
RANA PE40-NAT,120.62
RANA PE50-BK,186.07
RANA PE50-BRN,186.07
RANA PE50-NAT,186.07
RANA TL30BK,107.53
RANA TL30BRW,107.53
RANA TL30NAT,107.53
RANA TL40BK,158.02
RANA TL40BRW,158.02
RANA TL40NAT,158.02
RANA TL50BK,232.82
RANA TL50BRW,232.82
RANA TL50NAT,232.82
RANA-White,106.70
RANGIO-Orange,123.53
RANGIO-Red,136.02
RANGIO-White,123.53
RANK-ROUND BLACK,60.89
RANK-ROUND WHITE,60.89
RANK-SQUARE BLACK,60.89
RANK-SQUARE WHITE,60.89
RAP-1-Black,136.24
RAP-1-Silver,136.24
RAP-1-White,136.24
RAVENNA-1L BLACK,200.09
RAVENNA-1L WHITE,200.09
RAVENNA-40 Black,141.24
RAVENNA-40 White,141.24
RAXA WB-BKGY,97.24
RAXA WB-BRWBK,97.24
RAXA WB-GNBK,97.24
RAXA WB-OGGY,97.24
RAYN1WBLK,93.50
RAYN1WCHR,104.50
RAYN1WGLD,108.90
RAYN2WBLK,119.90
RAYN2WCHR,137.50
RAYN2WGLD,141.90
RAZORDM001A,32.27
RAZORDM002A,42.92
RAZORDMW01,36.10
RAZORDMW02,47.78
RCK2126-B,51.59
RCK2126-W,51.59
RDA8,36.04
RDC8,36.04
RDF8,36.04
RDT8,36.04
RDTL8,38.32
REANO TL-GY,59.05
REANO TL-WHTRZIV,59.05
REDOR-A1 18W 3000K,361.90
REESE EX135-BK,75.41
REESE EX18-BK,109.96
REGAL- 30W LED OYSTER,69.85
REGI1EBLK,38.50
REGINA-18L Bronze,1648.90
REGINA-18L Chrome,1648.90
REGINA-27L Bronze,3298.90
REGINA-27L Chrome,3298.90
REGINA-9L Bronze,988.90
REGINA-9L Chrome,988.90
REGIO-1,109.28
REHZO-5L Black,493.19
REHZO-5L Bronze,493.19
REHZO-5L Chrome,493.19
REMO1,90.34
REMO2,90.34
RENARA TL-BEAG,92.57
RENARA TL-GNBK,92.57
RENE TL20-BLAG,51.43
RENE TL20-CLAG,51.43
RENE TL20-OMAG,51.43
RENTO-2-FL-BLACK,80.63
RENTO-2-FL-WHITE,80.63
RENTO-TL-BLACK,38.72
RENTO-TL-WHITE,38.72
REPISATRI1,72.90
REPISATRI2,72.90
RG-65200,41.36
RG-65305,40.70
RG-69400,36.96
RH150Round,94.66
RH150Square,101.48
RHE-14PN-100W-BK,877.80
RHE-14PN-100W-BR,877.80
RHINO WB-GD,101.92
RIALTO-6L Black,466.07
RIALTO-6L Bronze,491.98
RIALTO-6L Chrome,491.98
RIALTO-8L Black,681.50
RIALTO-8L Bronze,705.05
RIALTO-8L Chrome,705.05
RIANNA-50,457.88
RIAS CTC40-CH3C,400.18
RIAS CTC40-GD3C,400.18
RIAS CTC50-CH3C,474.05
RIAS CTC50-GD3C,474.05
RIAS PE2T-CH3C,704.99
RIAS PE2T-GD3C,704.99
RIAS PE3T-CH3C,1267.86
RIAS PE3T-GD3C,1267.86
RIAS PE6T-CH3C,3192.09
RIAS PE6T-GD3C,3192.09
RIB-1PN-23-E27-AM-GD,88.55
RIB-1PN-23-E27-BL-GD,88.55
RIB-1PN-23-E27-CL-GD,88.55
RIB-1PN-23-E27-GR-GD,88.55
RIB-1PN-23-E27-SM-GD,88.55
RIB-1PN-28-E27-AM-GD,111.65
RIB-1PN-28-E27-BL-GD,111.65
RIB-1PN-28-E27-CL-GD,111.65
RIB-1PN-28-E27-GR-GD,111.65
RIB-1PN-28-E27-SM-GD,111.65
RIB-1PN-36-E27-AM-GD,156.31
RIB-1PN-36-E27-BL-GD,156.31
RIB-1PN-36-E27-CL-GD,156.31
RIB-1PN-36-E27-GR-GD,156.31
RIB-1PN-36-E27-SM-GD,156.31
RIB-1PN-E27-BK,23.10
RICO-Beige,53.13
RICO-Black,53.13
RICO-Silver,53.13
RICOL-LED Flood Beige,84.76
RICOL-LED Flood Black,84.76
RICOL-LED Flood Silver,84.76
RICTUS1,155.08
RICTUS2,155.08
RICTUS3,155.08
RICTUS4,155.08
RICTUS5,155.08
RICTUS6,155.08
RIELLO-56 Vanity 8W,95.15
RIELLO-90 Vanity 12W,133.82
RIETI-2 BLACK CCT,109.95
RIETI-2 WHITE CCT,109.95
RIGONI-1000,4092.83
RIGONI-300,281.44
RIGONI-400,430.32
RIGONI-500,713.19
RIGONI-600,981.04
RIGONI-800,2274.91
RILTO PT3-BK324,32.91
RILTO PT3-GN324,32.91
RILTO PT3-RST324,32.91
RILTO SP3-BK324,28.80
RILTO SP3-GN324,28.80
RILTO SP3-RST324,28.80
RIMINI WB-BEBK,73.87
RIMINI WB-BEVB,73.87
RIOG2,128.62
RIONA-10 Black / Opal,515.90
RIONA-10 Gold / Opal,625.90
RIONA-16 Black / Opal,823.90
RIONA-16 Gold / Opal,878.90
RIST1PBLK,58.30
RIST1PSC,63.80
RIST1PWHT,58.30
RIV-02W,99.00
RIVA EX1-SS,13.18
RIVA EX2LED-BK,42.17
RIVA EX2LED-SS,42.17
RIVEN WB2-AGCL,54.98
RIVEN WB2-AGOM,54.98
RIVEN WB2-BKSM,54.98
RIVEN WB2-CHOM,54.98
RIVERINA,31.90
RIVI10PCHR,874.50
RIVI10PGLD,907.50
RIVI1PCHR,159.50
RIVI1PGLD,170.50
RIVI5PCHR,511.50
RIVI5PGLD,544.50
RIVOLI-3L,312.51
RIVOLI-5L,416.74
ROB-28CL-18W-WH,35.42
ROB-35CL-24W-WH,43.89
ROB-42CL-32W-WH,53.13
ROCHA TL-AGOP,83.22
ROCHA TL-BKOM,83.22
ROCHA TL-BKSM,83.22
ROCHE1,151.58
ROCHE2,151.58
ROCKY,72.90
RODILLO1,106.52
RODILLO2,100.60
RODILLO3,100.60
RODILLO4,88.77
RODILLO5,88.77
ROKA16WLEDBLK,148.50
ROKA16WLEDCH,159.50
ROKA16WLEDGLD,170.50
ROKA16WLEDWHT,148.50
ROKA23WLEDBLK,207.90
ROKA23WLEDCH,218.90
ROKA23WLEDGLD,229.90
ROKA23WLEDWHT,207.90
ROLAND EX2-BK,54.51
ROLANO-Large Clear,219.99
ROLANO-Large Ribbed,233.19
ROLANO-Medium Clear,153.99
ROLANO-Medium Ribbed,164.99
ROLO1PBKG,84.15
ROLO1PCCH,84.15
ROMA TL-BKBM,59.84
ROMA-Aluminium,76.62
ROMA-Black,76.62
ROMAN Down Black,102.74
ROMAN Down White,102.74
ROMAN P/Mount Black,102.74
ROMAN P/Mount White,102.74
ROMAN Up Black,102.74
ROMAN Up White,102.74
ROMAN-PDT BLACK,104.17
ROMAN-PDT WHITE,104.17
ROMAY PE150-BKOP,302.01
ROMAY PE60-BKOP,294.53
ROMAY PE80-BKOP,416.08
ROMEG2,132.48
ROMINA-T/L Black,129.97
ROMINA-T/L White,129.97
RONDA-TL-BLACK,37.12
RONDO DL105-WH,10.19
ROS-120 BLACK,686.24
ROS-120 CHROME,705.05
ROS-90 BLACK,552.04
ROS-90 CHROME,575.58
ROSEUS FL-BK,125.76
ROSNER FL-BK,97.24
ROSNER FL-WH,97.24
ROSNER TL-BK,75.73
ROSNER TL-WH,75.73
ROSSANA-100 Black,457.88
ROSSANA-100 Natural,457.88
ROSSANA-50 Black,163.62
ROSSANA-50 Natural,163.62
ROSSANA-70 Black,340.18
ROSSANA-70 Natural,340.18
ROTA1,159.73
ROTIF FL-BRS,114.07
ROTIF PE16-BRS,51.43
ROTIF TL-BRS,60.78
ROTONDO-5L,434.78
ROWENA-36W Black Figure 6,297.71
ROWENA-36W White Figure 6,297.71
ROY1304BL-L,219.53
ROY1304TI,172.83
ROY1304WH-L,212.75
RS-NUT10,0.18
RS006S Round,93.61
RS011-1,340.51
RS011-2,404.19
RS034BTS,256.25
RS034S,197.78
RS035-BTS St/Steel,239.03
RS035S,146.19
RS036-St/Steel,123.86
RS036BTS,239.03
RS1015,3.72
RS1G23Round,198.17
RS1G23Square,198.17
RS2000,0.11
RS2001-1,2.16
RS2001-2,3.00
RS2001-3,4.08
RS2001-4,4.80
RS2001-50,35.26
RS2002,4.20
RS2003,3.84
RS2004,3.48
RS2005,2.64
RS2006,3.60
RS2007,2.76
RS2008,4.92
RS2009,4.92
RS2010,4.68
RS2200,2.88
RSIG26S Square,101.48
RUSH SPK1-BK324,89.48
RVIN EX2-BK,26.74
RYAN-1 LED 304 S/St,63.86
RYAN-1L BLACK ADJ,60.89
RYAN-2 LED 304 S/St,75.30
RYAN-2L BLACK UP/DN,72.27
RYDE1EAGB,196.90
RYDE1EBLK,185.90
RYE EX20-BK,169.09
RYE EX20-BRS,169.09
RYE EX27-BK,299.15
RYE EX27-BRS,299.15
RYE PE20-BK,155.07
RYE PE20-BRS,155.07
RYE PE27-BK,265.12
RYE PE27-BRS,265.12
RYLAND EX2-BK,64.80
RYLAND EX2-BRS,64.80
RYLAND EX2-RST,64.80
S041-BL,50.48
S041-WH,50.48
S048-BL,31.42
S048-WH,31.42
S106,20.62
S201-BL,401.91
S251-BL,145.20
S252-BL,163.19
S318-BL,187.41
S600-BL,134.29
S620-BL,236.20
S76,31.17
S9B15LED12,11.83
S9B15LED12-ZB,15.54
S9B15LED13,11.83
S9B15LED13-ZB,15.54
S9B22LED9W,13.86
S9B22LED9W-4K,11.29
S9B22LED9W-4K-ZB,14.40
S9B22LED9W-RGB,16.29
S9B22LED9W-RGB-Z,19.72
S9B22LED9W-ZB,17.58
S9E14LED12,11.83
S9E14LED12-ZB,15.54
S9E14LED13,11.83
S9E14LED13-ZB,15.54
S9E27LED9W,13.86
S9E27LED9W-4K,11.29
S9E27LED9W-4K-ZB,14.40
S9E27LED9W-RGB,16.29
S9E27LED9W-RGB-Z,19.72
S9E27LED9W-ZB,17.58
S9E27LEDP38,21.26
S9E27LEDP38-ZB,24.97
S9GU10LED5,12.69
S9GU10LED5-RGB,13.95
S9GU10LED5-RGB-Z,15.52
S9GU10LED5-ZB,16.80
SA-B4-BS,44.48
SA-P1-CH,34.29
SABER1,159.52
SABER2,159.52
SABRA PE45-ACCP,129.97
SABRA PE45-NKSL,129.97
SACO2EBLK,49.50
SACO2EWHT,49.50
SADDLE001,0.35
SADDLE002,0.36
SADDLE003,0.36
SADDLE004,0.45
SADDLE005,0.13
SADDLE006,0.18
SADDLE007,0.18
SADDLE008,0.21
SAFFI WB-AB,77.56
SAFFI WB-BK,77.56
SAGERO FL-NKWH,259.93
SAGITTA-T1,130.93
SAGITTA-T3,159.38
SAGITTA-T5,130.93
SAGITTA-T7,130.93
SAGITTA-T9,227.61
SAGITTA1,142.27
SAH21BL,296.45
SAH21WH,296.45
SAH31BL,350.54
SAH31WH,350.54
SAKUP1,123.39
SAKUP2,123.39
SALAS PE120-CG,195.42
SALAS PE120-GY,195.42
SALERNO-3L CTC 408 Chrome,221.87
SALERNO-3L PDT 408 Chrome,221.87
SALERNO-5L CTC 508 Chrome,266.53
SALERNO-5L PDT 508 Chrome,266.53
SALERNO-W/B,57.92
SALISBURGO-12+6 Chrome,5456.11
SALISBURGO-12+6 Gold,5456.11
SALISBURGO-6+3 Chrome,2180.86
SALISBURGO-6+3 Gold,2180.86
SALISBURGO-8+4 GOLD,3173.61
SALLY-8 Blk W/B 8W 400x100x50m,82.33
SALLY-8 Ch W/B 8W 400x100x50m,94.11
SAMONA BF-AGCL,68.25
SAMONA PE03-AGCL,143.99
SAMONA PE06-AGCL,244.04
SAMONA PE08-AGCL,295.46
SAMONA PE14-AGCL,519.86
SAMONA WB-AGCL,61.66
SANDRO CTC5-CH,176.72
SANREMO-1P,101.64
SANSIRO-30,132.55
SANSIRO-40,186.67
SANSIRO-50,195.36
SANSIRO-60,343.92
SANSIRO-80,604.34
SANSO-Alumin,76.62
SANSO-Black,76.62
SANTIAGO,124.30
SANTON-30 Black,206.97
SANTON-30 Wood,206.97
SANTON-35 Black,281.44
SANTON-35 Wood,281.44
SANTON-75 Black,614.19
SANTON-75 Wood,614.19
SAONA-3L B Gold Rugged,448.64
SAONA-3L BLACK,448.64
SAONA-3L WHITE,448.64
SARDA-BLACK CCT,50.55
SARI1,166.57
SARI2,166.57
SARI2EBLK,112.75
SARI2EWHT,112.75
SARNEL EX2-BRS,47.31
SARNEL EX2-RST,47.31
SATILLO TL-BK,57.92
SATILLO TL-GY,57.92
SATILLO TL-WH,57.92
SATROM FL-ABWH,138.38
SATROM FL-BKGN,138.38
SATROM TL-ABWH,83.22
SATROM TL-BKGN,83.22
SATYR-1L PDT or W/B,72.98
SAVINA CTC32-CH,223.47
SAVINA CTC45-CH,303.88
SAVINA CTC73-CH,640.48
SAVINA PE12-CH,406.73
SAVINA PE18-CH,458.15
SAVOIA-11L,646.20
SAVOIA-8L,469.65
SAYOL-2P,244.04
SB1610,94.96
SB1650,94.96
SBARRA- SILVER,59.40
SBARRA-BLACK,59.40
SBF118-24CW,3.00
SBF3U-15EWW,3.35
SBF3U-18EWW,3.35
SBF4U-65EDL,15.71
SBF50-7GUWW,1.80
SBF63-11BWW,2.88
SBF63-11EWW,2.88
SBF80-13EWW,3.00
SBFBA-11BWW,4.92
SBFBA-5SEWW,3.60
SBFCF-5BWW,2.52
SBFCF-5SEWW,2.52
SBFSP-15EWW,2.52
SBFSP-26EWW,2.52
SBFSP-7EWW,2.52
SBFSP-7SEWW,2.52
SBIR01,34.99
SBL-18EDL,10.67
SBL-18EWW,9.35
SBL-28EDL,15.47
SBL-28EWW,15.47
SBL-8EWW,5.87
SC-P2-BS,29.02
SC4005,6.83
SC4006,10.08
SC616-BL,59.24
SC616-WH,59.24
SC705-BL,117.99
SC706-BL,131.30
SC706-WH,131.30
SCAN2WLEDBLK,137.50
SCAN2WLEDWHT,159.50
SCAPE PT3-BK324,66.76
SCAPE PT3-GN324,66.76
SCAPE PT3-RST324,66.76
SCD30-TLT-BL,128.17
SCD30-TLT-WH,128.17
SCU-1PN-32-E27-AM-GD,133.21
SCU-1PN-32-E27-CL-GD,133.21
SCU-1PN-32-E27-SM-GD,133.21
SD-DIF,8.15
SD-FG-SC,10.20
SD-FG-WH,10.20
SD-IPX5,4.31
SD-REF,6.00
SD-RING-BL,6.00
SD-RING-CR,6.00
SD-RING-GD,6.00
SD-RING-SC,6.00
SD-RING-WH,6.00
SD-TRIM-BL,4.20
SD-TRIM-SI,4.20
SD-TRIM-WH,4.20
SD100-BL,17.27
SD100-BS,17.27
SD100-SC,17.27
SD100-SI,17.27
SD100-WH,17.27
SD100F-WH,12.47
SD100L-WH,23.86
SD125-LFL-WH,5.75
SD125F-SC,22.54
SD125F-WH,22.54
SD125L-BL,27.34
SD125L-GD,27.34
SD125L-SC,27.34
SD125L-WH,27.34
SD127-BL,27.09
SD127-SI,27.09
SD127-WH,27.09
SD130-SC,20.99
SD130-WH,20.99
SDC-LFL-WH,8.15
SDC-TLT-SC,11.75
SDC3SPWC,11.90
SDC57,90.40
SDC8G,109.98
SDCEXTR60BL,23.49
SDCEXTR60WH,23.49
SDCEXTR90BL,24.52
SDCEXTR90WH,24.52
SDCRC,22.98
SDHS-SC,11.75
SDL235-SI,59.71
SDM-CG150,58.87
SDM-CG35,28.78
SDM-CG70,58.87
SDM75-WH,14.39
SDMR70-SG,14.39
SDMR70-WH,14.39
SDV76-SI,14.87
SEATTLE-T/L Black or White,141.13
SEATTLE1,132.48
SEATTLE2,202.08
SEATTLE3,276.66
SEBRING PE4-BKO,195.37
SEBRING PE8-BKO,460.44
SEBRING WB2-BKO,77.56
SEC01,24.46
SEC01S,34.57
SEC02,34.57
SEC02S,42.35
SEC03S,32.95
SEC05,84.49
SEC06,84.49
SEC07,90.53
SEC08,150.92
SEC08S,160.97
SEC09,150.92
SEC09S,160.97
SEC10,160.97
SEC10S,171.05
SEC11S,58.58
SEDO1EBLK,108.90
SEDO1EOBR,119.90
SEGOVIA PE1-CH,54.23
SEGOVIA PE5-GD,244.04
SEGOVIA PE5B-CH,250.58
SEGOVIA PE5B-GD,250.58
SEGOVIA PE9-CH,440.39
SEGOVIA PE9-GD,440.39
SEGOVIA WB-CH,48.62
SEKER1,120.44
SEKER2,135.52
SEKER3,165.64
SENECA TL-WHGD,112.90
SENECA-1Pdt inc GU10 4.5W 4000K,68.09
SENECA-1T inc GU10 4.5W 4000K,44.61
SENECA-2T inc GU10 4.5W 4000K,78.54
SENECA-3T inc GU10 4.5W 4000K,119.08
SENECA-4Pdt inc GU10 4.5W 4000K,193.49
SENECA-4SQ inc GU10 4.5W 4000K,148.83
SENECA-4T inc GU10 4.5W 4000K,148.83
SENNA-A-Large,251.90
SENNA-A-Medium,207.90
SENNA-A-Small,148.50
SENNA-A-Xlarge,352.00
SENNA-PD-Medium,229.90
SENNA-PD-Xlarge,352.00
SENORITA1,310.27
SENORITA2,744.71
SENORITA3,1334.33
SENORITA4,310.27
SENORITA5,744.71
SENORITA6,1334.33
SENS001,22.10
SENS002,22.10
SENS003,17.64
SENS004,20.59
SENS005,36.87
SENS007,33.96
SENS008,33.96
SENS009,49.01
SENS010,49.01
SENS011,23.84
SENS012,14.04
SENS013,14.04
SENSOR PIR180-BK,15.90
SENSORHEADLIGHT,30.14
SENTINEL1,73.76
SENTINEL2,73.76
SEPIA-9-Chrome,778.42
SERANO2 FL-GD,191.68
SERANO2 FL-SL,191.68
SERANO2 TL-GD,107.53
SERANO2 TL-SL,107.53
SERDA PE184-WH,354.83
SERDA PE63-WH,366.15
SERDA PE93-WH,564.65
SERENA-Alum,76.62
SERENA-Large COPPER,133.82
SERENA-Red,76.62
SERENA-White,76.62
SERENE BF20-BK,79.48
SERENE PE06-BK,429.17
SERENE PE08-BK,584.38
SERENE PE09-BK,556.33
SERENE PE16-BK,808.78
SERPER-130 GOLD& BLACK        NETT,504.96
SETAT-1000-Chrome New,9700.35
SETAT-1000-Gold New,9700.35
SETAT-2L T/L Chrome,638.77
SETAT-30-Chrome,690.25
SETAT-30-Oyster Chrome,817.41
SETAT-30-Oyster Gold,817.41
SETAT-40-Chrome,1056.06
SETAT-40-Gold,1056.06
SETAT-40-Oyster Chrome,1189.65
SETAT-40-Oyster Gold,1189.65
SETAT-50-Chrome,1572.29
SETAT-50-Gold,1572.29
SETAT-50-Oyster Chrome,1636.31
SETAT-50-Oyster Gold,1636.31
SETAT-60-Chrome,2133.89
SETAT-70-Chrome,3814.97
SETAT-70-Gold,3814.97
SETAT-80-Chrome,4289.51
SETAT-80-Gold,4289.51
SETAT-A2-Gold,355.85
SETAT-A3  Chrome,504.74
SETAT-A3 Gold,504.74
SETATT-30-CTC-Gold,743.00
SETATT-40-CTC-Chrome,1189.65
SETATT-40-CTC-Gold,1189.65
SETATT-50-CTC-Chrome,1487.42
SETATT-50-CTC-Gold,1487.42
SETH1,96.34
SETH2,96.34
SETH3,112.92
SETH4,128.00
SETRA TL-AGOM,39.27
SETRA TL-BKOM,36.32
SETRA TL-NKOM,39.27
SEVIA TL-SLBK,46.66
SEVILLE-2L BLACK,70.57
SEVILLE-2L SILVER,70.57
SFE-18,19.55
SFE-36,23.98
SFM-T4-10-WW,12.35
SFM-T4-18-GN,11.87
SFT4-BE20,8.03
SFT4-BE6,6.24
SFT4-C150,4.68
SFT4-C1600,8.39
SFT4-C1800,8.63
SFT4-C300,6.00
SFT4-C600,7.19
SFT4-GN20,8.03
SFT4-GN6,6.24
SFT4-RD20,8.03
SFT4-RD6,6.24
SFT5-BLB21,4.80
SFT5-C001,1.91
SFT5-C150,4.08
SFT5-C1800,8.27
SFT5-C300,4.55
SFT5-C600,5.40
SFT5-DL21,6.00
SFT5-DL28,7.19
SFT5-GN21,10.67
SFT5-WW14,8.63
SFT8-CW36,4.80
SG-B2-CH,33.81
SG1ACEC,100.38
SG1ACECA,100.38
SG70156WH,10.89
SG70221BS,82.50
SG70410BK,144.10
SG70410WH,144.10
SG70420BK,192.50
SG70420WH,192.50
SG70520BK,137.50
SG70520GP,137.50
SG70520WH,137.50
SG70522BK,107.58
SG70522GP,107.58
SG70522WH,107.58
SG70560BK,144.10
SG70560GP,144.10
SG70560WH,144.10
SG70570BK,137.50
SG70570WH,137.50
SG71201BK,93.50
SG71202BK,148.50
SG71301BK,126.50
SG71302BK,185.90
SG75051WH,69.30
SG75052WH,121.00
SG75053WH,187.00
SG75056WH,210.98
SGR-12 T/L,473.39
SGR-18C,873.95
SGR-24,981.81
SGR-32-Chrome,1719.63
SGR-A3 W/B 20W,140.53
SGU10-4P-SC,52.04
SGU10-B2-SC,25.89
SGU10-P1-SC,13.31
SGW002,29.96
SGX53-4P-CH,59.36
SH-P2-BL,36.93
SH-P2-SC,36.93
SHA171,65.63
SHADE01,37.18
SHADE02,37.18
SHADE03,37.18
SHADE05,37.18
SHADE06,37.18
SHADE07,37.18
SHADE09,37.18
SHADE10,37.18
SHADOWTRI1,23.66
SHADOWTRI2,23.66
SHADOWTRI3,34.12
SHADOWTRI4,34.12
SHANTO-1R Black,73.10
SHANTO-1R White,73.10
SHANTO-1S Black,79.86
SHANTO-1S White,79.86
SHARY-12+6L,1934.13
SHARY-3L,430.32
SHARY-5L,683.43
SHARY-8L,1040.77
SHARY-A1 White Shade,117.65
SHAUN-8L Pdt,474.98
SHB111,107.07
SHEA EX3-BK324,55.54
SHEA EX3-GN324,55.54
SHEA EX3-RST324,55.54
SHELBY TL-CM,41.05
SHELTON EX-BK,119.31
SHIELDTRI1,48.27
SHIELDTRI2,57.32
SHINE-2L Black,74.47
SHINE-2L Silver,74.47
SHINE-2L White,74.47
SHIRON PE4-BRSIV,165.92
SHIRON PE4-NKIV,165.92
SHIRON PE6-BRSIV,270.96
SHIRON PE6-NKIV,270.96
SHO122BLK-WIFI,291.02
SHOPTRI,101.34
SHOPTRI01,98.07
SHU1,69.65
SHU2,73.01
SHYN WB-BE,73.87
SHYN WB-BK,73.87
SHYN WB-GY,73.87
SHYN WB-WH,73.87
SICI1EBLK,148.50
SIDRA-Black,92.95
SIDRA-Silver,92.95
SIEDEL PE03-CP,137.07
SIEDEL PE03SH-CP,158.11
SIEDEL PE05-CP,173.12
SIEDEL PE05SH-CP,208.13
SIEDEL PE06-CP,205.09
SIEDEL PE06SH-CP,247.12
SIEDEL PE08-CP,270.12
SIEDEL PE08SH-CP,326.17
SIEDEL PE09-CP,237.12
SIEDEL PE09SH-CP,323.18
SIEDEL PE15-CP,388.21
SIEDEL PE15SH-CP,544.26
SIEDEL WB1-CP,34.03
SIEDEL WB1SH-CP,42.03
SIEDEL WB2-CP,48.06
SIEDEL WB2SH-CP,64.05
SILVAN EX-BKOP,97.71
SIMON PE15-GM,49.04
SIMON PE15-WH,49.04
SINGAPORE-PDT Black,174.62
SINGAPORE-PDT Natural,174.62
SINGLE-1 inc.LED  lamp,80.85
SINGLE-3 inc.LED lamps,162.86
SINO-T1,68.28
SINO-T2,73.35
SINO-W1,64.74
SINO-W2,78.57
SINO-W3,142.07
SINO-W4,163.84
SINO1,56.90
SINO2,62.51
SIRI16WLEDBLK,152.90
SIRI16WLEDBRS,174.90
SIRI16WLEDCH,163.90
SIRI16WLEDWHT,152.90
SIRI20WLEDBLK,174.90
SIRI20WLEDBRS,196.90
SIRI20WLEDCH,185.90
SIRI20WLEDWHT,174.90
SISBY FL-ABBKM,139.32
SISBY FL-BMWHM,139.32
SISBY TL-ABBKM,78.54
SISBY TL-BMWHM,78.54
SISW11-WIFI,48.68
SISW11-ZB,54.01
SISWD01,46.01
SISWD11-WIFI,51.83
SISWD11-ZB,57.73
SJ-B2-BL,95.20
SJ-B2-WH,95.20
SJ-B4-BL,134.53
SJ-B4-WH,134.53
SJ-P1-BL,32.37
SJ-P1-WH,32.37
SJ-P3-BL,150.00
SJ-P3-WH,150.00
SJS1500TP,263.70
SJS2000,159.17
SJS2500,176.73
SJS3000,418.87
SJSV13,260.80
SK-B1-BL,27.21
SK-B1-WH,27.21
SK-B2-BL,44.61
SK-B2-WH,44.61
SK-B3-BL,63.79
SK-B3-WH,63.79
SKAPA PE A-OP,145.30
SKAPA PE AA-OP,193.40
SKAPA PE AB-OP,252.31
SKAPA PE AC-OP,248.38
SKAPA PE AD-OP,307.29
SKAPA PE B-OP,204.20
SKAPA PE BA-OP,252.31
SKAPA PE BB-OP,311.21
SKAPA PE BC-OP,307.29
SKAPA PE BD-OP,366.19
SKAPA PE C-OP,200.28
SKAPA PE CB-OP,307.29
SKAPA PE CC-OP,303.36
SKAPA PE D-OP,259.18
SKOLA-1P Chrome,160.77
SKOPA1,104.32
SKOPA2,104.32
SKU-1PN-5W-BK,125.51
SKU-1PN-5W-BN,125.51
SKU-1PN-5W-BR,125.51
SKU-26WL-5W-BK,127.05
SKU-26WL-5W-BN,127.05
SKU-26WL-5W-BR,127.05
SKY OY23.3C3D-BK,29.83
SKY OY23.3C3D-WH,29.83
SKY OY30.3C3D-BK,40.11
SKY OY30.3C3D-WH,40.11
SKY OY40.3C3D-BK,60.68
SKY OY40.3C3D-WH,60.68
SKY OY60.3C3D-BK,122.39
SKY OY60.3C3D-WH,122.39
SKY1203BL,187.69
SKY1203BL-L,230.58
SKY1203LO,195.89
SKY1203LO-L,237.12
SKY1203WH,187.69
SKY1203WH-L,230.58
SKY1204BL,213.44
SKY1204BL-L,254.37
SKY1303BL,209.09
SKY1303BL-L,252.10
SKY1303LO,218.91
SKY1303LO-L,260.91
SKY1303TK,218.91
SKY1303TK-L,260.91
SKY1303WH,209.09
SKY1303WH-L,252.10
SKY1303WHC2,231.65
SKY1503BL,241.36
SKY1503BL-L,284.21
SKY1503LO,260.91
SKY1503LO-L,296.60
SKY1503TK,260.91
SKY1503WH,241.36
SKY1503WH-L,284.21
SKY903BL,179.76
SKY903BL-L,222.03
SKY903WH,179.76
SKY903WH-L,222.03
SKYAPPCM,31.15
SKYEXTR120BL,30.53
SKYEXTR120WH,30.53
SKYEXTR60BL,24.22
SKYEXTR60WH,24.22
SKYEXTR90BL,26.99
SKYEXTR90WH,26.99
SKYLA WB-AGOP,46.14
SKYLA WB-BKOP,42.12
SKYLA WB-WHOP,42.12
SKYWCM,41.31
SKYWCM-2,41.31
SL-35,49.87
SL-35-BL,49.87
SL-35-DS,53.12
SL-60,57.31
SL-60-BL,57.31
SL-60-DS,61.63
SL57320/1SA,17.05
SL57321/2SA,28.05
SL57324/3SA,57.75
SL57360/1BC,19.25
SL57361/2BC,33.55
SL57364/3BC,68.75
SL57367/4BC,76.45
SL57380/1AB,19.25
SL57381/2AB,33.55
SL57384/3AB,68.75
SL57387/4AB,76.45
SL58124WH,153.45
SL63206BK,173.80
SL63210BK,253.00
SL63311BK,86.90
SL63401BK,130.90
SL63403BK,350.90
SL63411BK,93.50
SL63511CL,99.00
SL63512CL,165.00
SL63523CL,283.80
SL63531CL,121.00
SL63531OM,121.00
SL63711CL,129.80
SL63712CL,203.50
SL63723CL,283.80
SL63731CL,126.50
SL63731OM,126.50
SL63825CL,341.00
SL63831CL,71.50
SL63871CL,121.00
SL64352BK,165.00
SL64407BK,262.90
SL64412/4BK,327.80
SL64413/5BK,350.90
SL64415/6BK,418.00
SL64425BB,144.10
SL64425BK,137.50
SL64430BB,190.30
SL64430BK,181.50
SL64440BB,341.00
SL64440BK,328.90
SL64451BB,115.50
SL64451BK,115.50
SL64534BK,363.00
SL64680/6BK,385.00
SL64680/6SB,451.00
SL64730BK,86.90
SL64730WH,86.90
SL64743BK,130.90
SL64743WH,130.90
SL64811BK,191.95
SL64813BK,191.95
SL64901BK,130.90
SL64902BK,196.90
SL64903BK,363.00
SL64904BK,462.00
SL64906BK,97.90
SL64908BC,174.90
SL64908BK,130.90
SL64909BK,188.10
SL64924BK,218.90
SL65011BK,93.50
SL65012BK,122.98
SL65013BK,284.90
SL65115,214.50
SL66901BC,218.90
SL66901BK,183.70
SL66904BC,393.80
SL66904BK,327.80
SL66906BC,481.80
SL66906BK,393.80
SL91201AB,328.90
SL91201BK,306.90
SL91201CH,320.10
SL91207AB,481.80
SL91207BK,437.80
SL91311BK,46.75
SL91311ORB,48.95
SL92997GM,60.50
SL93311BK,152.90
SL93313BK,261.80
SL93401BK,152.90
SL93403BK,269.50
SL94318BK,57.75
SL98401AB,64.90
SL98401BC,64.90
SL98401BK,56.10
SL98401GM,64.90
SL98401WH,56.10
SL98431AB,84.70
SL98431BC,84.70
SL98431BK,73.70
SL98431WH,73.70
SL98511RB,153.78
SL98513RB,197.78
SL98533BC,87.45
SL98533SB,87.45
SL98572AB,210.98
SL98572BC,210.98
SL98572BK,186.78
SL98572WH,186.78
SL98585BK,239.80
SL98592AB,195.80
SL98592BC,195.80
SL98592BK,182.60
SL98592WH,182.60
SL98595BK,261.80
SL98599AB,327.80
SL98599BC,327.80
SL98599BK,305.80
SL98741BK,99.00
SL98741SB,115.50
SL98741SW,115.50
SL98743BK,209.00
SL98743SB,242.00
SL98743SW,242.00
SL98751BC,100.10
SL98751GM,100.10
SL98786AB,137.50
SL98786BC,137.50
SL98786BK,108.90
SL98786CO,137.50
SL98787/2AB,218.90
SL98787/2BC,218.90
SL98787/2BK,196.90
SL98787/2CO,218.90
SL98787BC,196.90
SL98787CO,196.90
SL98799AB,130.90
SL98799BK,126.50
SL98812AB,192.50
SL98812BC,192.50
SL98822AB,196.90
SL98822BC,196.90
SL98831AB,60.50
SL98841WH,107.80
SL98843WH,173.80
SL98851WH,107.80
SL98853WH,187.00
SLD18-CW,23.14
SLED-562-DDS,76.14
SLED-AMP-1C,12.47
SLED-C19AM,6.36
SLED-C19GN,6.36
SLED-C19WH,11.03
SLED-DIM,13.55
SLED-DR-BL,4.43
SLED-DR-SI,4.43
SLED-DR-WH,4.43
SLED-EC15,28.06
SLED-EC20,18.35
SLED-EC30,30.10
SLED-EC5,13.43
SLED-EC60,49.40
SLED-EXT2,5.16
SLED-F12BE,6.24
SLED-F12WH,6.60
SLED-F240-WW,32.25
SLED-F60-WW,9.83
SLED-F600-WW,67.75
SLED-FEED,3.84
SLED-FEEDF,3.84
SLED-IPEC100,63.18
SLED-IPEC30,39.45
SLED-IPEC60,55.64
SLED-JOIN,2.52
SLED-JOINF,3.00
SLED-PREWIRE,3.35
SLED-RDIM,14.63
SLED-RGBC,10.20
SLED-RGBEC15,26.98
SLED-RGBEC30,38.97
SLED-RGBEXP,4.80
SLED-RGBF72,41.72
SLED-RGBFEEDF,4.20
SLED-RGBJOINF,2.40
SLED-RGBSQ,10.20
SLED-RT2WH,18.23
SLED-S12AM,6.36
SLED-S12BE,6.36
SLED-S12GN,6.36
SLED-S12RD,6.36
SLED-SQ6AM,5.40
SLED-SQ6BE,5.40
SLED-SQ6GN,5.40
SLED-SQ6RD,5.40
SLED-UC3-BL,28.06
SLED-UC3-SI,28.06
SLED-UC3-WH,28.06
SLED-UCP-SI,23.86
SLED-W145-SI,10.31
SLED-WL16WH,9.59
SLICKTRI1R,32.13
SLICKTRI1S,34.41
SLICKTRI2R,37.93
SLICKTRI2S,39.31
SLICKTRI3R,46.82
SLICKTRI3S,48.21
SLIM BENDY,62.82
SLIM-10W FLUORO,35.97
SLIM-15W FLUORO,40.65
SLIM-18W FLUORO,46.91
SLIM-30W FLUORO,50.05
SLIM-36W FLUORO,54.67
SLOA1PWHT,75.90
SLT4-1200,41.25
SLT4-600,27.82
SLT4-900,33.94
SLT5DL-1200,50.60
SLT5DL-600,31.78
SLT5DL-900,43.41
SLT5WW-1200,50.60
SLT5WW-300,21.22
SLT5WW-600,31.78
SLT5WW-900,43.41
SLU-CLIPS,3.35
SLU40-CW,58.87
SM-B2-AL,10.91
SM-B2-BS,10.91
SM-B3-BS,17.86
SM1ACEC,100.38
SM1ACECA,100.38
SMA011-ZB,20.98
SMA018-WIFI,50.95
SMA02P,18.07
SMA05,23.98
SMA072-BT,154.61
SMD4106W,19.88
SMD4106W-RGB-ZB,23.80
SMD4106W-ZB,22.30
SMD4109W,21.23
SMD4109W-RGB,23.97
SMD4109W-RGB-ZB,26.36
SMD4309W-WIFI,11.00
SMD4309WRGB-WIFI,11.00
SMFL20W,26.73
SMI7040-WIFI,57.17
SMIP68ASS,113.27
SMLD233-ZB,22.22
SMLD533,30.31
SMLD533-ZB,33.55
SMLD552-WIFI,51.04
SMLD552-ZB,55.63
SMR-5EWW,6.60
SMR11-P1-BA,23.27
SMR11-P6-BA,49.16
SMTFLOOD1,48.58
SMTFLOOD2,70.41
SMTGLS1,10.87
SMTGLS2,10.87
SMTGU101,11.69
SMTNOVA1,22.29
SMTOYS1,45.79
SN-B2-CH,35.85
SNAP RD-BK,32.91
SNAP RD-WH,32.91
SNAP SQ-BK,32.91
SNAP SQ-WH,32.91
SOCK2,2.85
SOCK3,1.69
SOKE WB-GM,83.22
SOL2000,316.43
SOLA2EWHT,54.45
SOLARA-PL20-BLK,127.60
SOLARA-PL20-BNZ,127.60
SOLIO WB-AB,40.25
SOLIO WB-BK,40.25
SOLIO WB-NK,40.25
SOLIO WB-WH,40.25
SOLITA WB20-AB,73.63
SOLITA WB35-AB,88.36
SOLO1,28.40
SOLO2,28.40
SOMBRA01,104.47
SOMBRA02,104.47
SOPHIA-8 Blk W/B 8W 300x30x90m,82.33
SOPHIA-8 Ch W/B 8W 300x30x90m,82.33
SOR-1800EXT-BK,40.81
SOR-1800EXT-WH,40.81
SOR-348-BK,137.83
SOR-348-BK-L,157.08
SOR-348-WH,137.83
SOR-348-WH-L,157.08
SOR-352-BK,149.38
SOR-352-BK-L,168.63
SOR-352-WH,149.38
SOR-352-WH-L,168.63
SOR-900EXT-BK,21.56
SOR-900EXT-WH,21.56
SORENS TL17-BRW,43.20
SORENS TL17-NAT,43.20
SORENS TL20-BRW,43.20
SORENS TL20-NAT,43.20
SORTANA-BLACK,98.95
SOTRA TL-BE,41.51
SOTRA TL-BK,41.51
SOTRA TL-BRW,41.51
SOTRA TL-GN,41.51
SOTRA TL-GY,41.51
SOTRA TL-OG,41.51
SOV1506BL,324.36
SOV1506WH,324.36
SOV1806BL,356.09
SOV1806WH,356.09
SOVA CTC70-DGY93,39.04
SOVA CTC70-WH93,39.04
SOVA DL70-DGY93,32.87
SOVA DL70-WH93,32.87
SOVA DL93-DGY93,36.98
SOVA DL93-WH93,36.98
SOVEXTR17BL,10.32
SOVEXTR17WH,10.32
SOVEXTR90BL,26.95
SOVEXTR90WH,26.95
SOVIN PE25-GY,42.08
SOVIN PE35-GY,64.52
SOVLKBL,42.81
SOVLKWH,42.81
SP-53 Gold,4213.61
SPAC-Bollard Domed Head BLACK,193.38
SPACE-1P Large,126.61
SPACE-1P Small,76.62
SPACE-3P,177.21
SPACE-A1 Chrome,64.08
SPALE-1L,102.74
SPB04U,35.38
SPBS01G,23.53
SPBS01G-WIFI,17.71
SPECIAL-L-6L H1200,1143.45
SPECIAL-M-6L H900,1119.69
SPECIAL-S-6L H700,1119.69
SPECTRA01,45.84
SPECTRA02,45.84
SPECTRA03,45.84
SPECTRA04,45.84
SPENCER-38W,201.69
SPIAGGIA1,139.57
SPIAGGIA2,139.57
SPIAGGIA3,139.57
SPIAGGIA4,139.57
SPIDER-Chrome,820.76
SPIKE LF5018-Copper Spike 12V,146.19
SPIKE RS031Stainless Steel,146.19
SPIKE ZT-051Silver/Black,55.83
SPIN-1L BUNKER/ Black or White,34.10
SPIN1204BL,125.78
SPIN1204TI-L,174.14
SPIN1204WH,125.78
SPIN1204WH-L,169.52
SPIN1304BL,158.54
SPIN1304BL-L,202.28
SPIN1304TI-L,208.55
SPIN1304WH,158.54
SPIN1304WH-L,202.28
SPIRALE-A Gold,746.40
SPIRALLE-40-Chrome/Gold 2Metre,4815.09
SPIRALLE-60-Gold/Chrome,17650.22
SPJKBL,14.25
SPJKTI,14.25
SPJKWH,14.25
SPLUG02,14.47
SPLUG03,25.03
SPLUGR01,15.40
SPM1ALBL,86.02
SPM1ALC,143.40
SPM1ALSS,106.11
SPM2ALBL,106.11
SPM2ALC,228.04
SPM2ALSS,143.40
SPMSBL,38.68
SPMSBL86,41.54
SPMSBR1,97.52
SPMSBR2,97.52
SPMSBR3,97.52
SPMSC,97.52
SPMSSS,83.14
SPMSSS86,88.87
SPMST,42.98
SPN1304WH-L,202.28
SPNEXTR150WH,32.30
SPNEXTR60BL,23.49
SPNEXTR60WH,23.49
SPNEXTR90BL,24.52
SPNEXTR90TI,24.52
SPNEXTR90WH,24.52
SPNRFR,42.74
SPOILER-1P,575.30
SPOQVA-1L Crystal D/L,256.13
SPOQVA-2L Crystal D/L,369.76
SPOQVA-3L Crystal D/L,541.70
SPOT-BAR2B,36.43
SPOT-BAR2W,36.43
SPOT-BAR3B,60.31
SPOT-BAR3W,60.31
SPOT-BAR4B,80.44
SPOT-BAR4W,80.44
SPOT-R1B,17.55
SPOT-R1W,17.55
SPOT-R3B,60.31
SPOT-R3W,60.31
SPOT-S1B,17.55
SPOT-S1W,17.55
SPP01G,38.40
SPP01G-WIFI,33.96
SPP02G,43.35
SPP02GIP,50.90
SPP02GIP-WIFI,48.87
SPP04G,80.54
SPP04G-WIFI,75.09
SPPUSB02GC-WIFI,48.08
SPPUSB02GC-ZB,49.71
SPPUSB02GCMBK-ZB,53.80
SPRING-Black/Silver,59.40
SPT-3-10,7.19
SPT-3-15,11.15
SPT-3-CON,5.63
SPT-B2-CH,30.22
SPUTNIK2,42.90
SPY-C1,132.48
SPY-C2,132.48
SPY-W1,132.48
SPY-W2,132.48
SPY1253BL-L,207.17
SPY1253NBL,152.50
SPY1253NTI,152.50
SPY1253NTK,201.01
SPY1253NWH,152.50
SPY1253TK-L,254.29
SPY1253WH-L,207.17
SPY1254BL,174.60
SPY1254BL-L,225.23
SPY1254TI,174.60
SPY1254TI-L,225.23
SPY1254TK,230.88
SPY1254TK-L,287.17
SPY1254WH-L,225.23
SPY1423BAM-L,295.68
SPY1423BL-L,239.97
SPY1423NBAM,242.40
SPY1423NBL,185.38
SPY1423NTI,185.38
SPY1423NTK,242.40
SPY1423NWH,185.38
SPY1423TI-L,239.97
SPY1423TK-L,295.68
SPY1423WN-L,295.68
SPY1424BL-L,270.23
SPY1424TI-L,270.23
SPY1424TK,275.89
SPY1424TK-L,332.22
SPY1573BAM-L,366.64
SPY1573NBAM,313.35
SPY1573NBL,248.40
SPY1573NWH,248.40
SPY1573TI-L,301.53
SPY1573TK-L,366.64
SPY1573WN-L,366.64
SPY903NBL,136.37
SPY903NWH,136.37
SPY903WH-L,196.89
SPYDC1253BL,152.50
SPYDC1253BL-L,207.17
SPYDC1253WH,152.50
SPYDC1253WH-L,207.17
SPYDC1423BL,185.38
SPYDC1423BL-L,239.97
SPYDC1423WH,185.38
SPYDC1423WH-L,239.97
SPYDC1573BL,248.40
SPYDC1573WH,248.40
SPYDC903BL,136.37
SPYDC903BL-L,196.89
SPYDC903WH,136.37
SPYDC903WH-L,196.89
SPYEC1253BL,192.35
SPYEC1253BL-L,236.04
SPYEC1253WH,192.35
SPYEC1423BL,227.34
SPYEC1423BL-L,271.04
SPYEC1423WH,227.34
SPYEXTR120WH,24.52
SPYEXTR45BL,21.41
SPYEXTR45TI,21.41
SPYEXTR45WH,21.41
SPYEXTR60BL,23.49
SPYEXTR60TI,23.49
SPYEXTR60WH,23.49
SPYEXTR90BL,24.52
SPYEXTR90BL-EC,24.52
SPYEXTR90TI,24.52
SPYEXTR90WH,24.52
SPYEXTR90WH-EC,24.52
SPYJHBL,12.82
SPYJHTI,12.82
SPYJHWH,12.82
SPYRFR5056,42.74
SPYRFR62,42.74
SPYRFRDIM,42.74
SQ-6-14/14-10 BK,28.05
SR-B2-BL,47.72
SR-B2-WH,47.72
SR-B3-BL,59.59
SR-B3-WH,59.59
SR-P1-BL,20.62
SR-P1-WH,20.62
SR-P3-BL,58.16
SR-P3-WH,58.16
SR2-SI,23.98
SR3-SI,35.97
SR4-SI,47.96
SRD48-TLT-SI,167.98
SRD48-TLT-WH,241.60
SS-B2-CH,30.22
SS-P1-CH,19.43
SSC010,42.39
SSC04G-LTE,171.31
SSC069,68.52
SSC079,80.94
SSC336,29.98
SSL35-BL,52.16
SSL35-WH,52.16
SSRFR36,42.74
SSW-PIR,25.66
SSW-PROX,29.73
SSW-PROX2,41.97
SSW01G-WIFI,32.20
SSW01GBC-WIFI,36.43
SSW01GBC-ZB,42.50
SSW01GHW-WIFI,40.79
SSW01GHW-ZB,47.58
SSW01GMBK,41.17
SSW01GN-ZB,35.72
SSW01GX-WIFI,33.77
SSW01GX-ZB,40.14
SSW02G,42.20
SSW02G-WIFI,35.85
SSW02GMBK,45.29
SSW02GN-ZB,38.29
SSW02GX-WIFI,39.19
SSW02GX-ZB,45.55
SSW03G-WIFI,36.67
SSW03GMBK,55.66
SSW03GN-ZB,41.12
SSW04G,55.29
SSW04G-WIFI,39.69
SSW04GMBK,59.33
SSW04GN-ZB,44.95
SSW05G-WIFI,56.13
SSW05G-ZB,62.19
SSW06G-WIFI,62.19
SSW06G-ZB,68.27
SSWD01G,53.36
SSWD01G-WIFI,46.53
SSWD01GMBK,62.17
SSWF01G,43.91
SSWF01G-WIFI,42.13
SSWM-DIM,48.60
SSWM-DIMZ,54.98
SSWM-WIFI,30.13
SSWM10-WIFI,33.37
SSWM10-ZB,39.46
SSWMODPIR-WIFI,54.62
SSWMODPIR-ZB,60.69
SSWMPIR-WIFI,48.54
SSWMPIR-ZB,54.60
SSWRM-WIFI,50.68
SSWRM-ZB,52.20
ST-B1-CH,35.01
ST01B-W-BRTUBE,89.10
ST01B-W-ST01BL-SH,108.90
ST01B-W-ST01N-SH,108.90
ST01B-W-ST01WHT-SH,108.90
ST01N-W-PNTUBE,89.10
ST01N-W-ST01BL-SH,108.90
ST01N-W-ST01N-SH,108.90
ST01N-W-ST01WHT-SH,108.90
ST01Z-W-BRNZTUBE,89.10
ST01Z-W-ST01BL-SH,108.90
ST01Z-W-ST01N-SH,108.90
ST01Z-W-ST01WHT-SH,108.90
ST02B-F-ST02BL-SH,316.80
ST02B-F-ST02N-SH,316.80
ST02B-F-ST02S-SH,316.80
ST02B-T-ST02BL-SH,277.20
ST02B-T-ST02N-SH,277.20
ST02B-T-ST02S-SH,277.20
ST02B-W-BRTUBE,108.90
ST02B-W-ST01BL-SH,148.50
ST02B-W-ST01N-SH,148.50
ST02B-W-ST01WHT-SH,148.50
ST02N-T-ST02BL-SH,277.20
ST02N-T-ST02N-SH,277.20
ST02N-T-ST02S-SH,277.20
ST02N-W-PNTUBE,108.90
ST02N-W-ST01BL-SH,148.50
ST02N-W-ST01N-SH,148.50
ST02N-W-ST01WHT-SH,148.50
ST02Z-F-ST02BL-SH,316.80
ST02Z-F-ST02N-SH,316.80
ST02Z-F-ST02S-SH,316.80
ST02Z-T-ST02BL-SH,277.20
ST02Z-T-ST02N-SH,277.20
ST02Z-T-ST02S-SH,277.20
ST02Z-W-BRNZTUBE,108.90
ST02Z-W-ST01BL-SH,148.50
ST02Z-W-ST01N-SH,148.50
ST02Z-W-ST01WHT-SH,148.50
ST03B-P-BRTUBE,213.40
ST03B-P-ST01BL-SH,272.80
ST03B-P-ST01N-SH,272.80
ST03B-P-ST01WHT-SH,272.80
ST03N-P-PNTUBE,213.40
ST03N-P-ST01BL-SH,272.80
ST03N-P-ST01N-SH,272.80
ST03N-P-ST01WHT-SH,272.80
ST03Z-P-BRNZTUBE,213.40
ST03Z-P-ST01BL-SH,272.80
ST03Z-P-ST01N-SH,272.80
ST03Z-P-ST01WHT-SH,272.80
ST05B-P-BRTUBE,346.50
ST05B-P-ST01BL-SH,445.50
ST05B-P-ST01N-SH,445.50
ST05B-P-ST01WHT-SH,445.50
ST05N-P-PNTUBE,346.50
ST05N-P-ST01BL-SH,445.50
ST05N-P-ST01N-SH,445.50
ST05N-P-ST01WHT-SH,445.50
ST05Z-P-BRNZTUBE,346.50
ST05Z-P-ST01BL-SH,445.50
ST05Z-P-ST01N-SH,445.50
ST05Z-P-ST01WHT-SH,445.50
ST08B-P-BRTUBE,425.70
ST08B-P-ST01BL-SH,584.10
ST08B-P-ST01N-SH,584.10
ST08B-P-ST01WHT-SH,584.10
ST08N-P-PNTUBE,425.70
ST08N-P-ST01BL-SH,584.10
ST08N-P-ST01N-SH,584.10
ST08N-P-ST01WHT-SH,584.10
ST08Z-P-BRNZTUBE,425.70
ST08Z-P-ST01BL-SH,584.10
ST08Z-P-ST01N-SH,584.10
ST08Z-P-ST01WHT-SH,584.10
ST12-TRI-B-LT,34.21
ST12-TRI-W-LT,34.21
ST12B-P-BRTUBE,673.20
ST12B-P-ST01BL-SH,910.80
ST12B-P-ST01N-SH,910.80
ST12B-P-ST01WHT-SH,910.80
ST12N-P-PNTUBE,673.20
ST12N-P-ST01BL-SH,910.80
ST12N-P-ST01N-SH,910.80
ST12N-P-ST01WHT-SH,910.80
ST12Z-P-BRNZTUBE,673.20
ST12Z-P-ST01BL-SH,910.80
ST12Z-P-ST01N-SH,910.80
ST12Z-P-ST01WHT-SH,910.80
ST18-TRI-B-LT,45.65
ST18-TRI-W-LT,45.65
ST21B-P-BRTUBE,1386.00
ST21B-P-ST01BL-SH,1801.80
ST21B-P-ST01N-SH,1801.80
ST21B-P-ST01WHT-SH,1801.80
ST30-TRI-B-LT,68.53
ST30-TRI-W-LT,68.53
STA1203BL,97.10
STA1203BL-L,110.50
STA1203BLLED,139.99
STA1203CL,114.69
STA1203WH,91.21
STA1203WH-L,104.57
STA1203WH-LR,147.34
STA1403BL-L,152.88
STA1403BLLED,195.73
STA1403WH,134.06
STA1403WH-L,144.72
STA1403WHLED,187.69
STA903WH,86.86
STA903WH-L,99.60
STAEXTR90BLLED,24.52
STAEXTR90WHLED,24.52
STARFR48,42.74
STE-1800EXT-BK,46.20
STE-1800EXT-WH,46.20
STE-900EXT-BK,30.80
STE-900EXT-WH,30.80
STE-WIFI,25.41
STE10,66.20
STE12,150.57
STE13,84.59
STE14,123.30
STE15,86.02
STE16,90.34
STE17,86.02
STE18,90.34
STE19,179.25
STE20,179.25
STE21,179.25
STE22,179.25
STE23,146.19
STE24,59.13
STE25,59.13
STE26,229.48
STE27,70.41
STE28,45.43
STE29,45.43
STE3,21.47
STE30,45.43
STE31,45.43
STE32,17.04
STE4,21.47
STE5,91.82
STE6,91.82
STE7,75.25
STE8,75.25
STE9,66.20
STEAM2,231.92
STEAM3,281.63
STELLAR CTC-WH3C,150.16
STEP-WB White/Silver,92.13
STINA EXWB1-BK,18.00
STINA EXWB1-WH,18.00
STINA EXWB2-BK,24.17
STINA EXWB2-WH,24.17
STO-542-BK,120.12
STO-542-BK-L,161.70
STO-542-WH,120.12
STO-542-WH-L,161.70
STO-542B-BA,146.30
STO-542B-BA-L,187.88
STO-542B-KO,146.30
STO-542B-KO-L,187.88
STO-542W-BA,146.30
STO-542W-BA-L,187.88
STO-542W-KO,146.30
STO-542W-KO-L,187.88
STO-548-BK,197.12
STO-548-BK-L,245.63
STO-548-WH,197.12
STO-548-WH-L,245.63
STO-548B-BA,237.93
STO-548B-BA-L,286.44
STO-548B-KO,237.93
STO-548B-KO-L,286.44
STO-548W-BA,237.93
STO-548W-BA-L,286.44
STO-548W-KO,237.93
STO-548W-KO-L,286.44
STO-552-BK,201.74
STO-552-BK-L,250.25
STO-552-WH,201.74
STO-552-WH-L,250.25
STO-552B-BA,244.86
STO-552B-BA-L,293.37
STO-552B-KO,244.86
STO-552B-KO-L,293.37
STO-552W-BA,244.86
STO-552W-BA-L,293.37
STO-552W-KO,244.86
STO-552W-KO-L,293.37
STO-556-BK,233.31
STO-556-BK-L,268.73
STO-556-WH,233.31
STO-556-WH-L,268.73
STO-556B-BA,277.97
STO-556B-BA-L,313.39
STO-556B-KO,277.97
STO-556B-KO-L,313.39
STO-556W-BA,277.97
STO-556W-BA-L,313.39
STO-556W-KO,277.97
STO-556W-KO-L,313.39
STO-900EXT-BK,30.80
STO-900EXT-WH,30.80
STO-B42-BA,26.18
STO-B42-KO,26.18
STO-B48-BA,40.81
STO-B48-KO,40.81
STO-B52-BA,43.12
STO-B52-KO,43.12
STO-B56-BA,44.66
STO-B56-KO,44.66
STO-WCK,43.12
STO1WBLK,41.25
STO1WWHT,41.25
STO2RBLK,81.95
STO2RWHT,81.95
STO2WBLK,47.85
STO2WWHT,47.85
STO3RBLK,118.25
STO3RWHT,118.25
STO4RBLK,161.15
STO4RWHT,161.15
STO803-Black or S/Steel,37.90
STO804-Black or St/Steel,37.90
STOU1P,101.20
STOW RD-NK.850,7.48
STOW RD-WH.3C,20.57
STOW RD-WH.850,18.70
STOW SQ-SL.3C,20.57
STOW SQ-TN.3C,20.57
STOW SQ-WH.3C,20.57
STRAND EX-BK,97.19
STRAND1,97.68
STRAND2,97.68
STRATO1,163.90
STRATON WB-WH,37.03
STRUNG1,72.84
STYLIN TL-WDAG,70.12
SUDA-LED-Black or Silver,71.72
SUDLED-CLIP,3.00
SUMNER PE-BK,173.77
SUMNER PE-BRS,173.77
SUMNER PE-WH,173.77
SUN1800WHS,478.02
SUNB1000BL,121.81
SUNB2000BL,139.33
SUNB3000BL,238.35
SUNFMH,186.22
SURAT,142.87
SURFACE12D,19.75
SURFACE13,59.29
SURFACE14,59.29
SURFACE17A,23.14
SURFACE18A,23.14
SURFACE19,14.25
SURFACE22,31.39
SURFACE23,31.39
SURFACE24,31.39
SURFACE25,31.39
SURFACE7D,8.75
SURFACE9D,19.75
SURFACETRI1R,22.87
SURFACETRI1S,22.59
SURFACETRI2R,32.92
SURFACETRI3R,42.98
SURFACETRI3S,44.41
SUTAR-1 Charcoal,31.13
SV-FLEXO-3,47.12
SV-GMR1-SG,21.22
SV-GMR1-WH,21.22
SV-GMR4-SG,38.61
SV-GMR4-WH,38.61
SV-GU-TCO,5.75
SV-GU5.3,5.51
SV-IP55-SS,14.99
SV-IP65-WH,26.98
SV-PILLAR,4.80
SV-POST,4.92
SV-ROPE-MK,5.51
SV-ROPE5-23,165.83
SV-ROPE5-98,255.27
SV-STLT1-SI,14.03
SV-STLT1-WH,23.02
SV-STLT4-WH,32.49
SV-TLTL-GD,14.99
SV-TLTL-SC,14.99
SV-TLTL-WH,14.99
SV133-SC,11.87
SVE-SDL-BL,18.59
SVE-SDL-WH,20.02
SVE-STLT-GD,14.99
SVE-STLT-SC,14.99
SVE-STLT-WH,14.99
SVE-T50,14.39
SVE-T80,22.42
SVE-TLT-SC,19.90
SVE-TLT-SS,19.90
SVE-TLT-WH,19.90
SVE90-SC,19.31
SVE90-WH,19.31
SVE90S-GD,19.31
SVE90S-SC,19.31
SVE90S-WH,19.31
SVU-05-BS,4.55
SVU-05-CH,4.55
SVU-13-SC,3.60
SVU-13-WH,3.60
SVU-21DR-WH,4.55
SVU-319-BS,3.60
SVU-319-CH,3.60
SVU-319-WH,3.60
SVU-365-BS,4.55
SVU-DR-SC,2.04
SVU-DR-WH,2.04
SVU-F11-SC,6.71
SVU-F11-WH,4.31
SVULED-BAR3-SI,41.48
SWA-120CL-45W-WH,32.34
SWEDEN-Floor Lamp Wood/Black,315.43
SWEDEN-Table Lamp Wood/Black,192.89
SWING1,104.01
SWING2,104.01
SWING3,128.01
SWING4,128.01
SWING6,104.01
SX-B2-SC,26.50
SXSEN002PIR,30.18
SXSEN003PIR,28.75
SY-P3-SG,34.65
SYCAMORE 54" Black,458.70
SYCAMORE 54" Brushed Chrome,458.70
SYCAMORE 54" White,458.70
SYDNEYG2,150.71
SZ-B2-SC,29.26
SZ-P3-BL,34.06
SZ-P3-SC,34.06
Santiago,124.30
Surat,142.87
T300-BL,183.45
T308-BL,149.88
T376,193.16
T400P,12.04
T400PCFL,12.04
T710,160.93
T715,286.29
T720,165.17
T725,304.07
T730,182.95
T735,322.71
TACHE1,140.84
TACHE10,125.76
TACHE11,158.97
TACHE12,210.30
TACHE13,125.76
TACHE14,158.97
TACHE15,210.30
TACHE2,177.08
TACHE3,235.47
TACHE4,140.84
TACHE5,177.08
TACHE6,235.47
TACHE7,140.84
TACHE8,177.08
TACHE9,235.47
TACO1EBLK,72.60
TACO1ESLV,72.60
TACOS-TL-BLACK/WHITE,47.36
TACOS-TL-MIX,51.15
TAFT PE75-GM,123.42
TALLIN-ML H1200,675.95
TAMA1,90.34
TAMA2,90.34
TAMARKA-1P Black,176.50
TAMARKA-1P Chrome,223.58
TAMARKA-1P Gold,257.79
TAMARKA-4P Black,317.74
TAMARKA-4P Chrome,447.21
TAMARKA-4P Gold,464.92
TAMARKA-8P Black,466.01
TAMARKA-8P Chrome,647.30
TAMARKA-8P Gold,700.32
TAMBURA01,41.81
TAMBURA02,41.81
TAMBURA03,54.23
TAMBURA04,54.23
TAMBURA05,72.83
TAMBURA06,72.83
TAMBURA07TL,61.99
TAMBURA08TL,61.99
TAMBURA09TL,88.33
TAMBURA10TL,88.33
TAMBURA11FL,146.07
TAMBURA12FL,146.07
TANDEM-100 CCT,175.94
TANDEM-150 CCT,230.94
TANDEM-200 CCT,273.90
TANDEM-30 CCT,76.95
TANDEM-60 CCT,109.95
TANGO-1P WOOD,131.95
TANGO-1P Wood,131.95
TAO-PT Black or Silver,187.33
TARANTO-10 White 26W LED,257.12
TARANTO-20 Small 53W LED White,311.25
TARANTO-30 Large 80W LED White,378.95
TARELL FL-AG,92.57
TARELL FL-GM,92.57
TARELL TL-AG,72.93
TARELL TL-GM,72.93
TARSON PE1T-BKGD,281.15
TARSON PE3T-BKGD,776.38
TATIN-6L,595.38
TAUP2EAGB,104.50
TAUP2EBLK,75.90
TAUP2EWHT,75.90
TAZZA-T1,39.84
TAZZA-T2,39.84
TAZZA-T3,39.84
TAZZA1,113.85
TBF0861,1269.65
TBF0862,1269.65
TBF0864,1269.65
TBF1061,1523.75
TBF1062,1523.75
TBF1064,1523.75
TDK-A1 Black,94.66
TDK-A1 Chrome,104.78
TDK-A1 Gold,142.40
TE-BEND-SI,10.67
TE-CORNER-SI,10.79
TE-END-SI,9.35
TE-FEED-SI,10.55
TE-JOIN-SI,5.51
TE-TEE-SI,10.55
TE100-300-SC,22.78
TE101-SC,22.78
TE102-SC,22.78
TE103-300-SC,22.78
TE103-SC,22.78
TE111-SC,22.78
TE300-SC,11.87
TE400-SC,22.78
TEATRO TL-AG,116.88
TEATRO TL-NK,116.88
TECH-5,372.08
TECH-8,622.65
TEKNA-HW BKT,117.65
TEKNA-VW BKT,117.65
TELE1,49.12
TELEPLATE1,3.03
TEMM1EBLK,84.15
TEO-PT Black or Silver,217.53
TEQUO FL-BKSM,139.32
TEQUO TL-BKSM,98.18
TEREZA OY28-WH3C,31.93
TEREZA OY40-WH3C,46.66
TERICA-White,85.14
TERIN RD-BK324,31.88
TERIN RD-GN324,31.88
TERIN RD-RST324,31.88
TERIN SQ-BK324,31.88
TERIN SQ-GN324,31.88
TERIN SQ-RST324,31.88
TERRA-1L 23,49.50
TERRA-2L 28,63.36
TETR1PLEDBLK,328.90
TETR1PLEDWHT,328.90
TETTU-F1,108.19
TETTU-F2,142.35
TETTU-T1,79.64
TH2111-Black/Silver,342.21
THALIA OY30-WD3C,58.91
THALIA OY40-WD3C,83.45
THALIA OY50-WD3C,111.92
THINHDBL,213.64
THINHDSS,213.64
THINHDWH,213.64
THOIR-1L Pdt Black,496.38
THOMAS-1L Pdt,96.03
THOMAS-A1 BLACK,96.64
THORIN PE120-BK,259.18
THORIN PE120-WH,259.18
THORIN PE180-BK,310.23
THORIN PE180-WH,310.23
THREE-1P Large,133.87
TICANO-25 TWO TONE,108.52
TICANO-35 TWO TONE,172.53
TICANO-40 TWO TONE,208.28
TICCHIO,99.94
TIDA1WCH,74.80
TIEMPO1,100.60
TIEMPO2,94.56
TIEMPO3,94.56
TIEMPO4,82.48
TIEMPO5,82.48
TIFFANY-1Pdt inc GU10 4.5W 4000K,68.09
TIFFANY-2T inc GU10 4.5W 4000K,74.36
TIFFANY-3Pdt inc GU10 4.5W 4000K,142.18
TIFFANY-3T inc GU10 4.5W 4000K,104.17
TIFFANY-4Rnd inc GU10 4.5W 4000K,145.81
TIFTON PE35-WH,150.53
TIFTON PE50-WH,202.90
TIFTON WB20-WH,70.12
TIJUANA,177.58
TILDA DL2-WH,23.14
TILDA DL4-WH,32.82
TILDA DL6-WH,54.00
TILT360-CM,197.47
TILT360-WM,221.26
TING TL-WH,135.58
TINTO- Aluminium/White/Black,78.05
TIPICO PE6-GM,279.57
TIPICO PE9-GD,420.75
TIPICO PE9-GM,428.23
TIRRENO-15,2362.25
TIRRENO-3P,336.11
TIRRENO-6+3,1468.01
TIRRENO-8,1468.01
TITA-LED BLACK W/B,85.86
TITA-LED SILVER W/B,85.86
TITA1SMW,9.90
TITA1SSC12V,9.90
TITA2RSC12V,19.80
TITAN-WL90-TTN,127.60
TJY-24W Black Wall/Ceiling Mount,216.54
TK-1000-BL,34.89
TK-1000-SI,27.58
TK-1000-WH,34.89
TK-2000-BL,54.20
TK-2000-SI,42.68
TK-2000-WH,54.20
TK-CORNER-BL,5.87
TK-CORNER-SI,5.87
TK-CORNER-WH,5.87
TK-CROSS-BL,9.71
TK-CROSS-WH,9.71
TK-END-BL,6.95
TK-END-SI,6.95
TK-END-WH,6.95
TK-JOIN-BL,5.75
TK-JOIN-SI,5.75
TK-JOIN-WH,5.75
TK-ROD1000,13.67
TK-TEE-BL,7.56
TK-TEE-SI,7.56
TK-TEE-WH,7.56
TK121-WH,38.61
TK123-SI,11.87
TK21-BL,38.85
TK21-WH,38.85
TKL202-SI,73.62
TKL401-500-WH,68.71
TKL401-BL,66.78
TKL503-BL,105.27
TKL503-SI,105.27
TKL503-WH,105.27
TKL504-BL,69.78
TKL504-WH,69.78
TKL706-BL,149.16
TKL706-WH,149.16
TL BASE 218-BK,30.39
TL BASE 218-WH,30.39
TL10-TRI-W,15.10
TL2143,77.94
TLED19-BL,34.89
TLED19-WH,34.89
TLED36-BL,61.75
TLED36-WH,61.75
TLED66-BL,62.35
TOBERA WB-BK,83.31
TOBERA WB-BZ,83.31
TOCA1,79.77
TOCA2,79.77
TOCA3,150.88
TOCA4,150.88
TOCADO1,104.45
TOCADO2,104.45
TOCADO3,104.45
TOE2530PRO,65.60
TOLARD WB-WH,30.86
TOLEDO-12 Chrome or Gold (8+4),1717.93
TOLEDO-18 Chrome or Gold,2405.87
TOLEDO-2-Chrome or Gold,325.05
TOLEDO-3 Chrome or Gold,582.95
TOLEDO-6 Chrome or Gold,926.97
TOLEDO-8 Chrome,1270.88
TOLINA-3L Black,434.34
TOLINA-3L Bronze/Chrome,457.88
TOLINA-5L Black,493.19
TOLINA-5L Bronze/Chrome,516.73
TOLOSA PE1-WH,55.17
TOMAC-1L,84.26
TOMAC-3L,204.60
TONIA-1L Concrete Pdt,80.41
TONINA-F/L (Gold Circle),293.10
TONINA-T/L (Gold Circle),151.86
TONKA-A2 Black/White,60.89
TONO1,111.64
TONO2,111.64
TONO3,111.64
TOPA0002,102.09
TOPATRI1,109.89
TOPATRI2,109.89
TORBEN PE160-BK,191.44
TORBEN PE160-BRW,191.44
TORBEN PE240-BK,279.80
TORBEN PE240-BRW,279.80
TOREN1,147.90
TORINO-40,304.87
TORINO-60,404.91
TORONTO-40 Beige/Coffee,155.82
TORONTO-60 Beige/Coffee,322.25
TORONTO-80 White/Beige/Coffee,552.26
TORPDC100,94.36
TORPDC150,141.95
TORQUE1,49.62
TORQUE2,49.62
TORQUE3,229.48
TORQUE4,229.48
TORQUE5,59.13
TORQUE6,59.13
TORQUE7,59.13
TORQUE8,59.13
TORQUE9,229.48
TORRE1,26.20
TORRE2,26.20
TORRE3,26.20
TORRE4,26.20
TORRE5,45.60
TORRE6,45.60
TORSO FL-BK,294.53
TORSO FL-BRS,314.16
TORSO PE3-BK,169.24
TORSO PE3-BRS,177.65
TORSO PE5-BK,209.44
TORSO PE5-BRS,222.53
TORSO PE5B-BK,301.07
TORSO PE9-BK,491.81
TORSO PE9-BRS,545.11
TORSO TL-BK,174.84
TORSO TL-BRS,183.26
TORSO WB-BK,119.68
TORSO WB-BRS,126.23
TOUL1EBLK,219.45
TOUL1EOBR,237.05
TOWER-Down Black/Beige,121.72
TOWER-Up Black/Beige,129.80
TP001,41.81
TPU90150 (90W/120W/150W SWITCHABLE),224.33
TR714-D36,10.08
TRAPANI-1L,104.06
TRAPEZIO-4P,308.50
TRATTINO1,82.23
TRATTINO1X3R,242.11
TRATTINO1X3S,242.11
TRATTINO2,82.23
TRATTINO2X3R,242.11
TRATTINO2X3S,242.11
TREEC,82.84
TREMONT EX-BK,266.48
TRENERO1,113.81
TRENERO2,113.81
TRESOR PE4-BKOM,134.08
TRESOR PE5-BKOM,156.52
TREVI-Black/Silver,59.51
TRI-Transparent,30.96
TRIAD-1L,217.36
TRIM90-BL,11.75
TRIM90-SC,11.75
TRIM90-WH,11.75
TRIM90S-GD,22.66
TRIM90S-SC,11.75
TRIM90S-WH,11.75
TRINA PE1-BK,48.62
TRINA PE10B-BK,321.64
TRINA PE12-BK,408.60
TRIPOD-Floor Lamp Wood or Black,257.62
TRIPOD-Table Lamp,156.64
TRIS1ELGGS,108.90
TRIS1ELGOBR,108.90
TRIS1ESMGS,93.50
TRIS1ESMOBR,93.50
TRK1BL1M,21.32
TRK1BL2M,40.19
TRK1BLADAP1,3.48
TRK1BLADAP2,3.48
TRK1BLCON1,4.98
TRK1BLCON2,6.93
TRK1BLCON3L,6.93
TRK1BLCON3R,6.93
TRK1BLCON4L1,10.01
TRK1BLCON4L2,10.01
TRK1BLCON4R1,10.01
TRK1BLCON4R2,10.01
TRK1BLCON5,13.77
TRK1BLCON6L,12.52
TRK1BLCON6R,12.52
TRK1BLEND,1.08
TRK1BLLIVEL,3.71
TRK1BLLIVER,3.71
TRK1WH1M,21.32
TRK1WH2M,40.19
TRK1WHADAP1,3.48
TRK1WHADAP2,3.48
TRK1WHCON1,4.98
TRK1WHCON2,6.93
TRK1WHCON3L,6.93
TRK1WHCON3R,6.93
TRK1WHCON4L1,10.01
TRK1WHCON4L2,10.01
TRK1WHCON4R1,10.01
TRK1WHCON4R2,10.01
TRK1WHCON5,13.77
TRK1WHCON6L,12.52
TRK1WHCON6R,12.52
TRK1WHEND,1.08
TRK1WHLIVEL,3.71
TRK1WHLIVER,3.71
TRK3BL1M,32.64
TRK3BL2M,62.82
TRK3BLADAP3,9.35
TRK3BLADAP4,8.17
TRK3BLCEILKIT1,9.35
TRK3BLCEILKIT2,5.83
TRK3BLCON1,7.49
TRK3BLCON2,18.80
TRK3BLCON3L,18.80
TRK3BLCON3R,18.80
TRK3BLCON4L1,28.89
TRK3BLCON4L2,28.89
TRK3BLCON4R1,28.89
TRK3BLCON4R2,28.89
TRK3BLCON5,37.68
TRK3BLCON6,31.39
TRK3BLEND,1.20
TRK3BLFLEXCON,24.63
TRK3BLLIVEL,8.75
TRK3BLLIVER,8.75
TRK3BLNIPCON,1.17
TRK3BLSUSCLAMP,9.35
TRK3BLSUSKIT1,12.87
TRK3BLSUSKIT2,12.87
TRK3BLSUSKIT3,12.87
TRK3BLSUSKIT4,12.87
TRK3BLSUSKIT5,12.44
TRK3WH1M,32.64
TRK3WH2M,62.82
TRK3WHADAP3,9.35
TRK3WHADAP4,8.17
TRK3WHCEILKIT1,9.35
TRK3WHCEILKIT2,5.83
TRK3WHCON1,7.49
TRK3WHCON2,18.80
TRK3WHCON3L,18.80
TRK3WHCON3R,18.80
TRK3WHCON4L1,28.89
TRK3WHCON4L2,28.89
TRK3WHCON4R1,28.89
TRK3WHCON4R2,28.89
TRK3WHCON5,37.68
TRK3WHCON6,31.39
TRK3WHEND,1.20
TRK3WHFLEXCON,24.63
TRK3WHLIVEL,8.75
TRK3WHLIVER,8.75
TRK3WHNIPCON,1.17
TRK3WHSUSCLAMP,9.35
TRK3WHSUSKIT1,12.87
TRK3WHSUSKIT2,12.87
TRK3WHSUSKIT3,12.87
TRK3WHSUSKIT4,12.87
TRK3WHSUSKIT5,12.87
TRKB1G002,25.81
TRKB3G002,31.69
TRKBLHDN,34.05
TRKTRI01,27.47
TRKTRI02,27.47
TRKTRI03,27.47
TRKTRI04,27.47
TRKTRI05,34.07
TRKTRI06,34.07
TRKTRI07,34.07
TRKTRI08,34.07
TRKW1G002,25.81
TRKW3G002,31.69
TROTTA-120 Black 48W,423.50
TROTTA-120 Gold 48W,423.50
TROTTA-120 White 48W,423.50
TROTTA-160 Black 59W,654.50
TROTTA-160 Gold 59W,654.50
TROTTA-160 White 59W,654.50
TRUMAN EX1-BK,54.51
TRUMAN EX1-WH,54.51
TRUMAN EX2-WH,78.17
TRUNK-PT Black LED 18W Disc,104.72
TRUNK-PT White LED 18W Disc,104.72
TRUNK-WB Black LED 18W Disc,105.88
TRUNK-WB White LED 18W Disc,105.88
TRUSO PE150-BKWL,136.46
TRUVON PE40-BK,129.97
TRUVON PE40-BKOK,129.97
TRUVON PE40-WH,129.97
TRUVON PE40-WHOK,129.97
TRUVON PE60-BK,153.34
TRUVON PE60-BKOK,153.34
TRUVON PE60-WH,153.34
TRUVON PE60-WHOK,153.34
TS-CAP-SI,2.16
TS-CORNERL-SI,15.83
TS-CORNERR-SI,15.83
TS-CROSS-SI,26.50
TS-ENDL-SI,12.23
TS-ENDR-SI,12.23
TS-FEED-SI,19.79
TS-MOUNT-SI,6.71
TS-TEEL1-SI,21.95
TS-TEEL2-SI,21.95
TS-TEER1-SI,21.95
TS-TEER2-SI,21.95
TS121-SI,22.90
TS122-SI,17.39
TS150-SI,70.03
TS1525,109.71
TS41035-SI,70.98
TS41370-SI,83.34
TS714-SI,113.19
TTUBE-4EWW,29.02
TUBE300-LEDWW,19.31
TUBE500-LEDWW,23.86
TUBERIA1,472.97
TUBO1,41.43
TUBO2,41.43
TUFO-W1,216.28
TUFO-W2,569.22
TUFO1,216.28
TUILE1,75.41
TUILE2,75.41
TUILE3,75.41
TUILE4,125.73
TUILE5,125.73
TUILE6,125.73
TULIP1,99.87
TULIP1X3R,293.83
TULIP1X3S,293.83
TULIP2,99.87
TULIP2X3R,293.83
TULIP2X3S,293.83
TULS1EBLK,68.75
TULY-1P BLACK,163.62
TULY-1P GOLD,163.62
TULY-6L Spiral Black,1263.90
TUNNEL-A1 BLACK GU10,46.53
TUNNEL-A1 P/ALUM GU10,51.04
TUNNEL-A2 BLACK GU10,61.88
TUNNEL-A2 P/ALUM GU10,72.27
TURA2ELGWHT,97.35
TURA2ESMWHT,84.15
TURAN-A1-12W CCT,370.70
TURIN FL3-BK,79.66
TURIN FL3-KH,79.66
TURIN PE5-BK,98.18
TURIN PE5-KH,98.18
TURIN TL-BK,50.49
TURIN TL-KH,50.49
TWINY-2L Floor Lamp,402.44
TWIST-28W Black Pdt,297.66
TWIST-28W White Pdt,297.66
TWISTER-1 METRE,3118.89
TWISTER40CTC-G,2390.36
TWISTER40CTC-G-1METRE,3118.89
TWISTTORCH,48.57
TWO-1P BLACK,87.67
TX-ST60,6.60
TX-ST60FP,7.70
TYLER FL-BK,77.56
TYLER FL-NK,77.56
TYLER FL-WH,77.56
TYLER TL-BK,56.94
TYLER TL-WH,56.94
TYSON PE06-AGAMT,239.64
TYSON PE06-AGCLP,239.64
TYSON PE06-AGFRT,239.64
TYSON PE06-AGOM,239.64
TYSON PE06-AGSM,239.64
TYSON PE06-AGSMT,239.64
TYSON PE06-BKAMT,239.64
TYSON PE06-BKCLP,239.64
TYSON PE06-BKFRT,239.64
TYSON PE06-BKOM,239.64
TYSON PE06-BKSM,239.64
TYSON PE06-BKSMT,239.64
Tijuana,177.58
UA4240/3000WH,49.50
UA4240/4000WH,49.50
UA4245/3000WH,71.50
UA4245/4000WH,71.50
UA4262SIL,16.50
UA4510WH,48.18
UA4650SIL,22.00
UA4650WH,22.00
UA4651WH,22.00
UA4662WH,22.00
UA4663WH,22.00
UA4695BK,65.78
UA4695WH,65.78
UA4703BC,22.00
UA4704WH,22.00
UA4833WH,22.00
UA50913BA,82.50
UA50913BK,82.50
UA50913WH,82.50
UA51894/60CH,55.00
UA51894/90CH,66.00
UA52393WH,44.00
UA52503/40SS,148.50
UA59307/4000WH,54.89
UA7355/15BK,87.12
UA7355/15WH,87.12
UA7355/20BK,107.80
UA7355/20WH,107.80
UA7362BK,64.90
UA7362WH,64.90
UA7363BK,86.90
UA7363WH,86.90
UA7370GP,242.00
UA7410BK,22.00
UA7410GP,22.00
UA7411BK,22.00
UA7411GP,22.00
UA7785SS,65.45
UA7787CO,110.00
UA7801BK,22.00
UA7801GY,22.00
UA7814/60,55.00
UCCI-A1 6+1W Black 150x150x90m,70.57
UCFR,33.88
UL2149-CH,70.98
UL6021-AB,149.75
ULAN1,97.17
ULAN2,97.17
UMIN2EBLK,68.75
UMIN2ECHA,68.75
UMIN2EWHT,68.75
UNIVERSE-13W S/ST 3000/6000,44.66
UNIVERSE-13W WHITE 3000/6000,43.51
UNO-1P BLACK/WHITE,87.67
UPTON CTC-BK,18.51
UPTON EX-BK,19.54
URB1SBLK,50.60
URB1SWHT,50.60
URB2RBLK,105.60
URB2RWHT,105.60
URB3RBLK,141.90
URB3RWHT,141.90
URB4RBLK,183.70
URB4RWHT,183.70
UTICA CTC-WH3C,126.23
UXR10,78.94
UXT10,78.94
V100DKIT,12.51
V100FG,4.93
V100FL,6.12
V100FLBL,6.81
V100GL,4.66
V100GL-BL,6.81
V100GS,4.66
V100RDG,4.66
V100RDGBL,6.81
V100WPC,10.24
V100WPCBL,12.40
V100WRIG,11.97
V125FG,7.55
V125FL,7.20
V125FLBL,9.36
V125GL,7.20
V125GL-BL,9.36
V125GS,7.20
V125RDG,7.20
V125RDGBL,9.36
V125WPC,13.24
V125WPCBL,15.44
V125WRIG,14.21
V150-150-150BTO,20.29
V150BAL40E,24.99
V150BAL40W,28.91
V150DKIT,24.95
V150FG,9.20
V150FG-M,9.20
V150FL,8.74
V150FLBL,11.05
V150GL,8.74
V150GL-BL,11.05
V150GS,11.05
V150JD,21.14
V150PALG,59.37
V150RDG,8.74
V150RDGBL,11.05
V150SSW,10.13
V150WPC,17.09
V150WPCBL,19.21
V150WRIG,18.67
V150Y,8.12
V200-150-150BTO,24.56
V200-150-150Y,14.44
V200-200-150BTO,28.03
V200-3X150DBTO,22.52
V200BTO,24.56
V200DJ,13.74
V200FG,28.37
V200JD,34.69
V200WRIG,22.10
V250-3X200DBTO,28.45
V31RFR,71.69
VA 1002-Small           (1),149.66
VA 1004 Large          (3),221.87
VA 1014 XL               (4),411.01
VA 1043 XXL             (5),479.82
VA 1300,221.87
VA 1304,256.25
VA 1315 Small,389.29
VA 1316-Large,420.53
VA 1330,507.32
VA 3173 S/Chrome,325.05
VA 3273-Chrome,325.05
VA 3415,187.44
VA 3653,221.87
VA 3655,393.80
VA 3672,239.03
VA 3674,342.21
VA 3680,289.25
VA 3690,239.03
VA 3694 Chrome,628.49
VA 3695 CHROME,462.61
VA 3696 SILVER,462.61
VA 3697,290.68
VA 3698,484.61
VA 3712,295.46
VA 4852 Large,930.16
VA 4879-Small,620.62
VA 4881 Medium,825.44
VA 4882 Large,1110.95
VA 5143XL Black,434.61
VA 5144 Black,221.87
VA 5153XL Red,434.61
VA 5154 Red,221.87
VA 5160N Black/Orange,153.07
VA 5163 Blue,153.07
VA100TWK,19.44
VAD100,7.55
VAD100-6,11.47
VAD100-B,8.35
VAD125,10.93
VAD125-6,12.71
VAD125-B,10.82
VAD150,15.36
VAD150-3,10.09
VAD150-B,8.66
VAD200-3,13.28
VAD200-6,18.75
VAD200-B,13.78
VAINA1,46.97
VAINA2,46.97
VAINA3,46.97
VAINA4,46.97
VALDA TL-BKIV,83.22
VALDA TL-BLIV,83.22
VALDA TL-BRWIV,83.22
VALDA TL-GNIV,83.22
VALDA TL-TPIV,83.22
VALE FL-BK,144.93
VALE TL-AGIV,92.57
VALERIE BF22-CH,92.57
VALERIE PE60-GD,419.81
VALETA-8W 1L Post Black/Silver,201.69
VALETA-8W BO Black/Silver,103.07
VALETA-8W WB Black/Silver,85.86
VALLEJO PE60-NAT,137.45
VALLEJO PE80-NAT,177.65
VALMONT PE-BRS,268.35
VALORA FL2-BZNAT,114.07
VALORA FL2-GMBK,114.07
VALORA TL-BZNAT,57.04
VALORA TL-GMBK,57.04
VALTOR FL-BK,116.08
VALTOR FL-WH,116.08
VALTOR TL-BK,58.06
VALTOR TL-WH,58.06
VAN-448B-BA,200.97
VAN-448B-BA-L,233.31
VAN-448B-BK,184.03
VAN-448B-BK-L,216.37
VAN-448B-KO,200.97
VAN-448B-KO-L,233.31
VAN-448B-TE,200.97
VAN-448B-TE-L,233.31
VAN-448W-BA,200.97
VAN-448W-BA-L,233.31
VAN-448W-KO,200.97
VAN-448W-KO-L,233.31
VAN-448W-TE,200.97
VAN-448W-TE-L,233.31
VAN-448W-WH,184.03
VAN-448W-WH-L,216.37
VAN-452B-BA,212.52
VAN-452B-BA-L,244.86
VAN-452B-BK,195.58
VAN-452B-BK-L,227.92
VAN-452B-KO,212.52
VAN-452B-KO-L,244.86
VAN-452B-TE,212.52
VAN-452B-TE-L,244.86
VAN-452W-BA,212.52
VAN-452W-BA-L,244.86
VAN-452W-KO,212.52
VAN-452W-KO-L,244.86
VAN-452W-TE,212.52
VAN-452W-TE-L,244.86
VAN-452W-WH,195.58
VAN-452W-WH-L,227.92
VAN-456B-BA,224.07
VAN-456B-BA-L,256.41
VAN-456B-BK,207.13
VAN-456B-BK-L,239.47
VAN-456B-KO,224.07
VAN-456B-KO-L,256.41
VAN-456B-TE,224.07
VAN-456B-TE-L,256.41
VAN-456W-BA,224.07
VAN-456W-BA-L,256.41
VAN-456W-KO,224.07
VAN-456W-KO-L,256.41
VAN-456W-TE,224.07
VAN-456W-TE-L,256.41
VAN-456W-WH,207.13
VAN-456W-WH-L,239.47
VANIDAD1L,177.08
VANIDAD2L,177.08
VANITAS1L,165.01
VANITAS1M,135.82
VANITAS1S,111.67
VANITAS2L,165.01
VANITAS2M,135.82
VANITAS2S,111.67
VANITAS3L,177.08
VANITAS3M,147.90
VANITAS3S,118.71
VANITY-1,248.49
VANITY-2,364.50
VANITY-4L BLACK/WHITE,366.30
VANTEL PE2T-BK,250.58
VANTEL PE40-BK,158.02
VANTEL PE60-BK,191.68
VANTEL PE80-BK,250.58
VAP-445M-BK,89.32
VAP-445M-BK-L,121.66
VAP-445M-WH,89.32
VAP-445M-WH-L,121.66
VAP-448B-BA,111.65
VAP-448B-BK,94.71
VAP-448B-KO,111.65
VAP-448B-TE,111.65
VAP-448B-WH,94.71
VAP-452B-BA,123.20
VAP-452B-BK,106.26
VAP-452B-KO,123.20
VAP-452B-TE,123.20
VAP-452B-WH,106.26
VAP-456B-BA,134.75
VAP-456B-BK,117.81
VAP-456B-KO,134.75
VAP-456B-TE,134.75
VAP-456B-WH,117.81
VAPFV100,50.09
VARA1,62.51
VARA2,62.51
VARA3,66.30
VARA4,66.30
VARA5,66.97
VARA6,66.97
VARA7,70.84
VARA8,70.84
VARDO TL-BKAG,241.23
VARILLAS1,106.52
VARILLAS2,100.60
VARILLAS3,100.60
VARILLAS4,82.48
VARILLAS5,82.48
VARLIN FL5-BKMR,146.28
VARLIN PE12-BKMR,214.02
VARLIN PE15-BKMR,380.92
VARLIN PE18-BKMR,325.94
VARLIN TL3-BKMR,86.39
VARON WB-BEAMT,84.43
VARON WB-BEFRT,84.43
VARON WB-BEOM,64.80
VARON WB-BESM,84.43
VARON WB-BESMT,84.43
VARON WB-BKAMT,84.43
VARON WB-BKCLP,84.43
VARON WB-BKFRT,84.43
VARON WB-BKOM,64.80
VARON WB-BKSM,84.43
VARON WB-BKSMT,84.43
VASF100T,60.95
VASF125B,59.25
VASF125T,73.61
VASF150B,70.49
VATK150,123.47
VBDS100,9.36
VBDS125,12.74
VBDS150,16.13
VBDS200,19.56
VCN-1800EXT-BK,40.81
VCN-1800EXT-WH,40.81
VCN-900EXT-BK,21.56
VCN-900EXT-WH,21.56
VDA100-150,10.36
VDA200-150,16.48
VEANA TL-AGCLBK,93.27
VEANA TL-CHCLIV,93.27
VEC1SBLK,21.45
VEC1SWHT,21.45
VEC2RBLK,43.45
VEC2RWHT,43.45
VEC3RBLK,65.45
VEC3RWHT,65.45
VEC4RBLK,87.45
VECTORDCSMART,50.22
VEDLKWH,120.27
VEG-01W,99.00
VELA,39.07
VELDEN PE01-CP,116.08
VELDEN PE04-CP,215.10
VELDEN PE06-CP,299.15
VELDEN PE12-CP,585.26
VELDEN WB-CP,47.03
VELICE TL-BK,49.55
VELICE TL-VB,49.55
VELICE TL-WH,49.55
VENEK-1,102.85
VENETO-T1,68.31
VENETO-T2,120.03
VENETO-W1,115.92
VENETO-W2,182.20
VENETO1BK,66.20
VENETO1X3BK,182.20
VENICEG2,144.09
VENTOLA-T/LAMP,151.14
VERANO PE-BRS,41.23
VERANO PE-CP,41.23
VERANO PE-GM,41.23
VERCELLI-12+8+4L Black,5211.20
VERCELLI-3L Black,528.61
VERDI-34,217.36
VERDI-41W Brown Wood Finish,273.90
VERDUN PE26-AGFR,101.82
VERDUN PE40-AGFR,208.79
VERGARA-LG W/B,133.82
VERGARA-SM W/B,74.25
VERIK FL-BE,83.45
VERIK FL-BK,83.45
VERIK FL-BRSBK,89.34
VERIK TL-BE,39.27
VERIK TL-BK,39.27
VERIK TL-BRSBK,43.20
VERO1EBLK,141.90
VERO1EOBR,148.50
VERSO TL-BK,55.17
VERSO TL-BL,55.17
VERSO TL-CF,55.17
VERSO TL-GN,55.17
VERSO TL-IV,55.17
VESTAL PE4-BK,226.27
VESTAL PE6-BK,352.50
VEXOR EX33-BK,148.67
VEXOR EX43-BK,170.17
VEXOR EX55-BK,201.96
VEXRS316900,76.50
VF surcharge if not box quantity,3.30
VF09                    BOX                (36),13.14
VF10                    BOX                (24),17.11
VF11                    BOX                (36),17.11
VF14                    BOX               (36),14.03
VF16                    BOX               (36),14.58
VF17 FROST      BOX               (48),14.19
VF18                    BOX                (48),14.19
VF19 Amber,14.91
VF20                    BOX                (36),14.91
VF21                    BOX                (36),14.91
VF22                    BOX                (24),14.91
VF23                    BOX                (36),21.61
VF25-200,22.66
VF25-LIPLESS,23.38
VF26,17.11
VF27,22.55
VF28,14.91
VF28-SATIN,14.91
VF31,15.51
VF33,49.12
VF35,14.91
VF36,17.11
VF37,17.11
VF47,29.37
VF48,22.55
VF49,29.37
VF50,29.10
VF54,46.53
VF55,22.71
VF709-SATIN,24.97
VHF2W,177.02
VHF4W,190.07
VHL275,8.28
VICENZA-F/Lamp Black,340.18
VICENZA-F/Lamp Wood,340.18
VICENZA-T/L Black,179.96
VICENZA-T/Lamp Wood,179.96
VICO-2,63.86
VID150R06-6,50.13
VID200R06-6,60.33
VIDA TL-AGCRM,36.32
VIDA TL-NKIV,36.32
VIENNA,245.17
VIESTE-1 Adjust,170.44
VIESTE-2 Adjust,300.14
VIEW-45 Led Mirror,653.12
VIFTU1,113.82
VIGGO RD22-BK,18.00
VIGGO RD22-WH,18.00
VIGGO RE27-BK,18.00
VIGGO RE27-WH,18.00
VIGOL,69.41
VIKEN TL-AGCH,50.49
VIKEN TL-AGGD,50.49
VIKEN TL-AGOM,50.49
VILLAKU1,76.69
VILLAKU2,76.69
VILMA TL-WHWH,219.73
VINTAGE-8E64,10.55
VINTAJ1,79.30
VINTAJ10,76.03
VINTAJ11,76.03
VINTAJ12,76.03
VINTAJ13,82.57
VINTAJ14,82.57
VINTAJ15,82.57
VINTAJ16,82.57
VINTAJ17,82.57
VINTAJ18,82.57
VINTAJ1W,79.31
VINTAJ2,79.30
VINTAJ2W,79.31
VINTAJ3,79.30
VINTAJ3W,79.31
VINTAJ4,79.30
VINTAJ4W,79.31
VINTAJ5,79.30
VINTAJ5W,79.31
VINTAJ6,79.30
VINTAJ6W,79.31
VINTAJ7,76.03
VINTAJ8,76.03
VINTAJ9,76.03
VINUM1,69.30
VINUM1W,66.95
VINUM2,69.30
VINUM2W,66.95
VIRELL PE3-CH,173.91
VIRELL PE3-GD,173.91
VIRELL PE6-CH,391.76
VIRELL PE6-GD,391.76
VIRELL PE9-CH,584.38
VIRELL PE9-GD,584.38
VIRELL WB2-CH,106.59
VIRELL WB2-GD,106.59
VIRUN1,191.17
VIST1PLEDBLK,361.90
VIST1PLEDGLD,416.90
VIST1PLEDWHT,361.90
VISTA-F/Lamp,658.90
VITA EX2-BK,67.32
VITA EX2-SL,67.32
VIVIAN TL-CHWH,55.02
VIVIAN TL-GDWH,55.02
VMEV,487.06
VMEV-KIT,644.22
VMFA150,18.33
VMFIL100,78.62
VMFIL150,124.59
VMFIL200,190.07
VMFK150,35.69
VOLAR G3-BK324,23.38
VOLAR G3-SS324,23.38
VOLEN PE1-BKSM,93.27
VOLEN PE4B-BKSM,313.18
VOLEN PE5-BKSM,418.23
VOLTA-FL-BLK/BRZ,127.05
VOLTA-TL-BLK/BRZ,84.70
VOSTEL EX1-AB,85.88
VOSTEL EX1-BRS,85.88
VOSTEL EX1-SS,85.88
VOSTEL EX2-AB,118.37
VOSTEL EX2-BRS,118.37
VOSTEL EX2-SS,118.37
VOTIF1,637.02
VOX1,105.38
VOX2,105.38
VOX3,173.18
VPR9752IP54-72-5M,63.91
VPR9760IP54-320-2M,29.11
VPR9760IP54-320-5M,52.59
VPR9761IP54-320-2M,29.11
VPR9761IP54-320-5M,52.59
VPR9762IP54-320-2M,29.11
VPR9762IP54-320-5M,52.59
VPR9763IP54-320-2M,33.96
VPR9763IP54-320-5M,63.06
VPR9764IP54-320-2M,33.96
VPR9764IP54-320-5M,63.06
VPR9765IP54-320-2M,33.96
VPR9765IP54-320-5M,63.06
VPR9793IP67-320-2M,52.59
VPR9793IP67-320-5M,101.10
VPR9794IP67-320-2M,52.59
VPR9794IP67-320-5M,101.10
VR63LED,12.59
VR63LEDWW,12.59
VR80LED,12.13
VRFR,52.82
VSH1800-R,327.67
VSH2400,411.18
VSLF100,47.05
VSLF125,54.75
VSLF150,62.37
VSP3,56.06
VSP6,67.50
VTMSENSOR,44.35
VTROTIMER,31.45
VUBHR,77.69
VUF150WH,77.31
VWF150AS,97.29
VWF150EG,8.70
VWF150FG,17.48
VWX100,44.08
VWX100T,69.61
VWX125,51.36
VWX125T,77.27
VWX150,58.60
VXL100,102.39
VXL200,170.46
VXL35,65.78
VYBOR FL-BEIV,181.62
VYBOR TL-BEIV,142.35
Vanitas1L,165.01
Vanitas1M,135.82
Vanitas1S,111.67
Vintaj1,79.30
Vintaj10,76.03
Vintaj11,76.03
Vintaj12,76.03
Vintaj13,82.57
Vintaj14,82.57
Vintaj15,82.57
Vintaj16,82.57
Vintaj17,82.57
Vintaj18,82.57
Vintaj2,79.30
Vintaj3,79.30
Vintaj4,79.30
Vintaj5,79.30
Vintaj6,79.30
Vintaj7,76.03
Vintaj8,76.03
Vintaj9,76.03
Votif1,637.02
W04-500,26.26
W04-501,26.26
W04-502,26.26
W04-504,26.26
W05-081,54.21
W06-015,15.25
W06-017,15.25
W06-018,15.25
W06-020,15.25
W06-022,26.26
W06-023,15.25
W06-025,1.69
W06-026,26.26
W06-027,1.69
W06-028,15.25
W9B2211,1.83
W9B2213,3.04
W9B22LED15,6.63
W9B22LED17,5.09
WAL01-W,99.00
WAL45-DC,178.02
WAL75-DC,233.43
WALSH EX2-AB,157.36
WALSH EX2-BRS,157.36
WALSH EX2-SS,157.36
WALTON EX-BK,112.90
WAND1,141.86
WAND2,141.86
WAND3,141.86
WANDA-1 BLACK,73.65
WARET-1  White,186.01
WB 1072-Dark Wood,307.84
WB 1082-Light Wood,307.84
WB 1405-Chrome,290.68
WB 1406-Chrome,221.87
WB 2208,60.06
WB 3695 Grey,393.80
WB 3696 Chrome,462.61
WB 4850-Chrome,378.35
WB 4851,512.49
WB 4878-A1,203.12
WB 4886-A1-Murano,336.11
WB 4896,406.29
WB 537-1L,110.06
WB 539-2L,153.07
WB 6410,142.23
WB 6613-A1,312.51
WB 71572-A,110.11
WB 71590,170.28
WB 9217,46.42
WB 9706,36.14
WB 9720,67.98
WBF110,3.48
WBF145,3.96
WBP110,3.48
WBP145,3.84
WCK-S01-WH,18.48
WCKIT,132.44
WCKIT-L,132.44
WEB-1P BLACK,89.16
WEB-1P Copper,118.91
WEDGEGBL,42.98
WEDGEGC,55.39
WEDGEGSS1,42.98
WEDGEGWH,42.98
WEMBLEY-300 PDT BLACK,127.22
WEMBLEY-300 PDT GOLD,174.90
WEMBLEY-650 Gold,340.18
WEMBLEY-650 PDT Antique Gold,304.87
WEMBLEY-650 PDT BLACK,249.09
WEMBLEY-650 PDT White,249.09
WEMBLEY-800 Gold,465.96
WEMBLEY-800 PDT BLACK,416.90
WEMBLEY-800 PDT White,416.90
WESTIN EX-BK,111.27
WF-36-WH,46.88
WFT5-28-WH,38.49
WFT5-35-WH,38.49
WFT5-70-WH,38.49
WHI-3PN-30-G9-AM-GD,133.98
WHI-3PN-30-G9-CL-GD,133.98
WHI-3PN-30-G9-SM-GD,133.98
WHI-APN-BK,23.10
WHITEBAND1X3,202.08
WHITEBAND2X3,202.08
WHITEBAND5,61.24
WHITEBAND6,61.24
WIFIM099,40.66
WIG2,53.70
WIGTRI1,96.34
WIGTRI2,96.34
WINDSCREENREPKIT,24.31
WINDSOR F/L,707.25
WISHES TL-BKIV,49.09
WISHES TL-BLIV,49.09
WISHES TL-RDIV,49.09
WL-201,19.79
WL100,43.41
WL1091-WH,67.86
WL1135-SC,35.01
WL1166,44.85
WL1174-SC,23.27
WL1273-BL,72.90
WL1273-SC,72.90
WL1273-WH,72.90
WL1277-AB,108.15
WL1277-BL,108.15
WL1277-SC,108.15
WL1602,64.87
WL1606,63.30
WL1647,26.14
WL1669,23.74
WL167-WH,35.38
WL1674-CH,78.42
WL1674-WH,78.42
WL1686-WH,101.55
WL1687-WH,130.45
WL1688-WH,164.38
WL170-BL,47.25
WL170-WH,47.25
WL2109-S,56.72
WL2198,58.16
WL2252-WH,101.32
WL2671-AB,81.77
WL309-BL,28.90
WL309-SG,28.90
WL309-WH,28.90
WL31-BS,58.87
WL3259-AB,71.46
WL3259-CH,71.46
WL3361,83.22
WL3371,35.61
WL3413,46.05
WL362,35.26
WL366,35.26
WL3781-WH,41.84
WL3788-WH,70.38
WL3867-BL,88.01
WL3867-GD,88.01
WL3867-WH,88.01
WL4046-MX,31.78
WL4337,83.69
WL6010-BL,62.47
WL6010-WH,62.47
WL6261-BZ,44.36
WL6410-AB,65.82
WL6410-BL,58.99
WL6410-WH,58.99
WL6519-AB,194.24
WL6519-SC,194.24
WL7031-BL,157.31
WL7031-WH,157.31
WL75,90.41
WL8189,67.75
WL8339,91.61
WL8429,91.61
WL8436,56.84
WL8445,93.76
WL8446,136.09
WLC2163,55.76
WLL9287-BL,38.97
WLL9287-RD,38.97
WLS9287-RD,35.01
WLS9287-WH,35.01
WM5070,230.92
WORTH-A1,392.43
WP0601-TRI,63.49
WP1201-TRI,66.24
WP1201-TRI-EMB,141.28
WP1201-TRI-EMB-MMS,190.48
WP1201-TRI-MMS,141.28
WRSAX200,50.09
WRSAX250,53.01
WYNERY-3,323.07
WYNERY-6,409.48
WYNERY-8,525.58
WYNN EX8-BK,35.53
WYNN EX8-SL,35.53
X330MWDIM,44.53
XBE620WH,39.27
XBH1514,18.12
XDA10,60.52
XDC10,60.52
XDF10,60.52
XDG10,60.52
XDH10,60.52
XDI10,60.52
XDJ10,60.52
XDK10,60.52
XDQ10,60.52
XDR10,60.52
XDRL10,60.52
XDT10,60.52
XDTL10,60.52
XDV10,154.44
XFA10,74.36
XFB10,62.92
XFC0373,6.19
XFC0374,6.89
XFC1823,7.01
XFC1824,7.67
XFC3603,7.01
XFC3604,7.79
XFC4763,7.01
XFC4764,7.79
XFC4765,8.40
XFC4766,10.57
XFC5983,6.75
XFC5984,7.79
XFC6403,7.02
XFC6404,8.47
XFC7003,7.26
XFC7403,6.42
XFC8584,9.65
XMA10,64.98
XMA210,140.14
XMA310,200.77
XO290,161.78
XO300,166.01
XO304,175.33
XO308,170.25
XOL295,188.88
XOL302,193.12
XOL306,202.43
XOL310,197.35
XSEN002PIR,18.49
XSEN003MW-BLK,23.65
XSEN003PIR,18.26
XSEN003PIR-BLK,18.26
XSEN005PIR,18.83
XSEN006WHT,29.24
YARRA,27.50
YL2027-15 CTC,541.70
YL2111-16-Blk/Coffee,2080.82
YL2111-6-Beige/Blk/Coffee,754.82
YL2111-A1-Beige/Blk/Coffee,111.65
YL2111-A2 Beige/Blk/Coffee,187.33
YORK1EBLK,94.60
YORK1EBRZ,94.60
YORK1EGS,103.40
YORK1EOBR,103.40
YORK1EWHT,94.60
ZACHA-4L Black,504.96
ZACHA-4L Gold,563.80
ZAFRA CTC54-BK,258.20
ZAFRA PE2T-BK,215.00
ZAFRA PE3T-BK,369.14
ZAFRA PER-BK,277.84
ZAHA PE01-AGCR,56.94
ZAHA PE01-CHCR,56.94
ZAHA PE04-CHCR,238.43
ZAHA PE10-AGCR,503.97
ZAHA TL2-AGCR,121.55
ZAHA TL2-CHCR,121.55
ZAHA WB1-AGCR,63.81
ZAHA WB1-CHCR,63.81
ZAL-ADL-BK,2.31
ZAL-ADL-BN,2.31
ZAL-ADL-BR,2.31
ZAMORA PE-NAT,153.34
ZANZIBAR-720 BLACK                     NETT,1094.61
ZANZIBAR-720 GOLD                       NETT,1094.61
ZANZIBAR-750 BLACK                     NETT,1412.40
ZANZIBAR-750 GOLD                       NETT,1412.40
ZARA10A,240.21
ZARA1A,115.92
ZARA1PBLK,86.90
ZARA1PCH,75.90
ZARA2A,115.92
ZARA3A,115.92
ZARA4A,115.92
ZARA5A,115.92
ZARA6A,240.21
ZARA7A,240.21
ZARA8A,240.21
ZARA9A,240.21
ZARTON-1 ADJ BLK,54.95
ZARTON-1 DOWN,51.98
ZARTON-2L UP/DN BLACK,59.40
ZAZ-9DL-13W-WH,9.24
ZECCA FL6-AGFR,491.81
ZECCA FL6-BKFR,491.81
ZECCA FL6-BKSM,491.81
ZECCA PE3H-AGFR,273.96
ZECCA PE3H-BKFR,273.96
ZECCA PE3H-BKSM,273.96
ZECCA PE3V-BKFR,241.23
ZECCA PE3V-BKSM,241.23
ZECCA PE6-AGFR,441.32
ZECCA PE6-BKFR,441.32
ZECCA PE6-BKSM,441.32
ZECCA TL3-AGFR,216.92
ZECCA TL3-BKFR,216.92
ZECCA TL3-BKSM,216.92
ZECCA WB-AGFR,64.52
ZECCA WB-BKFR,64.52
ZECCA WB-BKSM,64.52
ZEIGEL-F1,274.89
ZEIGEL-F2,329.87
ZEIGEL-T1,109.96
ZEIGEL-T2,115.48
ZEKO-F/L (Gold/Blk/White/Square),293.10
ZEKO-T/L (Gold/Blk/White/Square),151.86
ZEP40PC,63.02
ZEP40R,73.38
ZERO-7-P/M BLACK,247.50
ZERO-7-P/T,262.90
ZERO-7-PDT,247.50
ZERO-7-W/B BLACK,247.50
ZIGZAG-A1,256.41
ZIM03N-W-ZIM03BL-SH,88.00
ZIOLA-30 DIY,47.03
ZIOLA-30 SQUARE Oyster,47.03
ZIOLA-40 DIY,70.57
ZIRON EX10-BK,20.57
ZIRON EX10-WH,20.57
ZIRON EX18-BK,25.71
ZIRON EX18-WH,25.71
ZODI12WLEDBLK,97.90
ZODI12WLEDWHT,97.90
ZODI16WLEDBLK,108.90
ZODI16WLEDWHT,108.90
ZODI20WLEDBLK,119.90
ZODI20WLEDWHT,119.90
ZODIAC-1A,123.53
ZODIAC-4CTC,373.62
ZODIAC-6CTC,529.98
ZOFIO PE44-OBCL,513.32
ZOFIO PE56-OBCL,336.04
ZOLA2BLK,346.50
ZOLA2GLD,401.50
ZOLA2WHT,346.50
ZOLA3BLK,467.50
ZOLA3GLD,533.50
ZOLA3WHT,467.50
ZONDER WB-AG,91.63
ZONDER WB-BK,91.63
ZONE15FILTER1,6.31
ZONE15FILTER2,6.31
ZONE15FILTER3,6.31
ZONE15FILTER4,6.31
ZONE15LENS1,12.67
ZONE1WH,124.70
ZONE36LENS1,12.67
ZONE36LENS2,25.40
ZONE36LENS3,25.40
ZONEBARNWH,31.76
ZONECOLOUR,95.38
ZONEHONEY,4.19
ZONEREF1,5.26
ZONERING1WH,12.67
ZONERING2WH,17.97
ZONESHADE1WH,13.74
ZONESHADE2WH,12.67
ZOY01N-T-ZOY04S-SH,154.00
ZSB20-TRI,63.15
ZSB38-TRI,66.69
ZSB38-TRI-EMB,119.55
ZT-051B Black Spike,55.83
ZT-051B Silver Spike,55.83
ZT-054 Black,67.10
ZT-054 Silver,67.10
ZT-054BT Black,103.18
ZT-054BTB Silver,103.18
ZT-055 Black,55.83
ZT-055 Silver,55.83
ZT-055BT Black,84.26
ZT-055BT Silver,84.26
ZT-056 Black,43.01
ZT-056 Silver,43.01
ZT-056BT Black,84.26
ZT-056BT Silver,84.26
abbey1,256.04
abbey2,286.15
